{"name": "2021-06-01_lossweights021_9", "configs": {"pop_size": 100, "mutation_rate": 0.01, "emb_layers": ["layer_1_act", "layer_2_act"], "recomb_layers": ["layer_1_linear", "layer_2_linear", "output"], "epochs": 1, "loss_weights": [0, 2, 1]}, "results": {"fitness": {"averages": [0.2560889770172188, 0.10244906122339771, 0.08858769265783574, 0.011573186539293014, -0.023584852458025454, 0.01654641999789357, 0.022934233768067216, -0.03515908650231343, -0.11841010996952922, -0.07973027886425817, -0.03687480944431942, 0.0015011188813275976, -0.03128753466186605, -0.09716038011028896, -0.10289967457284162, -0.06406394136801784, -0.12601884150148604, -0.053885110802512036, -0.08519349438376621, -0.018010768834536485, -0.002423398308911068, -0.07888890852449819, -0.10068291605385885, -0.051536670215014076, -0.057943180044878126, -0.059238068695113395, -0.10982446784489536, -0.049089423611182445, -0.00438580688297526, -0.03417651141284806, 0.012690234839748148, -0.11691792631749505, -0.004105142528677434, -0.037973488995542905, -0.011611775432028168, 0.0040833002059990076, -0.00010225536431464317, -0.014142881997929393, -0.017267519978734557, -0.08281825528457658, 0.0037502773661134002, -0.07903932663812614, -0.14909329168453792, -0.009523329018689545, 0.06263445584607819, -0.0144214005445872, 0.0044292087516899685, -0.02630623430966926, -0.07290028454427769, 0.000673481690701353, 0.04210412554863002, 0.04292764992843958, -0.0134556943402046, 0.09342735649558492, -0.01043068029371906, -0.040817423121921804, -0.11468819994284081, 0.0076755106040554385, 0.10827720161072822, 0.028280586188921077, 0.07386781806466203, -0.013847080243164032, 0.049886298080138385, 0.11636365666269267, 0.025744962780150548, 0.04229401487236112, 0.12524465372170324, 0.047014619844827736, 0.08353179368863393, 0.012753625823851075, 0.09825232877693141, 0.11638274092868739, 0.07713164874180387, 0.01947651258484728, 0.01937353342924357, 0.10303603809719859, 0.08359152736541776, 0.018737319267779926, 0.11301167342866561, 0.13733387092742635, 0.08331583642862124, 0.07845453289834263, 0.13871164533275487, 0.1069531352703504, 0.12975265913210385, 0.13233810224864725, 0.1961255824863956, 0.13691303455813542, 0.14973692558870985, 0.15318647556633935, 0.1650951961366167, 0.13541155837071875, 0.1575035784789169, 0.14693621338689383, 0.10004181381967191, 0.12407532431367901, 0.17877328270100307, 0.21436976752319045, 0.16677724332360339, 0.2031910678528556, 0.2536451277276051], "best": [0.3808032215298027, 0.3363116706126224, 0.3537028883494272, 0.35001033710387225, 0.3204947493557678, 0.2466870048323302, 0.2542455680629395, 0.21847655792792894, 0.14222108622800755, 0.2341200850996149, 0.23033712518729454, 0.24013872570261555, 0.1930779759236333, 0.1743853417661131, 0.21026024129212031, 0.11807754814135107, 0.13416067034685714, 0.16585112454798215, 0.17525064430191228, 0.20001426800402772, 0.19500862938319602, 0.18518789325120663, 0.14124575041963333, 0.20026783223377298, 0.15573111351429367, 0.16368024316199642, 0.11155334727614413, 0.18273225691353012, 0.2477366322720988, 0.23319797571276948, 0.22931277311583437, 0.1165108947312723, 0.1950746779730103, 0.13507218877107213, 0.17393175576421344, 0.20404242218774504, 0.18422880093904903, 0.18259780837203088, 0.1679485972484998, 0.10644341400233326, 0.20763191280289905, 0.12262044903955582, 0.07042210703493068, 0.14797983657694236, 0.19996054317204737, 0.13965375252009904, 0.19489429482369408, 0.17394395766354853, 0.1049444413307336, 0.22109452192900914, 0.22965283255217822, 0.23517436026677696, 0.1596120643503509, 0.24590419440192862, 0.13234631674184338, 0.1031903288468144, 0.08277337549149327, 0.14102681454608262, 0.24232088774373045, 0.14289617303557123, 0.17136945400835368, 0.10491523078861187, 0.17268072892708797, 0.21007475981510404, 0.1765718289216583, 0.16957421973174625, 0.20594117137992818, 0.186751702125606, 0.20798650138901875, 0.14341722647356364, 0.20037976699318405, 0.20779634133037123, 0.19246342078200723, 0.1356270205630114, 0.11425191672547963, 0.19433696569132086, 0.19280850230821633, 0.12665703596743194, 0.21079248333907463, 0.21274531597630797, 0.1743939483386192, 0.18728560033592656, 0.23650895732928834, 0.201662482685397, 0.20793046334284965, 0.23332998526638415, 0.2628061774228704, 0.21387620461108414, 0.22650890516866207, 0.230543380652624, 0.24703233762617477, 0.22746294406110637, 0.22545157728178927, 0.21807164453447908, 0.17443001320856744, 0.1886704167158747, 0.22595682289942842, 0.2706690951656215, 0.23884809327853732, 0.2642629956104632, 0.28623569919133895], "worst": [-0.005341532574748564, -0.5445334596440667, -0.8725742804247498, -0.7308049540168682, -0.5135000525570761, -0.44289788349594605, -0.48362528660547355, -0.4713329280291092, -0.5337845276023989, -0.60027984799884, -0.7175129577988871, -0.4678818790040137, -0.41565396288471734, -0.47530839183893403, -0.5495818437079942, -0.36342902046816805, -0.45533530756787344, -0.49041052301971666, -0.54687971609364, -0.3751778286095572, -0.3194879665321734, -0.379343029322484, -0.41932703247607117, -0.4488118249174502, -0.3561985779875013, -0.4721270206887922, -0.506634021665135, -0.4242193429117218, -0.29545566940455614, -0.35793394305697, -0.22545375691910574, -0.4538257553784921, -0.3778473457177498, -0.2602083290573829, -0.26434746967570566, -0.25827257541286597, -0.37025400129228925, -0.4324416728917817, -0.3051394212624732, -0.41240863779220494, -0.3589520019734057, -0.372946153330181, -0.49552645121780015, -0.24257625779128644, -0.10213577992000644, -0.2355474039438188, -0.21716405662992422, -0.29478976304779103, -0.4129344744477095, -0.28223684740203947, -0.2712642590291987, -0.2790223044090828, -0.23293374986924809, -0.08960398696035865, -0.21143483411822372, -0.24834248139528148, -0.4170182081510775, -0.21074996470186436, -0.11626040607804977, -0.28197185733427355, -0.09635820423200847, -0.23902315064688695, -0.08137927947492907, -0.025282611892638196, -0.19936108541946918, -0.08903273414117419, -0.05269406515523628, -0.09006141176655735, -0.07789876594560569, -0.12651519589664156, -0.05256985469394171, -0.21292229471648916, -0.14521232142276252, -0.12392956573383607, -0.13799860708972966, -0.02072729374206994, -0.3745174896767762, -0.24951829157023353, -0.12216375612206354, -0.06114359363657618, -0.06420611456742387, -0.03810098816576446, 0.008121832268999762, -0.24857781826270875, 0.012060318274590753, 0.027036589716672277, 0.12934556899245875, 0.02337584899886025, 0.042813543689395606, 0.08956865424450539, -0.01270209000476985, 0.03371054320995692, 0.06730727584710594, 0.03724900984411961, 0.004395339467480719, 0.014539736396709801, 0.1071917760002919, 0.11490710114709918, 0.072729927641498, 0.11738185623585229, 0.1957774415867627]},