{"name": "2021-06-01_lossweights100_8", "configs": {"pop_size": 100, "mutation_rate": 0.01, "emb_layers": ["layer_1_act", "layer_2_act"], "recomb_layers": ["layer_1_linear", "layer_2_linear", "output"], "epochs": 1, "loss_weights": [1, 0, 0]}, "results": {"fitness": {"averages": [0.7898999999999999, 0.7021, 0.5984999999999999, 0.6148, 0.6136, 0.6204000000000001, 0.6363, 0.6194000000000001, 0.6024, 0.6328999999999999, 0.6105, 0.6074, 0.6481999999999999, 0.6318, 0.7263999999999998, 0.694, 0.7481, 0.7088, 0.7109000000000001, 0.7253000000000001, 0.784, 0.7493999999999998, 0.789, 0.8035, 0.7731, 0.7808000000000002, 0.7746000000000001, 0.7657000000000003, 0.8312999999999999, 0.7938999999999998, 0.7972999999999999, 0.8345999999999999, 0.8029999999999999, 0.8433999999999999, 0.7948000000000001, 0.8627999999999999, 0.8085, 0.8454999999999999, 0.8241, 0.852, 0.8014, 0.8079000000000001, 0.8157999999999999, 0.8175999999999998, 0.8628, 0.7816000000000001, 0.8447, 0.8425, 0.7984, 0.8533999999999999, 0.8032, 0.7754000000000001, 0.8571000000000001, 0.7813000000000001, 0.8268999999999999, 0.8485, 0.8170000000000001, 0.8099, 0.8307000000000001, 0.8386, 0.8525000000000003, 0.8085, 0.8213999999999999, 0.8331000000000001, 0.8038, 0.8589999999999999, 0.8423999999999999, 0.8066000000000001, 0.8513, 0.8741, 0.8325999999999998, 0.856, 0.7951999999999999, 0.8341999999999998, 0.8445, 0.8486, 0.9144, 0.8611, 0.8332999999999999, 0.8563999999999997, 0.8250000000000002, 0.8708, 0.8234999999999999, 0.8378999999999999, 0.8207, 0.8735999999999998, 0.8553000000000001, 0.8401, 0.8517999999999999, 0.8649, 0.8401000000000001, 0.8417999999999999, 0.7963000000000001, 0.8371999999999999, 0.8276, 0.8395, 0.8835000000000002, 0.873, 0.8965000000000001, 0.8601000000000001, 0.8474999999999998], "best": [0.91, 0.94, 0.82, 0.89, 0.91, 0.87, 0.86, 0.93, 0.92, 0.86, 0.86, 0.85, 0.9, 0.91, 0.92, 0.89, 0.93, 0.87, 0.9, 0.83, 0.9, 0.88, 0.92, 0.92, 0.89, 0.88, 0.89, 0.89, 0.91, 0.88, 0.9, 0.9, 0.89, 0.91, 0.9, 0.96, 0.88, 0.91, 0.91, 0.93, 0.86, 0.87, 0.9, 0.93, 0.93, 0.86, 0.92, 0.9, 0.88, 0.92, 0.86, 0.85, 0.93, 0.86, 0.88, 0.91, 0.91, 0.88, 0.9, 0.89, 0.92, 0.91, 0.87, 0.92, 0.85, 0.91, 0.89, 0.9, 0.92, 0.93, 0.9, 0.91, 0.86, 0.88, 0.9, 0.92, 0.97, 0.93, 0.9, 0.9, 0.91, 0.93, 0.89, 0.9, 0.89, 0.93, 0.93, 0.89, 0.91, 0.92, 0.91, 0.89, 0.83, 0.88, 0.89, 0.91, 0.95, 0.93, 0.93, 0.91, 0.89], "worst": [0.5, 0.15, 0.1, 0.1, 0.03, 0.03, 0.08, 0.03, 0.06, 0.11, 0.15, 0.03, 0.13, 0.18, 0.18, 0.12, 0.14, 0.19, 0.16, 0.21, 0.28, 0.15, 0.19, 0.19, 0.19, 0.16, 0.18, 0.11, 0.3, 0.63, 0.59, 0.64, 0.68, 0.71, 0.61, 0.67, 0.66, 0.71, 0.69, 0.78, 0.7, 0.69, 0.7, 0.74, 0.72, 0.67, 0.68, 0.7, 0.67, 0.72, 0.74, 0.65, 0.69, 0.69, 0.68, 0.73, 0.7, 0.67, 0.69, 0.77, 0.74, 0.73, 0.75, 0.74, 0.73, 0.8, 0.79, 0.69, 0.74, 0.78, 0.77, 0.78, 0.73, 0.74, 0.78, 0.77, 0.8, 0.76, 0.75, 0.79, 0.73, 0.79, 0.76, 0.76, 0.73, 0.81, 0.78, 0.77, 0.79, 0.79, 0.77, 0.76, 0.7, 0.73, 0.73, 0.77, 0.82, 0.8, 0.87, 0.8, 0.8]}, "accuracy": {"averages": [0.7898999999999999, 0.7021, 0.5984999999999999, 0.6148, 0.6136, 0.6204000000000001, 0.6363, 0.6194000000000001, 0.6024, 0.6328999999999999, 0.6105, 0.6074, 0.6481999999999999, 0.6318, 0.7263999999999998, 0.694, 0.7481, 0.7088, 0.7109000000000001, 0.7253000000000001, 0.784, 0.7493999999999998, 0.789, 0.8035, 0.7731, 0.7808000000000002, 0.7746000000000001, 0.7657000000000003, 0.8312999999999999, 0.7938999999999998, 0.7972999999999999, 0.8345999999999999, 0.8029999999999999, 0.8433999999999999, 0.7948000000000001, 0.8627999999999999, 0.8085, 0.8454999999999999, 0.8241, 0.852, 0.8014, 0.8079000000000001, 0.8157999999999999, 0.8175999999999998, 0.8628, 0.7816000000000001, 0.8447, 0.8425, 0.7984, 0.8533999999999999, 0.8032, 0.7754000000000001, 0.8571000000000001, 0.7813000000000001, 0.8268999999999999, 0.8485, 0.8170000000000001, 0.8099, 0.8307000000000001, 0.8386, 0.8525000000000003, 0.8085, 0.8213999999999999, 0.8331000000000001, 0.8038, 0.8589999999999999, 0.8423999999999999, 0.8066000000000001, 0.8513, 0.8741, 0.8325999999999998, 0.856, 0.7951999999999999, 0.8341999999999998, 0.8445, 0.8486, 0.9144, 0.8611, 0.8332999999999999, 0.8563999999999997, 0.8250000000000002, 0.8708, 0.8234999999999999, 0.8378999999999999, 0.8207, 0.8735999999999998, 0.8553000000000001, 0.8401, 0.8517999999999999, 0.8649, 0.8401000000000001, 0.8417999999999999, 0.7963000000000001, 0.8371999999999999, 0.8276, 0.8395, 0.8835000000000002, 0.873, 0.8965000000000001, 0.8601000000000001, 0.8474999999999998], "best": [0.91, 0.94, 0.82, 0.89, 0.91, 0.87, 0.86, 0.93, 0.92, 0.86, 0.86, 0.85, 0.9, 0.91, 0.92, 0.89, 0.93, 0.87, 0.9, 0.83, 0.9, 0.88, 0.92, 0.92, 0.89, 0.88, 0.89, 0.89, 0.91, 0.88, 0.9, 0.9, 0.89, 0.91, 0.9, 0.96, 0.88, 0.91, 0.91, 0.93, 0.86, 0.87, 0.9, 0.93, 0.93, 0.86, 0.92, 0.9, 0.88, 0.92, 0.86, 0.85, 0.93, 0.86, 0.88, 0.91, 0.91, 0.88, 0.9, 0.89, 0.92, 0.91, 0.87, 0.92, 0.85, 0.91, 0.89, 0.9, 0.92, 0.93, 0.9, 0.91, 0.86, 0.88, 0.9, 0.92, 0.97, 0.93, 0.9, 0.9, 0.91, 0.93, 0.89, 0.9, 0.89, 0.93, 0.93, 0.89, 0.91, 0.92, 0.91, 0.89, 0.83, 0.88, 0.89, 0.91, 0.95, 0.93, 0.93, 0.91, 0.89], "worst": [0.5, 0.15, 0.1, 0.1, 0.03, 0.03, 0.08, 0.03, 0.06, 0.11, 0.15, 0.03, 0.13, 0.18, 0.18, 0.12, 0.14, 0.19, 0.16, 0.21, 0.28, 0.15, 0.19, 0.19, 0.19, 0.16, 0.18, 0.11, 0.3, 0.63, 0.59, 0.64, 0.68, 0.71, 0.61, 0.67, 0.66, 0.71, 0.69, 0.78, 0.7, 0.69, 0.7, 0.74, 0.72, 0.67, 0.68, 0.7, 0.67, 0.72, 0.74, 0.65, 0.69, 0.69, 0.68, 0.73, 0.7, 0.67, 0.69, 0.77, 0.74, 0.73, 0.75, 0.74, 0.73, 0.8, 0.79, 0.69, 0.74, 0.78, 0.77, 0.78, 0.73, 0.74, 0.78, 0.77, 0.8, 0.76, 0.75, 0.79, 0.73, 0.79, 0.76, 0.76, 0.73, 0.81, 0.78, 0.77, 0.79, 0.79, 0.77, 0.76, 0.7, 0.73, 0.73, 0.77, 0.82, 0.8, 0.87, 0.8, 0.8]}, "loss": {"averages": [0.10291677505859, 0.1712103662366933, 0.2583290372106427, 0.23362123419243921, 0.1759096558884927, 0.18270083722640898, 0.19925271204530356, 0.202950517404366, 0.2119814731507861, 0.17884712898016247, 0.2048162214820503, 0.1913916320210264, 0.22357094160925806, 0.16099685547951437, 0.15621866603106446, 0.1828976614093561, 0.15048466419935286, 0.14969000607732755, 0.17056580136157226, 0.1467574931740191, 0.1472879722777539, 0.16477457041546606, 0.15212182813376832, 0.12930911635936304, 0.13657187147327185, 0.12987435178967202, 0.11089521198633118, 0.12840914639093884, 0.14433246894254664, 0.17545317866838533, 0.12007222195089184, 0.11939099708817989, 0.10879629070980265, 0.11278889159737775, 0.14196562100345012, 0.10437110324389286, 0.11896480556974176, 0.1122996736078463, 0.119387360680446, 0.0983810030386507, 0.09942504802199247, 0.11676288688035699, 0.10781472832683589, 0.1330859658008635, 0.12001770025859507, 0.10870846877726079, 0.10050919908252794, 0.08009941683851693, 0.10218594379677612, 0.1121147870110699, 0.11329168558766027, 0.1095825931935771, 0.11937635360644286, 0.1126749179090643, 0.09759422421729985, 0.0893248871176331, 0.11037482935203387, 0.12187483807731131, 0.13135543968403654, 0.08833895587908046, 0.12516709898550477, 0.13505441324132178, 0.09940439974759681, 0.10318168646114709, 0.09520631493365567, 0.09631572040073022, 0.1270672370363776, 0.13362203328479189, 0.08830040366753718, 0.09547540777255577, 0.10432929490197418, 0.10908418071779177, 0.10434264544593796, 0.11332130181154301, 0.08547732802769412, 0.09360989102563122, 0.08339072192728811, 0.10484721791421638, 0.09673578334746764, 0.09597362553662339, 0.10691786887695354, 0.10185137208975643, 0.13272586982332338, 0.1062026758410805, 0.09848983538204381, 0.08183968438288529, 0.09267610177686843, 0.09031271801945225, 0.12074329165363971, 0.10521512739407456, 0.09983262423060174, 0.09730773091840636, 0.14526806225421138, 0.10718248365889842, 0.08830070321811098, 0.12040499079479015, 0.08465177098632058, 0.12715331931878682, 0.07617255569166212, 0.07956478051702322, 0.10390161874808951],