{"name": "2021-06-01_08-50-41_lossweights101_7", "configs": {"pop_size": 100, "mutation_rate": 0.01, "emb_layers": ["layer_1_act", "layer_2_act"], "recomb_layers": ["layer_1_linear", "layer_2_linear", "output"], "epochs": 1, "loss_weights": [1, 0, 1]}, "results": {"fitness": {"averages": [1.2232703125, 1.1263703125, 1.0714578125, 0.9968671874999999, 1.0387578124999999, 0.9690187499999999, 1.010340625, 1.0210203125000001, 1.0069281250000002, 0.951984375, 0.9071875, 0.9764187500000001, 0.9229140625, 0.9655609374999998, 0.9915546875, 0.9202671874999999, 0.983540625, 0.9780687499999999, 0.947484375, 0.9172374999999998, 0.9917437499999999, 0.9787, 0.980371875, 0.9822359374999998, 1.0148265625000001, 0.9853500000000001, 0.939984375, 0.9915156249999998, 0.9986796875000001, 1.0407843749999999, 0.9548234374999999, 1.03280625, 0.9746078125, 0.9866125, 1.0147125, 1.0385328125, 1.0673296875, 1.0598671874999999, 1.0426843749999999, 1.1371249999999997, 1.10949375, 1.133178125, 1.10429375, 1.13549375, 1.107596875, 1.160703125, 1.0748000000000002, 1.077096875, 1.1125, 1.0735968749999998, 1.0833, 1.1243062499999998, 1.0984031250000001, 1.107203125, 1.149509375, 1.149709375, 1.1077093749999998, 1.1450125, 1.1011125, 1.1441124999999999, 1.0850125, 1.1560124999999999, 1.1463124999999998, 1.1445125, 1.2258125000000002, 1.1269125, 1.1154125000000001, 1.1285125, 1.1028125, 1.1368125000000002, 1.1584125, 1.1473125000000002, 1.1106125000000002, 1.1291125000000002, 1.1829124999999998, 1.1305125, 1.1858125, 1.1315125000000001, 1.1590125, 1.1358125, 1.0786125, 1.1649125, 1.1297125, 1.0444125000000002, 1.1310125, 1.1648124999999998, 1.1446125000000003, 1.1529125000000002, 1.1469124999999998, 1.1513125, 1.1478125000000001, 1.1366125, 1.1608125, 1.1439124999999999, 1.1791125, 1.1228125000000002, 1.1352125000000002, 1.0794124999999999, 1.1340125, 1.1520124999999999, 1.1165124999999998], "best": [1.36609375, 1.3578125, 1.3318750000000001, 1.2778125, 1.3010937500000002, 1.2278125, 1.2578125, 1.3378125, 1.3078125, 1.2678125, 1.2178125, 1.2378125, 1.2, 1.1978125, 1.21, 1.15, 1.25, 1.24890625, 1.24890625, 1.22890625, 1.2389062499999999, 1.16890625, 1.1989062499999998, 1.19, 1.2189062499999999, 1.2189062499999999, 1.1400000000000001, 1.24, 1.16, 1.24890625, 1.13, 1.1903125, 1.1003125, 1.1703125, 1.1403124999999998, 1.1503125, 1.1603124999999999, 1.1803124999999999, 1.19, 1.2303125000000001, 1.2203125, 1.2103125000000001, 1.1603124999999999, 1.2003125, 1.1903125, 1.2103125000000001, 1.1403124999999998, 1.1403124999999998, 1.2003125, 1.1903125, 1.1703125, 1.1803124999999999, 1.1603124999999999, 1.1903125, 1.2003125, 1.1803124999999999, 1.1703125, 1.2003125, 1.1503125, 1.1803124999999999, 1.1303125, 1.2003125, 1.2003125, 1.1803124999999999, 1.2703125, 1.1603124999999999, 1.1803124999999999, 1.1903125, 1.1803124999999999, 1.1703125, 1.2103125000000001, 1.1903125, 1.1603124999999999, 1.2003125, 1.2403125, 1.1603124999999999, 1.2103125000000001, 1.1803124999999999, 1.2203125, 1.2003125, 1.1503125, 1.2003125, 1.1903125, 1.1103125, 1.2003125, 1.2003125, 1.2103125000000001, 1.1903125, 1.1903125, 1.1903125, 1.2003125, 1.1703125, 1.2103125000000001, 1.1803124999999999, 1.2303125000000001, 1.1803124999999999, 1.2003125, 1.1203125, 1.1703125, 1.2003125, 1.1703125], "worst": [0.98765625, 0.57578125, 0.59578125, 0.54890625, 0.53890625, 0.461875, 0.461875, 0.60890625, 0.6484375, 0.62875, 0.60921875, 0.5884375, 0.5584375, 0.5403125, 0.7640625, 0.65875, 0.68890625, 0.63890625, 0.68359375, 0.5935937499999999, 0.58890625, 0.51890625, 0.50890625, 0.56890625, 0.54890625, 0.46890624999999997, 0.48890625, 0.47890625, 0.52890625, 0.7703125, 0.6903125, 0.44890625, 0.7003125, 0.59890625, 0.56890625, 0.65890625, 0.7089062500000001, 0.62890625, 0.811875, 0.79, 0.8, 0.85, 0.7903125, 0.75, 0.78, 0.89, 0.77, 0.77, 0.79, 0.76, 0.8, 0.79, 0.84, 0.85, 1.07, 1.04, 0.96, 1.0603125, 1.0503125, 1.0803125, 1.0403125, 1.0803125, 1.0803125, 1.1103125, 1.1903125, 1.0703125, 1.0703125, 1.0603125, 1.0503125, 1.0903125, 1.1203125, 1.0903125, 1.0603125, 1.0703125, 1.1303125, 1.1003125, 1.1503125, 1.0803125, 1.1003125, 1.0703125, 0.9903125, 1.1203125, 1.0803125, 0.9703125, 1.0503125, 1.1203125, 1.1003125, 1.0903125, 1.0703125, 1.1103125, 1.0903125, 1.0903125, 1.0903125, 1.1103125, 1.1403124999999998, 1.0903125, 1.0803125, 1.0103125, 1.0903125, 1.0803125, 1.0703125]}, "accuracy": {"averages": [0.7786999999999997, 0.6742999999999999, 0.6022, 0.5279999999999999, 0.562, 0.4823000000000001, 0.49369999999999997, 0.4702, 0.4506, 0.37549999999999994, 0.3275, 0.4272000000000001, 0.4035, 0.43560000000000004, 0.45799999999999996, 0.3914000000000001, 0.4194, 0.42510000000000003, 0.381, 0.3638, 0.44939999999999997, 0.41620000000000007, 0.43920000000000003, 0.4479000000000001, 0.44260000000000005, 0.41659999999999997, 0.42349999999999993, 0.4804999999999999, 0.47950000000000004, 0.5043, 0.4158, 0.5238999999999999, 0.47410000000000013, 0.4988, 0.5569000000000002, 0.6023999999999999, 0.6519000000000001, 0.6459999999999999, 0.6462, 0.7589999999999998, 0.7384000000000001, 0.7656000000000001, 0.7582, 0.7894, 0.7658, 0.8275, 0.7373000000000002, 0.7353000000000001, 0.775, 0.7318000000000001, 0.7458, 0.7953999999999999, 0.7652000000000001, 0.7740000000000002, 0.8249000000000001, 0.8251, 0.7830999999999999, 0.8247, 0.7807999999999999, 0.8238, 0.7646999999999998, 0.8357000000000001, 0.826, 0.8242, 0.9055, 0.8066, 0.7951, 0.8081999999999999, 0.7824999999999999, 0.8165000000000002, 0.8380999999999998, 0.8270000000000001, 0.7903, 0.8088000000000001, 0.8625999999999998, 0.8101999999999999, 0.8654999999999999, 0.8112, 0.8386999999999999, 0.8155, 0.7583, 0.8446000000000001, 0.8093999999999998, 0.7241000000000001, 0.8107, 0.8444999999999999, 0.8243000000000003, 0.8326, 0.8265999999999998, 0.831, 0.8275000000000001, 0.8162999999999999, 0.8404999999999998, 0.8236, 0.8587999999999998, 0.8025, 0.8149000000000001, 0.7590999999999998, 0.8136999999999999, 0.8316999999999999, 0.7961999999999999], "best": [0.91, 0.9, 0.94, 0.9, 0.93, 0.88, 0.88, 0.92, 0.88, 0.85, 0.9, 0.85, 0.83, 0.87, 0.87, 0.82, 0.89, 0.87, 0.87, 0.85, 0.87, 0.83, 0.84, 0.84, 0.88, 0.84, 0.75, 0.84, 0.83, 0.88, 0.75, 0.87, 0.78, 0.85, 0.82, 0.83, 0.84, 0.86, 0.81, 0.91, 0.9, 0.89, 0.84, 0.88, 0.87, 0.89, 0.82, 0.82, 0.88, 0.87, 0.85, 0.86, 0.84, 0.87, 0.88, 0.86, 0.85, 0.88, 0.83, 0.86, 0.81, 0.88, 0.88, 0.86, 0.95, 0.84, 0.86, 0.87, 0.86, 0.85, 0.89, 0.87, 0.84, 0.88, 0.92, 0.84, 0.89, 0.86, 0.9, 0.88, 0.83, 0.88, 0.87, 0.79, 0.88, 0.88, 0.89, 0.87, 0.87, 0.87, 0.88, 0.85, 0.89, 0.86, 0.91, 0.86, 0.88, 0.8, 0.85, 0.88, 0.85], "worst": [0.45, 0.15, 0.08, 0.11, 0.1, 0.04, 0.04, 0.09, 0.05, 0.04, 0.02, 0.01, 0.08, 0.06, 0.07, 0.01, 0.05, 0.06, 0.03, 0.04, 0.1, 0.08, 0.05, 0.06, 0.04, 0.04, 0.02, 0.06, 0.02, 0.03, 0.03, 0.04, 0.04, 0.03, 0.08, 0.06, 0.09, 0.14, 0.07, 0.04, 0.05, 0.1, 0.19, 0.0, 0.03, 0.14, 0.02, 0.02, 0.04, 0.01, 0.05, 0.04, 0.09, 0.1, 0.32, 0.29, 0.21, 0.74, 0.73, 0.76, 0.72, 0.76, 0.76, 0.79, 0.87, 0.75, 0.75, 0.74, 0.73, 0.77, 0.8, 0.77, 0.74, 0.75, 0.81, 0.78, 0.83, 0.76, 0.78, 0.75, 0.67, 0.8, 0.76, 0.65, 0.73, 0.8, 0.78, 0.77, 0.75, 0.79, 0.77, 0.77, 0.77, 0.79, 0.82, 0.77, 0.76, 0.69, 0.77, 0.76, 0.75]},