{"name": "2021-06-01_lossweights021_10", "configs": {"pop_size": 100, "mutation_rate": 0.01, "emb_layers": ["layer_1_act", "layer_2_act"], "recomb_layers": ["layer_1_linear", "layer_2_linear", "output"], "epochs": 1, "loss_weights": [0, 2, 1]}, "results": {"fitness": {"averages": [0.24547486654525122, 0.11608308943295037, 0.052638921096360924, 0.041664259253462906, -0.006372782368267834, -0.04293794847634359, -0.04059440741474103, -0.030947895271842035, -0.04756069506119535, -0.04816939485933659, -0.09366842201110957, -0.08971530905862687, -0.10804835410206552, -0.01950490806197172, -0.06487462807508632, -0.11462484754778092, -0.08416174343223724, -0.12585892011916872, -0.13997247645813832, -0.019507851876977286, -0.0989091290172817, 0.026724979768066294, -0.039570808382768975, -0.16867166526321295, -0.10723041374254956, -0.0191286395123902, 0.00012690992461790064, 0.006734040055739477, -0.03265195926195409, -0.006070884839517792, -0.020827602173625444, -0.11493096739873349, -0.03964873362098697, -0.06310322503057395, -0.016727302837130878, -0.028647496639458585, -0.0805719700881249, -0.06750288067812332, -0.10842258428924792, -0.04537985052917733, -0.09482956302875607, -0.06571340083593251, -0.08331007038535533, 0.03625664114813523, -0.12774314637383813, -0.0593261062801083, -0.028736107116905177, -0.005188253662733131, 0.015835119801293915, -0.05377973239009843, 0.029537917243059635, -0.11597622690695761, -0.010407276193604584, -0.048113966360255424, 0.021791662145334206, -0.083223693944703, 0.013920723873318337, -0.021484205664003254, 0.02119584610472356, -0.015718564987116487, 0.06611901300578048, 0.07165109979917349, -0.027318235386029927, 0.029390502929443018, -0.1229527622551883, -0.004031837504181108, -0.029211359858708565, -0.035047955138102514, 0.02102346555091688, -0.09663197434150585, 0.00448106290457639, -0.023778836516130976, -0.11891979723249849, -0.021346524160137274, -0.0030707633207953376, 0.057761187249233556, -0.008405198720101023, 0.017288535614296302, -0.030952531544796272, 0.014596675963828316, 0.001906237436330458, 0.00426792430256815, -0.12427266445361985, 0.0030291911835872865, 0.05454388841018615, -0.01960114017954904, 0.0486960930491883, 0.05612750590105797, 0.03889504234758673, 0.03261689679613057, 0.048819030321432165, -0.051291666631104384, -0.04868592981809035, -0.08486583573115752, -0.040501217956266385, 0.04234028566403497, -0.10155772081849217, 0.03385626762105252, 0.006915830782294578, 0.05864290762493846, 0.050119211726649605], "best": [0.3647679956098949, 0.3911348539316668, 0.3675247338028065, 0.33229089651410243, 0.32775453675959276, 0.3415152986633637, 0.3805763031930147, 0.32225966392437166, 0.24185404058638243, 0.2670576112903729, 0.23735194493122913, 0.1530630773064499, 0.09964102276932868, 0.22183801870570108, 0.229364763831006, 0.20428018504066914, 0.208145190119907, 0.11707677546996054, 0.16049107409344754, 0.17855557335171246, 0.1273568653956597, 0.2073004584308359, 0.1531396797968938, 0.05048586909265057, 0.0915909238258027, 0.17744482987071186, 0.20912627190229216, 0.16364209876077324, 0.14624352476371438, 0.18700628568536998, 0.1618296159166941, 0.08843338209835572, 0.09592783429445978, 0.10846480148086535, 0.1364035946637292, 0.11596348119497046, 0.07265208662738198, 0.09342774025568401, 0.05540732340213628, 0.09495624537560082, 0.1098718958643875, 0.10749002627612558, 0.13213439524737514, 0.20129305784534746, 0.053131295165358805, 0.10145210444659603, 0.12573843140532143, 0.1573622784883676, 0.10410754488409651, 0.055745287231796614, 0.12394076215358663, -0.007751113563288392, 0.09796032900584462, 0.06369451657789937, 0.10716532265057516, 0.062991823042161, 0.10030037299635874, 0.0870079009554523, 0.12964807843351317, 0.10262964758474447, 0.17647601652702033, 0.1855935412194265, 0.09551009964675466, 0.131818815415216, 0.04279553359724786, 0.11405484622866935, 0.06559068303202853, 0.08139120363187002, 0.14029126107198803, 0.003697731056293896, 0.08493083316343386, 0.06304892514428623, -0.005606247787290408, 0.0664613899136055, 0.07856800363829808, 0.15692960885318252, 0.07588577497685867, 0.09178294204698834, 0.07674664139050763, 0.09942167257615464, 0.07648313398111989, 0.09799154917396635, -0.010634862343520735, 0.10356967385756993, 0.12254884371958288, 0.10893034413754754, 0.1349296433332543, 0.15442757908228216, 0.1149291058833779, 0.0964836987412322, 0.11069701121816153, 0.010892475976153726, 0.026403251219148827, 0.035304949875756775, 0.04350774289844628, 0.10537609745274984, -0.006369229130581355, 0.09559547745117791, 0.08133431500004346, 0.13199071035314303, 0.11720563820250032], "worst": [-0.016817933167842303, -0.6779580651875396, -0.5812731904323203, -0.42219928547843966, -0.4862414583844341, -0.6087256808627874, -0.8337708513241031, -0.6397607516077666, -0.5345006092688411, -0.7801968575105784, -0.7956138328215305, -0.6405373151055909, -0.6559486036618769, -0.4573760156073745, -0.42301566344219566, -0.481169228126918, -0.40072975623161844, -0.41582300030888475, -0.48920792289851645, -0.3326759541886616, -0.5742611523833482, -0.2727348350483656, -0.31397045843903304, -0.5039108130669798, -0.46559458056640235, -0.28204072770525157, -0.296269947122367, -0.19934357422692472, -0.3270457647778633, -0.25178063927449446, -0.27167010016681625, -0.34522683184576364, -0.3455293482669104, -0.39636978615987883, -0.2625923900177619, -0.3760410535720107, -0.3525722594484424, -0.3364033963659454, -0.45690057095162107, -0.30612072694698367, -0.33629687918921203, -0.3236330212638837, -0.381537337680676, -0.23263076915483527, -0.40243851831508337, -0.49008050150534443, -0.46332973155989576, -0.40277255272058454, -0.24683025743283182, -0.33885800850336967, -0.32474314938933946, -0.3725378960861301, -0.28455857129528406, -0.38040785950507605, -0.16411596350294544, -0.49269866465500955, -0.24220221864889702, -0.2544181402903206, -0.4691116832393112, -0.333878665225819, -0.24057449997053237, -0.12668627349864164, -0.29753928370898997, -0.1824414004181376, -0.2551795665827017, -0.1589542229339087, -0.20640358078803622, -0.37884897063745904, -0.10819412256747524, -0.2351676297277564, -0.08840937975452356, -0.15372646138454527, -0.2635457787752191, -0.11198859240694203, -0.2379048877021377, -0.1451326807973704, -0.2930908538635717, -0.2745857043683806, -0.5307936984138162, -0.17786229431720613, -0.24565820039434194, -0.3019279182063399, -0.3877409451767435, -0.2985485646052012, -0.2211409993789082, -0.3391352866400401, -0.09045159631161925, -0.010124940471362198, -0.027458507258535603, -0.038612570630468857, -0.03017771650073897, -0.11494878029663291, -0.1265474007263674, -0.3178781339246697, -0.149195284634409, -0.006774579438824091, -0.24223782258458038, -0.028631112761310806, -0.04934661445256483, 0.010436607897393146, 0.011550010192857119]},