{"name": "2021-06-01_lossweights100_10", "configs": {"pop_size": 100, "mutation_rate": 0.01, "emb_layers": ["layer_1_act", "layer_2_act"], "recomb_layers": ["layer_1_linear", "layer_2_linear", "output"], "epochs": 1, "loss_weights": [1, 0, 0]}, "results": {"fitness": {"averages": [0.7426999999999999, 0.7001, 0.6943, 0.5724, 0.5629, 0.5249, 0.5637, 0.6144000000000001, 0.5842, 0.6649, 0.5986999999999999, 0.5673999999999999, 0.6718, 0.6204, 0.6656, 0.6311000000000001, 0.69, 0.6922000000000001, 0.6979, 0.634, 0.7252000000000001, 0.6650000000000001, 0.7657, 0.7089, 0.7795000000000001, 0.8282999999999998, 0.7613, 0.7935000000000001, 0.7814999999999999, 0.8207000000000001, 0.8206, 0.7576999999999999, 0.7831, 0.8386999999999999, 0.7652999999999999, 0.8266000000000001, 0.7213, 0.8108999999999998, 0.801, 0.7912, 0.8086999999999999, 0.8226, 0.8001999999999999, 0.8412999999999999, 0.8264, 0.7504, 0.8146000000000001, 0.8312, 0.7553000000000002, 0.8381000000000001, 0.8053, 0.8533, 0.7897000000000002, 0.8128, 0.8590000000000001, 0.8407000000000001, 0.8504, 0.8186000000000001, 0.8409, 0.8122, 0.8465999999999998, 0.805, 0.8625, 0.8556, 0.8732, 0.843, 0.8551999999999998, 0.8532999999999998, 0.8543999999999998, 0.8891, 0.8699999999999999, 0.8420000000000001, 0.8240999999999998, 0.8644000000000002, 0.8508999999999999, 0.8386999999999999, 0.8231999999999999, 0.8692, 0.8305000000000001, 0.8277, 0.861, 0.7916, 0.7505, 0.8159000000000001, 0.8523999999999999, 0.8139, 0.8197000000000001, 0.8861, 0.8257999999999996, 0.8323999999999999, 0.8748, 0.8368000000000001, 0.7677000000000003, 0.8159000000000001, 0.7947000000000002, 0.8758, 0.8956000000000001, 0.8336, 0.8637999999999999, 0.8401999999999998, 0.8435999999999999], "best": [0.88, 0.93, 0.96, 0.85, 0.91, 0.78, 0.86, 0.91, 0.86, 0.95, 0.91, 0.87, 0.89, 0.86, 0.89, 0.91, 0.9, 0.87, 0.9, 0.84, 0.92, 0.86, 0.92, 0.85, 0.88, 0.92, 0.86, 0.91, 0.88, 0.9, 0.91, 0.84, 0.87, 0.93, 0.84, 0.89, 0.83, 0.89, 0.9, 0.87, 0.88, 0.91, 0.89, 0.92, 0.9, 0.84, 0.88, 0.89, 0.83, 0.92, 0.87, 0.94, 0.86, 0.89, 0.93, 0.91, 0.92, 0.9, 0.93, 0.87, 0.91, 0.86, 0.94, 0.93, 0.93, 0.9, 0.91, 0.93, 0.91, 0.94, 0.94, 0.9, 0.89, 0.92, 0.9, 0.89, 0.87, 0.94, 0.91, 0.9, 0.91, 0.86, 0.82, 0.87, 0.9, 0.85, 0.87, 0.94, 0.88, 0.87, 0.95, 0.88, 0.87, 0.86, 0.85, 0.95, 0.93, 0.89, 0.91, 0.9, 0.9], "worst": [0.39, 0.14, 0.13, 0.13, 0.08, 0.04, 0.11, 0.03, 0.05, 0.08, 0.09, 0.09, 0.04, 0.1, 0.09, 0.15, 0.16, 0.15, 0.1, 0.17, 0.25, 0.18, 0.25, 0.24, 0.4, 0.49, 0.27, 0.49, 0.45, 0.66, 0.62, 0.54, 0.62, 0.7, 0.56, 0.69, 0.58, 0.67, 0.65, 0.67, 0.71, 0.69, 0.63, 0.73, 0.71, 0.59, 0.72, 0.69, 0.63, 0.67, 0.53, 0.71, 0.68, 0.66, 0.75, 0.72, 0.76, 0.7, 0.75, 0.73, 0.75, 0.69, 0.73, 0.76, 0.8, 0.75, 0.76, 0.73, 0.78, 0.81, 0.79, 0.76, 0.7, 0.77, 0.75, 0.77, 0.74, 0.74, 0.71, 0.75, 0.78, 0.71, 0.69, 0.74, 0.75, 0.76, 0.74, 0.79, 0.74, 0.77, 0.79, 0.79, 0.62, 0.73, 0.75, 0.82, 0.84, 0.79, 0.83, 0.79, 0.79]}, "accuracy": {"averages": [0.7426999999999999, 0.7001, 0.6943, 0.5724, 0.5629, 0.5249, 0.5637, 0.6144000000000001, 0.5842, 0.6649, 0.5986999999999999, 0.5673999999999999, 0.6718, 0.6204, 0.6656, 0.6311000000000001, 0.69, 0.6922000000000001, 0.6979, 0.634, 0.7252000000000001, 0.6650000000000001, 0.7657, 0.7089, 0.7795000000000001, 0.8282999999999998, 0.7613, 0.7935000000000001, 0.7814999999999999, 0.8207000000000001, 0.8206, 0.7576999999999999, 0.7831, 0.8386999999999999, 0.7652999999999999, 0.8266000000000001, 0.7213, 0.8108999999999998, 0.801, 0.7912, 0.8086999999999999, 0.8226, 0.8001999999999999, 0.8412999999999999, 0.8264, 0.7504, 0.8146000000000001, 0.8312, 0.7553000000000002, 0.8381000000000001, 0.8053, 0.8533, 0.7897000000000002, 0.8128, 0.8590000000000001, 0.8407000000000001, 0.8504, 0.8186000000000001, 0.8409, 0.8122, 0.8465999999999998, 0.805, 0.8625, 0.8556, 0.8732, 0.843, 0.8551999999999998, 0.8532999999999998, 0.8543999999999998, 0.8891, 0.8699999999999999, 0.8420000000000001, 0.8240999999999998, 0.8644000000000002, 0.8508999999999999, 0.8386999999999999, 0.8231999999999999, 0.8692, 0.8305000000000001, 0.8277, 0.861, 0.7916, 0.7505, 0.8159000000000001, 0.8523999999999999, 0.8139, 0.8197000000000001, 0.8861, 0.8257999999999996, 0.8323999999999999, 0.8748, 0.8368000000000001, 0.7677000000000003, 0.8159000000000001, 0.7947000000000002, 0.8758, 0.8956000000000001, 0.8336, 0.8637999999999999, 0.8401999999999998, 0.8435999999999999], "best": [0.88, 0.93, 0.96, 0.85, 0.91, 0.78, 0.86, 0.91, 0.86, 0.95, 0.91, 0.87, 0.89, 0.86, 0.89, 0.91, 0.9, 0.87, 0.9, 0.84, 0.92, 0.86, 0.92, 0.85, 0.88, 0.92, 0.86, 0.91, 0.88, 0.9, 0.91, 0.84, 0.87, 0.93, 0.84, 0.89, 0.83, 0.89, 0.9, 0.87, 0.88, 0.91, 0.89, 0.92, 0.9, 0.84, 0.88, 0.89, 0.83, 0.92, 0.87, 0.94, 0.86, 0.89, 0.93, 0.91, 0.92, 0.9, 0.93, 0.87, 0.91, 0.86, 0.94, 0.93, 0.93, 0.9, 0.91, 0.93, 0.91, 0.94, 0.94, 0.9, 0.89, 0.92, 0.9, 0.89, 0.87, 0.94, 0.91, 0.9, 0.91, 0.86, 0.82, 0.87, 0.9, 0.85, 0.87, 0.94, 0.88, 0.87, 0.95, 0.88, 0.87, 0.86, 0.85, 0.95, 0.93, 0.89, 0.91, 0.9, 0.9], "worst": [0.39, 0.14, 0.13, 0.13, 0.08, 0.04, 0.11, 0.03, 0.05, 0.08, 0.09, 0.09, 0.04, 0.1, 0.09, 0.15, 0.16, 0.15, 0.1, 0.17, 0.25, 0.18, 0.25, 0.24, 0.4, 0.49, 0.27, 0.49, 0.45, 0.66, 0.62, 0.54, 0.62, 0.7, 0.56, 0.69, 0.58, 0.67, 0.65, 0.67, 0.71, 0.69, 0.63, 0.73, 0.71, 0.59, 0.72, 0.69, 0.63, 0.67, 0.53, 0.71, 0.68, 0.66, 0.75, 0.72, 0.76, 0.7, 0.75, 0.73, 0.75, 0.69, 0.73, 0.76, 0.8, 0.75, 0.76, 0.73, 0.78, 0.81, 0.79, 0.76, 0.7, 0.77, 0.75, 0.77, 0.74, 0.74, 0.71, 0.75, 0.78, 0.71, 0.69, 0.74, 0.75, 0.76, 0.74, 0.79, 0.74, 0.77, 0.79, 0.79, 0.62, 0.73, 0.75, 0.82, 0.84, 0.79, 0.83, 0.79, 0.79]}, "loss": {"averages": [0.08545026554680372, 0.132054292541414, 0.16906599920842433, 0.19537856872946047, 0.21308227090637327, 0.24349586952867136, 0.2449211145385046, 0.2144754889664622, 0.2210360518163374, 0.22332710306661638, 0.1846010657291307, 0.25240393516697757, 0.20649721959244627, 0.18339120292873826, 0.27461743986027437, 0.18304266706498443, 0.20095649980836375, 0.1793353325678521, 0.19550452348636393, 0.1612709187405135, 0.14727027145865493, 0.20445490142007372, 0.1394049825003141, 0.19238369594129845, 0.1679980663655561, 0.15259217698456187, 0.18114380211646938, 0.1635116272732704, 0.1400587675151847, 0.13005607025211371, 0.12470718402852109, 0.14650976694511994, 0.1394894835745229, 0.0975201883394363, 0.14570693173632665, 0.1081298496233124, 0.12286805305857575, 0.1209828067697978, 0.1203132672607858, 0.12525259586712997, 0.12269759005158491, 0.12292351522292905, 0.13211346397558163, 0.14535899428445703, 0.09219534322969608, 0.1268930095328049, 0.11185172479661201, 0.10567201457921133, 0.16286026849372617, 0.1196804563922795, 0.13709331487201226, 0.08167055444305368, 0.13115865489103576, 0.1238431491046091, 0.12958119376851024, 0.09762525406981987, 0.09397773046284003, 0.11780041269403779, 0.08022089871091884, 0.10180042650221718, 0.10789509039425958, 0.11294737626382782, 0.09512441936721418, 0.10251975668099153, 0.10395543735403721, 0.12069837830384081, 0.09957506508091925, 0.12670390507244972, 0.1300022470519069, 0.10015040541708586, 0.12481349869226546, 0.07424775221686118, 0.10566230950442256, 0.09317658994687779, 0.10157293571106721, 0.10910674223264559, 0.08256465661345659, 0.11276062675536518, 0.11799296280037719, 0.08262105349926645, 0.10652147666531363, 0.10700158583907378, 0.1155514915351577, 0.11564067844182452, 0.11610476350115662, 0.10090082837459863, 0.11762914599647165, 0.10295991984905005, 0.0944514188845045, 0.08851169616087619, 0.09524437915604539, 0.096946672910775, 0.08699927704313527, 0.0896548058453286, 0.08569197316814745, 0.0955167266423543, 0.07890161154175099, 0.10084058558032952, 0.08339951820548995, 0.10067272417205525, 0.07789384432849294],