{"name": "2021-06-01_lossweights100_2", "configs": {"pop_size": 100, "mutation_rate": 0.01, "emb_layers": ["layer_1_act", "layer_2_act"], "recomb_layers": ["layer_1_linear", "layer_2_linear", "output"], "epochs": 1, "loss_weights": [1, 0, 0]}, "results": {"fitness": {"averages": [0.7491, 0.6737000000000001, 0.6762, 0.6552000000000001, 0.6732, 0.6321, 0.6194999999999999, 0.6902000000000001, 0.5746, 0.6149, 0.6625999999999999, 0.6357, 0.6216999999999999, 0.6214, 0.4957000000000001, 0.5943, 0.5981, 0.5722, 0.557, 0.585, 0.6113999999999999, 0.5351000000000001, 0.6189000000000001, 0.5540999999999999, 0.5548000000000001, 0.6471000000000001, 0.6073000000000001, 0.528, 0.5859, 0.6102, 0.5417000000000001, 0.5374, 0.5921, 0.637, 0.6625000000000001, 0.6537999999999999, 0.6779999999999999, 0.6546, 0.6395000000000001, 0.6681999999999999, 0.6754999999999999, 0.6772, 0.7336, 0.7212000000000001, 0.6696, 0.7447, 0.7259000000000002, 0.6931, 0.7038, 0.6704000000000001, 0.6972, 0.7448999999999999, 0.6617999999999999, 0.6608000000000002, 0.7136999999999999, 0.7494000000000001, 0.7522999999999999, 0.6800999999999998, 0.7001000000000001, 0.7063999999999999, 0.6994000000000001, 0.7344000000000002, 0.7556, 0.7212999999999999, 0.6886999999999999, 0.7169999999999999, 0.7316999999999997, 0.7828999999999999, 0.7696, 0.6985999999999999, 0.7752999999999999, 0.7540000000000002, 0.7357999999999998, 0.7737999999999999, 0.7398, 0.7599999999999999, 0.768, 0.7277, 0.7339, 0.7488000000000001, 0.7768999999999999, 0.7351000000000001, 0.7792999999999999, 0.7795000000000001, 0.7922000000000001, 0.7790999999999998, 0.8173999999999999, 0.8106000000000002, 0.7615999999999999, 0.7975000000000001, 0.8011000000000001, 0.8493999999999999, 0.7843000000000001, 0.8418000000000001, 0.8488000000000001, 0.7697999999999999, 0.785, 0.7673000000000002, 0.7637000000000002, 0.7988999999999998, 0.8175000000000001], "best": [0.9, 0.91, 0.92, 0.94, 0.96, 0.86, 0.88, 0.92, 0.88, 0.88, 0.89, 0.89, 0.88, 0.88, 0.79, 0.85, 0.82, 0.81, 0.79, 0.86, 0.84, 0.78, 0.81, 0.79, 0.83, 0.85, 0.87, 0.72, 0.79, 0.84, 0.78, 0.83, 0.81, 0.84, 0.83, 0.83, 0.86, 0.86, 0.86, 0.84, 0.81, 0.79, 0.9, 0.84, 0.8, 0.86, 0.83, 0.89, 0.84, 0.81, 0.82, 0.86, 0.81, 0.87, 0.81, 0.85, 0.84, 0.8, 0.83, 0.86, 0.82, 0.89, 0.91, 0.87, 0.85, 0.83, 0.85, 0.87, 0.89, 0.84, 0.89, 0.85, 0.86, 0.88, 0.85, 0.86, 0.89, 0.86, 0.84, 0.83, 0.86, 0.85, 0.85, 0.91, 0.91, 0.85, 0.89, 0.91, 0.83, 0.86, 0.88, 0.93, 0.86, 0.91, 0.92, 0.84, 0.86, 0.83, 0.83, 0.87, 0.9], "worst": [0.45, 0.06, 0.14, 0.1, 0.15, 0.09, 0.08, 0.13, 0.08, 0.07, 0.1, 0.11, 0.08, 0.1, 0.08, 0.05, 0.13, 0.1, 0.06, 0.1, 0.13, 0.11, 0.14, 0.14, 0.08, 0.22, 0.09, 0.14, 0.19, 0.4, 0.18, 0.2, 0.26, 0.25, 0.38, 0.3, 0.21, 0.36, 0.32, 0.39, 0.5, 0.5, 0.34, 0.46, 0.37, 0.48, 0.44, 0.33, 0.47, 0.48, 0.44, 0.61, 0.53, 0.5, 0.57, 0.6, 0.62, 0.42, 0.48, 0.47, 0.42, 0.56, 0.5, 0.51, 0.51, 0.48, 0.53, 0.54, 0.45, 0.5, 0.55, 0.54, 0.5, 0.49, 0.57, 0.62, 0.55, 0.49, 0.6, 0.63, 0.6, 0.63, 0.7, 0.65, 0.65, 0.69, 0.71, 0.65, 0.69, 0.7, 0.73, 0.73, 0.7, 0.72, 0.73, 0.7, 0.71, 0.62, 0.66, 0.68, 0.68]}, "accuracy": {"averages": [0.7491, 0.6737000000000001, 0.6762, 0.6552000000000001, 0.6732, 0.6321, 0.6194999999999999, 0.6902000000000001, 0.5746, 0.6149, 0.6625999999999999, 0.6357, 0.6216999999999999, 0.6214, 0.4957000000000001, 0.5943, 0.5981, 0.5722, 0.557, 0.585, 0.6113999999999999, 0.5351000000000001, 0.6189000000000001, 0.5540999999999999, 0.5548000000000001, 0.6471000000000001, 0.6073000000000001, 0.528, 0.5859, 0.6102, 0.5417000000000001, 0.5374, 0.5921, 0.637, 0.6625000000000001, 0.6537999999999999, 0.6779999999999999, 0.6546, 0.6395000000000001, 0.6681999999999999, 0.6754999999999999, 0.6772, 0.7336, 0.7212000000000001, 0.6696, 0.7447, 0.7259000000000002, 0.6931, 0.7038, 0.6704000000000001, 0.6972, 0.7448999999999999, 0.6617999999999999, 0.6608000000000002, 0.7136999999999999, 0.7494000000000001, 0.7522999999999999, 0.6800999999999998, 0.7001000000000001, 0.7063999999999999, 0.6994000000000001, 0.7344000000000002, 0.7556, 0.7212999999999999, 0.6886999999999999, 0.7169999999999999, 0.7316999999999997, 0.7828999999999999, 0.7696, 0.6985999999999999, 0.7752999999999999, 0.7540000000000002, 0.7357999999999998, 0.7737999999999999, 0.7398, 0.7599999999999999, 0.768, 0.7277, 0.7339, 0.7488000000000001, 0.7768999999999999, 0.7351000000000001, 0.7792999999999999, 0.7795000000000001, 0.7922000000000001, 0.7790999999999998, 0.8173999999999999, 0.8106000000000002, 0.7615999999999999, 0.7975000000000001, 0.8011000000000001, 0.8493999999999999, 0.7843000000000001, 0.8418000000000001, 0.8488000000000001, 0.7697999999999999, 0.785, 0.7673000000000002, 0.7637000000000002, 0.7988999999999998, 0.8175000000000001], "best": [0.9, 0.91, 0.92, 0.94, 0.96, 0.86, 0.88, 0.92, 0.88, 0.88, 0.89, 0.89, 0.88, 0.88, 0.79, 0.85, 0.82, 0.81, 0.79, 0.86, 0.84, 0.78, 0.81, 0.79, 0.83, 0.85, 0.87, 0.72, 0.79, 0.84, 0.78, 0.83, 0.81, 0.84, 0.83, 0.83, 0.86, 0.86, 0.86, 0.84, 0.81, 0.79, 0.9, 0.84, 0.8, 0.86, 0.83, 0.89, 0.84, 0.81, 0.82, 0.86, 0.81, 0.87, 0.81, 0.85, 0.84, 0.8, 0.83, 0.86, 0.82, 0.89, 0.91, 0.87, 0.85, 0.83, 0.85, 0.87, 0.89, 0.84, 0.89, 0.85, 0.86, 0.88, 0.85, 0.86, 0.89, 0.86, 0.84, 0.83, 0.86, 0.85, 0.85, 0.91, 0.91, 0.85, 0.89, 0.91, 0.83, 0.86, 0.88, 0.93, 0.86, 0.91, 0.92, 0.84, 0.86, 0.83, 0.83, 0.87, 0.9], "worst": [0.45, 0.06, 0.14, 0.1, 0.15, 0.09, 0.08, 0.13, 0.08, 0.07, 0.1, 0.11, 0.08, 0.1, 0.08, 0.05, 0.13, 0.1, 0.06, 0.1, 0.13, 0.11, 0.14, 0.14, 0.08, 0.22, 0.09, 0.14, 0.19, 0.4, 0.18, 0.2, 0.26, 0.25, 0.38, 0.3, 0.21, 0.36, 0.32, 0.39, 0.5, 0.5, 0.34, 0.46, 0.37, 0.48, 0.44, 0.33, 0.47, 0.48, 0.44, 0.61, 0.53, 0.5, 0.57, 0.6, 0.62, 0.42, 0.48, 0.47, 0.42, 0.56, 0.5, 0.51, 0.51, 0.48, 0.53, 0.54, 0.45, 0.5, 0.55, 0.54, 0.5, 0.49, 0.57, 0.62, 0.55, 0.49, 0.6, 0.63, 0.6, 0.63, 0.7, 0.65, 0.65, 0.69, 0.71, 0.65, 0.69, 0.7, 0.73, 0.73, 0.7, 0.72, 0.73, 0.7, 0.71, 0.62, 0.66, 0.68, 0.68]},