{"name": "2021-06-01_lossweights020_1", "configs": {"pop_size": 100, "mutation_rate": 0.01, "emb_layers": ["layer_1_act", "layer_2_act"], "recomb_layers": ["layer_1_linear", "layer_2_linear", "output"], "epochs": 1, "loss_weights": [0, 2, 0]}, "results": {"fitness": {"averages": [-0.16754073891350443, -0.2985435624143239, -0.31395612206816165, -0.3797535263751457, -0.4034832248998963, -0.38762408951801514, -0.39707274180538993, -0.48340461466427487, -0.44143933128610624, -0.44702429016425965, -0.41492510469086724, -0.4055198298247413, -0.414506969013803, -0.4425915739446602, -0.3940777060103543, -0.4260592816816915, -0.37368605164638125, -0.4193684020554845, -0.3571368661525316, -0.32451396454590353, -0.44823519114032173, -0.35378520853170303, -0.369715879949451, -0.3665775628713411, -0.3398351687746335, -0.33049178190088924, -0.3628557746404955, -0.35346367022091973, -0.39848794960164224, -0.3293737418990601, -0.3915964654380593, -0.4651905421838717, -0.4224862627792152, -0.411957033999712, -0.3847056753344442, -0.35846433954467677, -0.31155702577267436, -0.35350190844739465, -0.32376203340422327, -0.32411101970631884, -0.39804488894449913, -0.26420551175148094, -0.28833923222069996, -0.26556140038110465, -0.2831806433292691, -0.2373949485597708, -0.2757035438370708, -0.18993241039318287, -0.22408109176075097, -0.20434361591030417, -0.24321972925728388, -0.2635959117295604, -0.25409612585511854, -0.1798908834824617, -0.21409883713052705, -0.2732279442553818, -0.262052783796999, -0.2262653283317393, -0.24945133850058712, -0.25039626791409336, -0.2120428481694499, -0.17823341381895805, -0.22726025235389724, -0.22198550048483717, -0.16126896281770736, -0.18265322063089084, -0.2200765544903156, -0.15952840164025772, -0.3010900231239781, -0.26030207649907655, -0.1833213639492668, -0.18320346765635157, -0.23808401254867198, -0.18082106875390852, -0.15707011990598288, -0.15677902233053073, -0.19360120586784316, -0.22438729351695738, -0.17116495166410498, -0.17881572040606097, -0.17542944142904815, -0.18446422582362562, -0.1745877018893023, -0.23159166818781837, -0.14303122860704964, -0.1708274539974396, -0.2101051125900825, -0.1850778348823005, -0.21092271268464888, -0.24258249420498623, -0.2475817166836457, -0.19185448462890003, -0.13725673044828304, -0.1897475177872722, -0.1856120457143776, -0.2678688427675783, -0.18200685445396828, -0.1857136104598761, -0.23772733804155657, -0.1756340180695873, -0.211612613724551], "best": [-1.231170925619421e-10, -0.00504094441077049, -0.026918275202014105, -0.033253155996606186, -0.03838620437059199, -0.0412373965098823, -0.061454124882238975, -0.05066875775983252, -0.08718156096940982, -0.1030343071154873, -0.07078374962173906, -0.0942569801496094, -0.125427046481608, -0.15156352163127218, -0.134306590550211, -0.15194550530988243, -0.13072078668701403, -0.14428550927032716, -0.11699601493900072, -0.12709884991381656, -0.14713040164792013, -0.08941384814015149, -0.10905793962329112, -0.12948525016115084, -0.1697112161725472, -0.14183255574072814, -0.1323052913373472, -0.14585974359838924, -0.15948705254775405, -0.1584841778396964, -0.20887229058327153, -0.25307256678382506, -0.2060982726543164, -0.1579116989922297, -0.1460432942603739, -0.1566061552619985, -0.1395119971909547, -0.18554717004334664, -0.15429173401479973, -0.14084456731186132, -0.17254873974937068, -0.13683226040037338, -0.14113404629976056, -0.14454689631346185, -0.15962085616708827, -0.13921751961882053, -0.182226542470638, -0.13402780254172303, -0.1544165953754037, -0.14323744316447878, -0.17239096380324925, -0.1827195836526039, -0.1766164954496802, -0.11718231750021499, -0.15117996064029043, -0.18326443833640393, -0.1663956004776257, -0.14525179969753316, -0.16319975496569808, -0.14745831625369543, -0.1392674655344054, -0.12412978229777662, -0.1364433559459064, -0.14152686780395515, -0.09998864675951183, -0.13039100532370165, -0.1569760621555065, -0.10549070658908598, -0.19340638937458987, -0.17579298076360494, -0.12515915323756588, -0.12418021043783053, -0.1712252564044723, -0.12639341862213568, -0.10255968848385391, -0.11897482409587001, -0.1391386019845214, -0.16963389772451967, -0.1333426821536372, -0.1398326747048908, -0.13217686460175457, -0.13992751585070312, -0.12441418557367595, -0.1799592768204429, -0.10874199714491839, -0.12039005150252818, -0.15796029508040144, -0.13530193592991815, -0.16763587014855014, -0.18735902135959784, -0.18808819293755116, -0.16376738247651662, -0.11166446649044262, -0.15896696449473666, -0.14746439719760623, -0.22441098603051574, -0.14620921817146798, -0.14374952889241063, -0.16836974296074408, -0.1461609395564664, -0.16322727875311357], "worst": [-0.7106971470122198, -1.4050120802042152, -1.1814798965039188, -1.0750450978016877, -1.2852097260874311, -1.2003668238704208, -1.0440535004590703, -1.4253249361851001, -1.3392870475444183, -1.1027731554004743, -1.0628855132006887, -0.8160763160067765, -0.9152707941686328, -1.1080433591685572, -0.8616876639364728, -0.8453141028140548, -0.7829180556029384, -0.8348256901579658, -0.7234788816376433, -0.6043841266578169, -1.2092682042987128, -0.8036493635431539, -0.672704431554867, -0.6491916443334219, -0.6211359407075895, -0.7663940462668737, -0.6666545006802684, -0.666517831873033, -0.665067366194495, -0.5830958006272162, -0.6396436484096535, -0.7738397308595456, -0.7010026111811217, -0.8663620951982741, -0.8051493120787335, -0.773961294388746, -0.7692926508606595, -0.7286960488708251, -0.7294826557310167, -0.824981125823864, -0.9325188035809794, -0.6849209759214978, -0.7786257904634442, -0.8325529179897685, -0.6467864333127539, -0.5040800699935318, -0.5384456200834942, -0.3480461379501385, -0.4678127213463389, -0.35817382324596747, -0.3259739384194634, -0.3505150791445169, -0.340943658061402, -0.24003182871574677, -0.2917352020416313, -0.37863582205938207, -0.3681142196975103, -0.36322314979278536, -0.3277520413847159, -0.4032323689717867, -0.31191178140970877, -0.25547972089126836, -0.3741858745095501, -0.42239037290567805, -0.24786565919128892, -0.27681190902832986, -0.5155172439279168, -0.22169915702343246, -0.6271660940607615, -0.372403600687023, -0.25621709957247824, -0.32211490861707326, -0.42412520010829113, -0.2982946988511672, -0.22439684652802444, -0.23588598163853916, -0.3002923281995815, -0.3357087253875636, -0.29057742488621785, -0.2446509839085103, -0.24436017964549714, -0.259543885102908, -0.2609641302983397, -0.3308273853542805, -0.19278029178947767, -0.3362656443439141, -0.2941641986982269, -0.2709752976092712, -0.3745772684330682, -0.36362353015499455, -0.3562390470820382, -0.24498290083570884, -0.17506312353831596, -0.25767170810471296, -0.24557125877742503, -0.33226707359585905, -0.22347923821301843, -0.29144506601094533, -0.42307190821763496, -0.21651773090264193, -0.3329246624310317]},