{"name": "2021-06-01_lossweights001_4", "configs": {"pop_size": 100, "mutation_rate": 0.01, "emb_layers": ["layer_1_act", "layer_2_act"], "recomb_layers": ["layer_1_linear", "layer_2_linear", "output"], "epochs": 1, "loss_weights": [0, 0, 1]}, "results": {"fitness": {"averages": [0.4445703125, 0.49390625, 0.504296875, 0.5689453125, 0.5971875, 0.6130859375, 0.639921875, 0.6550390625, 0.6756640625, 0.6835546875, 0.689921875, 0.701015625, 0.6997265625, 0.7006640625, 0.7090234375, 0.7048828125, 0.711171875, 0.71703125, 0.7342578125, 0.73953125, 0.7378515625, 0.74328125, 0.745625, 0.7530859375, 0.754609375, 0.76, 0.760625, 0.7704296875, 0.766640625, 0.7626953125, 0.759921875, 0.7565625, 0.757890625, 0.75921875, 0.766328125, 0.77109375, 0.772109375, 0.77859375, 0.783984375, 0.781328125, 0.7771875, 0.778828125, 0.77921875, 0.77515625, 0.7815625, 0.776484375, 0.7765625, 0.776171875, 0.770390625, 0.776796875, 0.78015625, 0.783203125, 0.781875, 0.77921875, 0.778125, 0.77875, 0.77265625, 0.767578125, 0.769609375, 0.771640625, 0.77265625, 0.770625, 0.777734375, 0.777734375, 0.779765625, 0.7828125, 0.785859375, 0.785859375, 0.789921875, 0.789921875, 0.79296875, 0.79296875, 0.79296875, 0.79296875, 0.79296875, 0.79296875, 0.79296875, 0.79296875, 0.79296875, 0.79296875, 0.79296875, 0.79296875, 0.79296875, 0.79296875, 0.79296875, 0.79296875, 0.79296875, 0.79296875, 0.79296875, 0.79296875, 0.79296875, 0.79296875, 0.79296875, 0.79296875, 0.79296875, 0.79296875, 0.79296875, 0.79296875, 0.79296875, 0.79296875, 0.79296875], "best": [0.79296875, 0.79296875, 0.79296875, 0.79296875, 0.79296875, 0.79296875, 0.79296875, 0.79296875, 0.79296875, 0.79296875, 0.79296875, 0.79296875, 0.79296875, 0.79296875, 0.79296875, 0.79296875, 0.79296875, 0.79296875, 0.79296875, 0.79296875, 0.79296875, 0.79296875, 0.79296875, 0.79296875, 0.79296875, 0.79296875, 0.79296875, 0.79296875, 0.79296875, 0.79296875, 0.79296875, 0.79296875, 0.79296875, 0.79296875, 0.79296875, 0.79296875, 0.79296875, 0.79296875, 0.79296875, 0.79296875, 0.79296875, 0.79296875, 0.79296875, 0.79296875, 0.79296875, 0.79296875, 0.79296875, 0.79296875, 0.79296875, 0.79296875, 0.79296875, 0.79296875, 0.79296875, 0.79296875, 0.79296875, 0.79296875, 0.79296875, 0.79296875, 0.79296875, 0.79296875, 0.79296875, 0.79296875, 0.79296875, 0.79296875, 0.79296875, 0.79296875, 0.79296875, 0.79296875, 0.79296875, 0.79296875, 0.79296875, 0.79296875, 0.79296875, 0.79296875, 0.79296875, 0.79296875, 0.79296875, 0.79296875, 0.79296875, 0.79296875, 0.79296875, 0.79296875, 0.79296875, 0.79296875, 0.79296875, 0.79296875, 0.79296875, 0.79296875, 0.79296875, 0.79296875, 0.79296875, 0.79296875, 0.79296875, 0.79296875, 0.79296875, 0.79296875, 0.79296875, 0.79296875, 0.79296875, 0.79296875, 0.79296875], "worst": [0.09765625, 0.11328125, 0.125, 0.125, 0.125, 0.125, 0.125, 0.125, 0.29296875, 0.29296875, 0.328125, 0.453125, 0.453125, 0.453125, 0.453125, 0.453125, 0.453125, 0.453125, 0.453125, 0.64453125, 0.64453125, 0.64453125, 0.64453125, 0.64453125, 0.64453125, 0.6796875, 0.6796875, 0.69140625, 0.69140625, 0.69140625, 0.69140625, 0.69140625, 0.69140625, 0.69140625, 0.69140625, 0.69140625, 0.69140625, 0.69140625, 0.69140625, 0.69140625, 0.69140625, 0.69140625, 0.69140625, 0.69140625, 0.69140625, 0.69140625, 0.69140625, 0.69140625, 0.69140625, 0.69140625, 0.69140625, 0.69140625, 0.69140625, 0.69140625, 0.69140625, 0.69140625, 0.69140625, 0.69140625, 0.69140625, 0.69140625, 0.69140625, 0.69140625, 0.69140625, 0.69140625, 0.69140625, 0.69140625, 0.69140625, 0.69140625, 0.69140625, 0.69140625, 0.79296875, 0.79296875, 0.79296875, 0.79296875, 0.79296875, 0.79296875, 0.79296875, 0.79296875, 0.79296875, 0.79296875, 0.79296875, 0.79296875, 0.79296875, 0.79296875, 0.79296875, 0.79296875, 0.79296875, 0.79296875, 0.79296875, 0.79296875, 0.79296875, 0.79296875, 0.79296875, 0.79296875, 0.79296875, 0.79296875, 0.79296875, 0.79296875, 0.79296875, 0.79296875, 0.79296875]}, "accuracy": {"averages": [0.7771000000000001, 0.6713999999999999, 0.5095999999999999, 0.4887, 0.4458, 0.39649999999999996, 0.3948000000000001, 0.31310000000000004, 0.30369999999999997, 0.3171, 0.2523, 0.2559, 0.18380000000000002, 0.19820000000000002, 0.1699, 0.22649999999999998, 0.22459999999999997, 0.17650000000000005, 0.1509, 0.15180000000000002, 0.1642, 0.19260000000000005, 0.15069999999999997, 0.1454, 0.12739999999999999, 0.0674, 0.08940000000000001, 0.0859, 0.09420000000000002, 0.08550000000000005, 0.10190000000000002, 0.0814, 0.0851, 0.06930000000000003, 0.10490000000000002, 0.0942, 0.1092, 0.1104, 0.09249999999999999, 0.07390000000000002, 0.0917, 0.134, 0.0867, 0.10099999999999999, 0.09540000000000001, 0.10219999999999999, 0.10379999999999999, 0.1041, 0.08789999999999999, 0.09089999999999998, 0.07509999999999999, 0.0848, 0.1139, 0.1008, 0.08789999999999998, 0.0897, 0.0741, 0.09610000000000002, 0.1117, 0.09389999999999998, 0.0741, 0.09090000000000002, 0.0831, 0.052700000000000004, 0.09419999999999998, 0.07600000000000001, 0.1299, 0.057999999999999996, 0.08569999999999997, 0.08779999999999999, 0.0799, 0.0649, 0.0781, 0.10370000000000003, 0.08939999999999998, 0.056900000000000006, 0.050100000000000006, 0.07280000000000002, 0.08530000000000001, 0.0909, 0.048799999999999996, 0.0755, 0.08889999999999999, 0.07080000000000002, 0.0621, 0.0692, 0.04549999999999999, 0.0766, 0.0745, 0.0602, 0.10280000000000002, 0.0748, 0.07520000000000002, 0.0798, 0.0576, 0.1008, 0.05930000000000001, 0.0632, 0.0848, 0.051500000000000004, 0.06820000000000001], "best": [0.88, 0.95, 0.95, 0.9, 0.86, 0.88, 0.87, 0.86, 0.84, 0.8, 0.68, 0.49, 0.46, 0.47, 0.51, 0.6, 0.59, 0.47, 0.52, 0.45, 0.37, 0.53, 0.48, 0.38, 0.51, 0.38, 0.27, 0.27, 0.28, 0.29, 0.33, 0.24, 0.3, 0.23, 0.25, 0.24, 0.36, 0.21, 0.29, 0.25, 0.3, 0.35, 0.32, 0.3, 0.31, 0.3, 0.37, 0.39, 0.35, 0.35, 0.32, 0.33, 0.31, 0.32, 0.31, 0.26, 0.2, 0.25, 0.27, 0.38, 0.21, 0.21, 0.16, 0.31, 0.25, 0.27, 0.34, 0.28, 0.29, 0.26, 0.2, 0.19, 0.17, 0.22, 0.17, 0.21, 0.15, 0.21, 0.2, 0.17, 0.19, 0.21, 0.16, 0.18, 0.15, 0.18, 0.2, 0.23, 0.2, 0.17, 0.21, 0.16, 0.2, 0.22, 0.15, 0.21, 0.14, 0.19, 0.18, 0.15, 0.19], "worst": [0.48, 0.16, 0.05, 0.02, 0.06, 0.0, 0.08, 0.07, 0.04, 0.03, 0.05, 0.01, 0.04, 0.02, 0.01, 0.01, 0.02, 0.01, 0.01, 0.01, 0.01, 0.01, 0.0, 0.02, 0.03, 0.01, 0.02, 0.01, 0.02, 0.0, 0.01, 0.0, 0.01, 0.0, 0.02, 0.0, 0.0, 0.03, 0.02, 0.01, 0.01, 0.05, 0.0, 0.0, 0.0, 0.0, 0.0, 0.0, 0.01, 0.01, 0.01, 0.01, 0.01, 0.0, 0.0, 0.0, 0.01, 0.02, 0.02, 0.0, 0.0, 0.02, 0.01, 0.0, 0.02, 0.01, 0.02, 0.01, 0.01, 0.0, 0.0, 0.01, 0.02, 0.04, 0.03, 0.01, 0.0, 0.02, 0.01, 0.01, 0.0, 0.0, 0.03, 0.0, 0.0, 0.01, 0.0, 0.01, 0.0, 0.01, 0.01, 0.01, 0.01, 0.0, 0.0, 0.02, 0.01, 0.01, 0.01, 0.0, 0.01]},