{"name": "2021-06-01_lossweights020_5", "configs": {"pop_size": 100, "mutation_rate": 0.01, "emb_layers": ["layer_1_act", "layer_2_act"], "recomb_layers": ["layer_1_linear", "layer_2_linear", "output"], "epochs": 1, "loss_weights": [0, 2, 0]}, "results": {"fitness": {"averages": [-0.15966281277460348, -0.24404508490420063, -0.40218977694235747, -0.3174427116334708, -0.3974557145878564, -0.36640169711180126, -0.3456633135080003, -0.3057170163457819, -0.353831227260754, -0.3431356235540601, -0.3985603308549484, -0.4801683890197208, -0.4710061812966611, -0.42269110548830147, -0.5088673128802343, -0.32336703126539446, -0.32831245525306185, -0.48632021142875054, -0.44839465616462293, -0.3961748548907582, -0.36283508567350287, -0.3105147660863431, -0.37984838559523487, -0.27071221624814645, -0.3745105931891075, -0.30259474954162385, -0.28973696049820746, -0.2983039743307938, -0.29568990997417155, -0.2768116823870562, -0.28414028751531467, -0.2465600140140493, -0.29214439609513865, -0.29419343174528534, -0.26057679537872624, -0.26141367556801315, -0.30495154707508837, -0.2763405109419527, -0.2580427547736085, -0.251285890415405, -0.20665680754932686, -0.20043268639240636, -0.1921235790767264, -0.21467441308664972, -0.2162646341460311, -0.2119171867877797, -0.2177858828867575, -0.19055203765608617, -0.214850720668699, -0.23095430013263513, -0.19628814815845158, -0.17581632902366295, -0.20644439244045965, -0.15952468019287858, -0.32835410795069103, -0.22342362261186147, -0.22542075832018502, -0.17818812878675733, -0.18315584846655075, -0.22581274430076387, -0.20082223735619512, -0.21077902445360458, -0.19232365351600156, -0.21698156437241425, -0.2180530609492046, -0.21679500560165976, -0.19503347631295387, -0.19644487893926196, -0.2345700106140338, -0.2055912726436868, -0.20397072865279, -0.2217779609549844, -0.17741493430061417, -0.17838706432603504, -0.17585793467976948, -0.1945082384025037, -0.23880888744809958, -0.17571793267180774, -0.17132092306515773, -0.21594578250901061, -0.18968191541216842, -0.2723342267055374, -0.22298917835432164, -0.22608467475325444, -0.28560691020086937, -0.1725688897704934, -0.2360431636269603, -0.16100679869786433, -0.2698410487487398, -0.19176457856025075, -0.2213632749940338, -0.1811037104235826, -0.1755164277667773, -0.17525942824904528, -0.22845359543966962, -0.1724969225061056, -0.215388247786587, -0.25624555508686814, -0.2041903989926721, -0.22498023167494197, -0.25750275975777603], "best": [-1.6500531169723356e-07, -0.003159527644313117, -0.007094859402698739, -0.024831343633841846, -0.04772000473550459, -0.0377437503394802, -0.04813607552118869, -0.044623410585435244, -0.05838311825481638, -0.07569525488939331, -0.043682258299516157, -0.1312941065295255, -0.10458921875678794, -0.15153507759667295, -0.1956354733663251, -0.1131548563216408, -0.12540904875603046, -0.2138726864779132, -0.19279101723488304, -0.16020585822323505, -0.14344634604282827, -0.13183128894220525, -0.23253559019341255, -0.13605394906195706, -0.1857414845111507, -0.16038029168153928, -0.18105344998084522, -0.15905580114585938, -0.18377856676242127, -0.16960345778131786, -0.17513921514166328, -0.14704557007167168, -0.193309180528181, -0.18393590072536709, -0.1484105765850681, -0.17342924105382113, -0.1866427401740264, -0.18057450795629149, -0.17915834466740987, -0.1778518497289414, -0.14077556045919673, -0.13884034300871664, -0.12276763568475593, -0.1487047136236167, -0.15640148955228989, -0.16232100227703972, -0.16320683718292595, -0.13929785586212604, -0.14690965106037085, -0.1639559770699061, -0.13998385202246816, -0.13050812031663342, -0.15595098769401292, -0.1181848896211393, -0.2487165104271698, -0.17232707350781673, -0.18016960979837116, -0.1301611884422072, -0.14845851734030518, -0.16367592310540446, -0.1354038678061846, -0.1600449755144864, -0.13940126472900982, -0.1769577033632267, -0.16858139737357414, -0.15305849582289183, -0.15293090472536136, -0.13322047061525577, -0.18122527222570167, -0.12575624480095554, -0.15267126716756807, -0.16022381769858565, -0.1445199682175894, -0.1404564654012735, -0.13593890153546678, -0.15412112434921565, -0.17393228847640313, -0.12300320637219997, -0.12320398609930214, -0.1485142771558852, -0.1345149275644622, -0.22006506811218524, -0.15893294195819213, -0.16126713411827193, -0.22229254311639446, -0.12782722999761817, -0.18002967840992073, -0.12026207764956182, -0.21362391348636214, -0.15359698610248382, -0.17109037949341044, -0.1372426723198427, -0.14291204450605804, -0.1387228135581181, -0.1644112484089579, -0.1263350810402553, -0.14418680482109028, -0.20048076173503518, -0.1498915936861397, -0.16156055175568157, -0.2107351359699137], "worst": [-0.6109455172475275, -1.011726628129814, -1.20072675745921, -1.7440295103506673, -2.0366269091813214, -1.479101566943122, -0.8042473043308767, -0.8497732606345876, -0.8786340320978625, -0.8589579987302333, -1.0735655457144704, -1.121425606910418, -1.0503228431801417, -0.824865534840635, -1.0765027369466402, -0.8254171916664561, -0.7196873144702162, -0.9629767736726601, -0.975775142690746, -0.999016537966575, -1.036283681774623, -0.892359606043173, -0.7964292988955199, -0.8727117154336681, -0.9431967875016102, -0.8698795868009143, -0.8209998498276476, -1.006568158838793, -0.6008225078491871, -0.5475011303454652, -0.5959169406878504, -0.4289567482250254, -0.6100521412604049, -0.47594233522090584, -0.46645229295298, -0.3945438194158314, -0.4953916022125924, -0.4522872519922695, -0.3848872307058794, -0.3567625560206508, -0.3083374421624619, -0.3178348494734533, -0.39781650326613816, -0.3415918083014481, -0.3230331097354422, -0.294291985689554, -0.5051170497758952, -0.31631198465709454, -0.3248952107125162, -0.37029729089678, -0.26078522397326714, -0.23398856920311575, -0.27211814421571984, -0.24147963195314037, -0.4438258517544703, -0.2853676473774135, -0.2939212906752457, -0.29313996150751054, -0.27235556276499023, -0.31576339499348377, -0.2851533826861228, -0.3064943556089325, -0.30463924778681684, -0.28469542049102825, -0.29442421925407725, -0.3182371888292798, -0.2689163139197273, -0.26575846567405925, -0.2993269741223037, -0.37932216430818, -0.2651613592134357, -0.29062383621059995, -0.28856864313535413, -0.28244479065589884, -0.27507664214447036, -0.25771066893934297, -0.38042655904411404, -0.258423037737058, -0.3171890988565071, -0.33667501453724635, -0.29188131991750554, -0.3631243599109611, -0.3654011649978324, -0.41565022737580304, -0.3668018701202662, -0.21379316982066265, -0.3177883623092409, -0.26747184764940046, -0.35291775740058917, -0.26768264210377646, -0.3097072612925017, -0.289359854721541, -0.24054339699275873, -0.22799381040880362, -0.3587849416847162, -0.2344105043694496, -0.30138889360533105, -0.3123369605576002, -0.28737382416684, -0.4362349917608443, -0.3086287490322481]},