{"name": "2021-06-01_lossweights100_6", "configs": {"pop_size": 100, "mutation_rate": 0.01, "emb_layers": ["layer_1_act", "layer_2_act"], "recomb_layers": ["layer_1_linear", "layer_2_linear", "output"], "epochs": 1, "loss_weights": [1, 0, 0]}, "results": {"fitness": {"averages": [0.7915000000000001, 0.6842, 0.6792999999999999, 0.6524, 0.6692999999999999, 0.6009, 0.6502, 0.6515000000000002, 0.6226, 0.615, 0.647, 0.6598999999999999, 0.6752000000000001, 0.5848, 0.6476999999999999, 0.6205, 0.6178, 0.6695, 0.7230999999999999, 0.7089000000000002, 0.7291, 0.7826000000000002, 0.7574, 0.7160000000000001, 0.755, 0.7839, 0.7925, 0.8517999999999999, 0.8820999999999999, 0.7636, 0.7942, 0.8261999999999999, 0.7824, 0.7930999999999999, 0.8432999999999998, 0.7388000000000001, 0.8532000000000001, 0.8066000000000001, 0.8099000000000001, 0.8573, 0.8064, 0.8808, 0.8377999999999999, 0.8579000000000001, 0.7877999999999998, 0.8155999999999999, 0.7789, 0.8798999999999999, 0.8469999999999999, 0.8303999999999999, 0.8421000000000001, 0.8459999999999998, 0.8264, 0.8443999999999999, 0.8451999999999998, 0.8707, 0.8533999999999997, 0.8682000000000001, 0.8106, 0.8644999999999999, 0.8620999999999998, 0.8197, 0.8404999999999998, 0.8347999999999999, 0.8619, 0.8583, 0.9036000000000003, 0.8492000000000001, 0.8384999999999999, 0.8051, 0.8651000000000001, 0.8429000000000001, 0.8679000000000001, 0.8517999999999999, 0.8843000000000001, 0.9329999999999999, 0.8910000000000002, 0.8611999999999999, 0.8635999999999998, 0.8487, 0.8786999999999999, 0.8554, 0.8672999999999998, 0.8375, 0.8439, 0.8523999999999999, 0.843, 0.8906000000000001, 0.8294999999999999, 0.8258999999999999, 0.8842, 0.8891000000000001, 0.8367999999999999, 0.8568999999999999, 0.8332999999999999, 0.8518999999999999, 0.871, 0.7934, 0.8684999999999999, 0.8894999999999998, 0.8433999999999999], "best": [0.93, 0.92, 0.91, 0.92, 0.93, 0.84, 0.93, 0.92, 0.87, 0.9, 0.95, 0.93, 0.91, 0.89, 0.92, 0.9, 0.87, 0.91, 0.98, 0.87, 0.92, 0.9, 0.9, 0.89, 0.87, 0.89, 0.87, 0.94, 0.96, 0.85, 0.89, 0.92, 0.9, 0.89, 0.93, 0.82, 0.91, 0.88, 0.89, 0.93, 0.88, 0.93, 0.9, 0.93, 0.85, 0.88, 0.84, 0.92, 0.92, 0.91, 0.9, 0.92, 0.87, 0.88, 0.9, 0.92, 0.91, 0.92, 0.86, 0.91, 0.92, 0.86, 0.88, 0.88, 0.91, 0.91, 0.95, 0.91, 0.91, 0.84, 0.91, 0.9, 0.92, 0.9, 0.93, 0.98, 0.95, 0.9, 0.92, 0.91, 0.92, 0.91, 0.9, 0.89, 0.88, 0.89, 0.88, 0.94, 0.87, 0.91, 0.94, 0.93, 0.88, 0.89, 0.9, 0.9, 0.91, 0.84, 0.93, 0.92, 0.88], "worst": [0.54, 0.11, 0.06, 0.15, 0.08, 0.04, 0.14, 0.15, 0.15, 0.11, 0.19, 0.16, 0.1, 0.03, 0.1, 0.14, 0.18, 0.11, 0.16, 0.27, 0.19, 0.25, 0.21, 0.21, 0.1, 0.15, 0.52, 0.54, 0.73, 0.61, 0.66, 0.63, 0.59, 0.61, 0.7, 0.57, 0.75, 0.67, 0.7, 0.71, 0.64, 0.63, 0.62, 0.79, 0.71, 0.74, 0.62, 0.79, 0.73, 0.73, 0.75, 0.76, 0.75, 0.78, 0.77, 0.79, 0.79, 0.75, 0.76, 0.8, 0.81, 0.76, 0.77, 0.77, 0.78, 0.8, 0.79, 0.73, 0.74, 0.75, 0.79, 0.78, 0.79, 0.78, 0.82, 0.89, 0.81, 0.79, 0.8, 0.77, 0.82, 0.78, 0.79, 0.78, 0.79, 0.79, 0.79, 0.85, 0.77, 0.77, 0.83, 0.8, 0.78, 0.82, 0.74, 0.79, 0.77, 0.74, 0.82, 0.85, 0.77]}, "accuracy": {"averages": [0.7915000000000001, 0.6842, 0.6792999999999999, 0.6524, 0.6692999999999999, 0.6009, 0.6502, 0.6515000000000002, 0.6226, 0.615, 0.647, 0.6598999999999999, 0.6752000000000001, 0.5848, 0.6476999999999999, 0.6205, 0.6178, 0.6695, 0.7230999999999999, 0.7089000000000002, 0.7291, 0.7826000000000002, 0.7574, 0.7160000000000001, 0.755, 0.7839, 0.7925, 0.8517999999999999, 0.8820999999999999, 0.7636, 0.7942, 0.8261999999999999, 0.7824, 0.7930999999999999, 0.8432999999999998, 0.7388000000000001, 0.8532000000000001, 0.8066000000000001, 0.8099000000000001, 0.8573, 0.8064, 0.8808, 0.8377999999999999, 0.8579000000000001, 0.7877999999999998, 0.8155999999999999, 0.7789, 0.8798999999999999, 0.8469999999999999, 0.8303999999999999, 0.8421000000000001, 0.8459999999999998, 0.8264, 0.8443999999999999, 0.8451999999999998, 0.8707, 0.8533999999999997, 0.8682000000000001, 0.8106, 0.8644999999999999, 0.8620999999999998, 0.8197, 0.8404999999999998, 0.8347999999999999, 0.8619, 0.8583, 0.9036000000000003, 0.8492000000000001, 0.8384999999999999, 0.8051, 0.8651000000000001, 0.8429000000000001, 0.8679000000000001, 0.8517999999999999, 0.8843000000000001, 0.9329999999999999, 0.8910000000000002, 0.8611999999999999, 0.8635999999999998, 0.8487, 0.8786999999999999, 0.8554, 0.8672999999999998, 0.8375, 0.8439, 0.8523999999999999, 0.843, 0.8906000000000001, 0.8294999999999999, 0.8258999999999999, 0.8842, 0.8891000000000001, 0.8367999999999999, 0.8568999999999999, 0.8332999999999999, 0.8518999999999999, 0.871, 0.7934, 0.8684999999999999, 0.8894999999999998, 0.8433999999999999], "best": [0.93, 0.92, 0.91, 0.92, 0.93, 0.84, 0.93, 0.92, 0.87, 0.9, 0.95, 0.93, 0.91, 0.89, 0.92, 0.9, 0.87, 0.91, 0.98, 0.87, 0.92, 0.9, 0.9, 0.89, 0.87, 0.89, 0.87, 0.94, 0.96, 0.85, 0.89, 0.92, 0.9, 0.89, 0.93, 0.82, 0.91, 0.88, 0.89, 0.93, 0.88, 0.93, 0.9, 0.93, 0.85, 0.88, 0.84, 0.92, 0.92, 0.91, 0.9, 0.92, 0.87, 0.88, 0.9, 0.92, 0.91, 0.92, 0.86, 0.91, 0.92, 0.86, 0.88, 0.88, 0.91, 0.91, 0.95, 0.91, 0.91, 0.84, 0.91, 0.9, 0.92, 0.9, 0.93, 0.98, 0.95, 0.9, 0.92, 0.91, 0.92, 0.91, 0.9, 0.89, 0.88, 0.89, 0.88, 0.94, 0.87, 0.91, 0.94, 0.93, 0.88, 0.89, 0.9, 0.9, 0.91, 0.84, 0.93, 0.92, 0.88], "worst": [0.54, 0.11, 0.06, 0.15, 0.08, 0.04, 0.14, 0.15, 0.15, 0.11, 0.19, 0.16, 0.1, 0.03, 0.1, 0.14, 0.18, 0.11, 0.16, 0.27, 0.19, 0.25, 0.21, 0.21, 0.1, 0.15, 0.52, 0.54, 0.73, 0.61, 0.66, 0.63, 0.59, 0.61, 0.7, 0.57, 0.75, 0.67, 0.7, 0.71, 0.64, 0.63, 0.62, 0.79, 0.71, 0.74, 0.62, 0.79, 0.73, 0.73, 0.75, 0.76, 0.75, 0.78, 0.77, 0.79, 0.79, 0.75, 0.76, 0.8, 0.81, 0.76, 0.77, 0.77, 0.78, 0.8, 0.79, 0.73, 0.74, 0.75, 0.79, 0.78, 0.79, 0.78, 0.82, 0.89, 0.81, 0.79, 0.8, 0.77, 0.82, 0.78, 0.79, 0.78, 0.79, 0.79, 0.79, 0.85, 0.77, 0.77, 0.83, 0.8, 0.78, 0.82, 0.74, 0.79, 0.77, 0.74, 0.82, 0.85, 0.77]}, "loss": {"averages": [0.09238003539870233, 0.14096265743904163, 0.15703657155610862, 0.18250091558878412, 0.13701024240688453, 0.20305213182294085, 0.17209498076088514, 0.17787107158388477, 0.1935461807143254, 0.21898401891690789, 0.18963253277700554, 0.19649431237042342, 0.1990412710018418, 0.22575109794612255, 0.23738662287778972, 0.20431310565079788, 0.22876920033301118, 0.15173918634769726, 0.17409063720214085, 0.16398568852083098, 0.14488354492608457, 0.12117688911625574, 0.15542385471720468, 0.14420488144691232, 0.13804558114142285, 0.1216025085962897, 0.10239090001922659, 0.0947173142892695, 0.08486999159432818, 0.10593704065794653, 0.09807313767599059, 0.12788425393829828, 0.13767826896361302, 0.09006326121661815, 0.1158262154268, 0.07737294840405658, 0.06966013836093064, 0.11602165825756935, 0.09717680946167645, 0.08586663072946597, 0.10524684141515658, 0.08635245869476797, 0.0787919352139639, 0.08869700246302303, 0.07904914866167995, 0.07722453636146859, 0.07811009103119412, 0.06600860102879388, 0.0775116815022642, 0.06553922041762547, 0.07797159129949388, 0.07290637659809825, 0.07393092043404831, 0.08414070184592157, 0.07922678044474844, 0.07435356363653925, 0.08039811059727553, 0.11618629315484144, 0.06566906158449423, 0.07099328492387146, 0.0664412128030933, 0.0695984750489852, 0.09675680092275483, 0.0952498419893772, 0.08552819296099626, 0.0831968556971582, 0.07128187606735299, 0.0745549830046221, 0.08211606419875862, 0.08587441889294956, 0.06331241519199392, 0.07680016791239835, 0.07779829935494448, 0.08023714594632121, 0.06107284065396177, 0.0478555732474502, 0.06559121768127975, 0.06779149599137238, 0.08042221156871147, 0.07231417094899713, 0.07949363993952721, 0.08600537512738347, 0.07170023418342888, 0.07653691192892044, 0.06779732113431615, 0.08226550100439856, 0.05697299517368793, 0.07555256312378437, 0.08481501657247432, 0.08370967423629475, 0.07188438949767555, 0.05735622275963255, 0.07428162718819008, 0.07360858139006947, 0.08448102347419091, 0.06496009498212517, 0.060772610619226765, 0.09530824148114891, 0.07870970020476586, 0.07387179594576433, 0.0642128121386466],