{"name": "2021-06-01_lossweights021_6", "configs": {"pop_size": 100, "mutation_rate": 0.01, "emb_layers": ["layer_1_act", "layer_2_act"], "recomb_layers": ["layer_1_linear", "layer_2_linear", "output"], "epochs": 1, "loss_weights": [0, 2, 1]}, "results": {"fitness": {"averages": [0.22758157021356745, 0.05965839833389372, 0.04566118827016274, 0.024387055774117625, 0.023113379753741486, 0.002871112453550335, -0.03896480642887613, -0.0473286026045448, -0.07776825882785462, -0.08938769674239266, -0.052956798001691056, -0.09089109898593428, -0.1504178169419755, -0.17711929900574414, -0.05860467607968359, -0.06342997653920798, -0.09561422945575267, 0.02972768493971077, -0.05374752091210734, 0.024758977107564785, 0.05900977874975013, 0.0492309558186655, 0.07217359636874138, 0.10093390695207216, 0.0074772225852907, 0.08187644264994859, 0.11045896720850053, 0.157915467660035, 0.1578989341628487, 0.1903966308067924, 0.11550335967710117, 0.007078782073140456, 0.1715800214912035, 0.14224721033473448, 0.20349149680560108, 0.1869318807268352, 0.14592039922562458, 0.14899028214669305, 0.18550334700563698, 0.20384770455616702, 0.20527417004291362, 0.2504368351430127, 0.06310758271762025, 0.23826048644613906, 0.2247945550543158, 0.20014304778158656, 0.2021384749697238, 0.2709178850124754, 0.1987121619232209, 0.26494136043514677, 0.19427141524724348, 0.14486237770225294, 0.11637960802143789, 0.20799226378027355, 0.15261629928119222, 0.24675784872163373, 0.16418510854823606, 0.18040656292140603, 0.23903806222681098, 0.19956797982337451, 0.2424163447197641, 0.20522491304571386, 0.2465828469612688, 0.27892990249666366, 0.20959600288157784, 0.1762721315925039, 0.2062919973944545, 0.21881161903775656, 0.21315195220725638, 0.1824151384119216, 0.25373876943644397, 0.18223092390343154, 0.2629795921016551, 0.17552545779679005, 0.17345901418522003, 0.25370146163383134, 0.24062176355120754, 0.15969606361570687, 0.1941196727846094, 0.19305172873560042, 0.31139812273825096, 0.23478303844484594, 0.26853311817730086, 0.229627034112531, 0.2968125139184208, 0.2392664805634525, 0.2727529044044126, 0.2662850224067965, 0.2010428184392147, 0.22849330087496228, 0.16693335511985782, 0.26611295044959365, 0.28127365726338593, 0.24329029386584605, 0.20007607465701852, 0.28039200257214536, 0.20289227620323305, 0.2389035309938692, 0.2043061550107461, 0.27546649478770374, 0.22612053331812415], "best": [0.35987858533135153, 0.3314317236387183, 0.36583623980606533, 0.319314822136215, 0.3146371067008433, 0.31135006176552193, 0.3192073808510422, 0.30198439619793094, 0.2781787482590726, 0.24824077524063504, 0.29585511584451607, 0.23772171893511818, 0.25911758622756564, 0.19139320137871607, 0.2815161532626524, 0.21600154217679934, 0.196488752445526, 0.2578848265785647, 0.18516821269987505, 0.26983314570719696, 0.2311681575688619, 0.2427916503750212, 0.2720347913074156, 0.26948568436229825, 0.17325813676029322, 0.23827435267292013, 0.2906375849901632, 0.28817587744900885, 0.2970600838735652, 0.30149392442628203, 0.26192471042269777, 0.16990987783392308, 0.2615899324660178, 0.2430944827296847, 0.30142880816997053, 0.28400997604163436, 0.24889228413086473, 0.24941699469810352, 0.26943596654065016, 0.30750859629677096, 0.2926194202236573, 0.31550047272344184, 0.17459599828438932, 0.3050137208742095, 0.29690939119676624, 0.26596680552861174, 0.26880095299896806, 0.3333838504999853, 0.28217894640156943, 0.32459504127411115, 0.2503300020274708, 0.20229732789066873, 0.17626825421012904, 0.2833859315277879, 0.24296890847198127, 0.2853090488646943, 0.24509536417427502, 0.24262458533477393, 0.28462702907835835, 0.25807961130687057, 0.29133557743108823, 0.2490161998228857, 0.2862564645840691, 0.327738371901862, 0.2668931815203297, 0.22842406483736793, 0.27534976141880996, 0.27622060942319926, 0.2623233390897811, 0.23695472967545916, 0.3060897511611576, 0.22835036126067187, 0.3101486482974096, 0.23227698319505397, 0.2348365187730161, 0.31661065629540003, 0.3054592595402199, 0.26690523588061443, 0.23712638201705583, 0.23854173107106103, 0.3558110456416225, 0.2974992543941488, 0.3344708667124927, 0.2846235224036092, 0.3444653505610237, 0.2813144329912639, 0.30846434071667617, 0.30254012014463616, 0.23198153781042996, 0.283340872843304, 0.21003948661460148, 0.31225927439816237, 0.3038355069520703, 0.2825706717036651, 0.24148468982805305, 0.32075422881404847, 0.2415644904346229, 0.2720067032431097, 0.24859749195397463, 0.32067064150474117, 0.26483981821751046], "worst": [0.0033577171704534114, -0.7775615133107594, -0.4973175464052296, -0.6199980316249682, -0.6064223517268732, -0.6689768561180998, -0.5622578345732265, -0.638477715853702, -0.6118743616200475, -0.6440339811512741, -0.8164682302442965, -0.5765214138355247, -0.9186129491623043, -0.816929113666613, -0.5509743156035778, -0.5486651532105871, -0.506551422049023, -0.37432056713643813, -0.5911654723478703, -0.5142401112432029, -0.38272071188857026, -0.43209755661536875, -0.2254818210923697, -0.15465620579270511, -0.37163462328823627, -0.20679798642157754, -0.10912377256487926, -0.08779970645430935, -0.20327397613303433, -0.041363957042839794, -0.2717870389477881, -0.3874919078548429, -0.15125730323106812, -0.12341365932444293, -0.0017161373112373757, -0.06549080045852212, -0.18301729101749387, -0.09260447161378815, -0.03477286816426389, -0.05784791012417151, -0.09139680914943166, -0.03225483621866315, -0.13956687820610958, -0.011288570994086589, 0.035365044167981585, 0.03712674543549421, 0.09228009223498435, 0.16960054267734692, 0.09625462091035475, 0.12358072956229732, 0.048015353057301646, -0.02656096789037865, -0.017173712912484707, 0.10794158489636008, 0.023853671655373665, 0.18320646988803396, 0.049931664090073324, 0.10673404294474287, 0.1775973189596115, 0.14358013494574018, 0.18708099341058626, 0.16445290924673295, 0.19468807228553986, 0.20598312083079962, 0.11587941935786483, 0.12208395226876084, 0.1307474681033287, 0.15587118145881307, 0.12975804918561373, -0.04609676671384422, 0.19794455079820134, 0.12307722216774397, 0.19894504554696713, 0.12078785801232517, 0.10554667960853481, 0.04900415953830339, 0.16493015528454474, -0.04002702309671391, 0.13911533309976443, 0.12751197943421277, 0.26256390167460447, 0.18128884044741944, 0.19681234732872455, 0.1648056501155456, 0.23281437909371294, 0.17099297747914788, 0.22705983951090536, 0.22065439949186316, 0.14123367852167246, 0.1710178647994059, 0.06480226892439167, 0.22220340199913768, 0.2455624546158207, 0.1789027130521179, 0.12709788889258444, 0.2037274989009577, 0.10881734342210897, 0.17351444302406627, 0.12628940167844505, 0.06335957912887757, 0.16238992904120975]},