{"name": "2021-06-01_lossweights001_9", "configs": {"pop_size": 100, "mutation_rate": 0.01, "emb_layers": ["layer_1_act", "layer_2_act"], "recomb_layers": ["layer_1_linear", "layer_2_linear", "output"], "epochs": 1, "loss_weights": [0, 0, 1]}, "results": {"fitness": {"averages": [0.4445703125, 0.5347265625, 0.5775, 0.6064453125, 0.635390625, 0.6489453125, 0.6636328125, 0.7064453125, 0.7166015625, 0.7125390625, 0.719296875, 0.7166796875, 0.7288671875, 0.735234375, 0.729296875, 0.74359375, 0.7473046875, 0.746796875, 0.7549609375, 0.753828125, 0.7585546875, 0.758359375, 0.757265625, 0.7575, 0.7563671875, 0.75734375, 0.7596484375, 0.7596875, 0.7605078125, 0.7613671875, 0.7616796875, 0.7619140625, 0.7616796875, 0.762890625, 0.763828125, 0.7653515625, 0.7660546875, 0.7662890625, 0.7659375, 0.766640625, 0.7672265625, 0.77140625, 0.773125, 0.7741015625, 0.77171875, 0.7706640625, 0.7712890625, 0.7731640625, 0.77484375, 0.774453125, 0.7766796875, 0.77796875, 0.7772265625, 0.7787890625, 0.777265625, 0.77671875, 0.7758203125, 0.77625, 0.775625, 0.7759375, 0.7760546875, 0.774921875, 0.7784765625, 0.77703125, 0.77859375, 0.77609375, 0.77765625, 0.77609375, 0.77921875, 0.78078125, 0.78203125, 0.78140625, 0.78046875, 0.78015625, 0.78046875, 0.78140625, 0.78046875, 0.78046875, 0.78015625, 0.78046875, 0.77890625, 0.77890625, 0.77828125, 0.78140625, 0.78171875, 0.78203125, 0.78109375, 0.78359375, 0.78484375, 0.78265625, 0.78421875, 0.78671875, 0.78421875, 0.78609375, 0.78734375, 0.78734375, 0.78484375, 0.78578125, 0.78421875, 0.78453125, 0.78359375], "best": [0.79296875, 0.79296875, 0.79296875, 0.79296875, 0.79296875, 0.79296875, 0.79296875, 0.79296875, 0.79296875, 0.79296875, 0.79296875, 0.79296875, 0.79296875, 0.79296875, 0.79296875, 0.79296875, 0.79296875, 0.79296875, 0.79296875, 0.79296875, 0.79296875, 0.79296875, 0.79296875, 0.79296875, 0.79296875, 0.79296875, 0.79296875, 0.79296875, 0.79296875, 0.79296875, 0.79296875, 0.79296875, 0.79296875, 0.79296875, 0.79296875, 0.79296875, 0.79296875, 0.79296875, 0.79296875, 0.79296875, 0.79296875, 0.79296875, 0.79296875, 0.79296875, 0.79296875, 0.79296875, 0.79296875, 0.79296875, 0.79296875, 0.79296875, 0.79296875, 0.79296875, 0.79296875, 0.79296875, 0.79296875, 0.79296875, 0.79296875, 0.79296875, 0.79296875, 0.79296875, 0.79296875, 0.79296875, 0.79296875, 0.79296875, 0.79296875, 0.79296875, 0.79296875, 0.79296875, 0.79296875, 0.79296875, 0.79296875, 0.79296875, 0.79296875, 0.79296875, 0.79296875, 0.79296875, 0.79296875, 0.79296875, 0.79296875, 0.79296875, 0.79296875, 0.79296875, 0.79296875, 0.79296875, 0.79296875, 0.79296875, 0.79296875, 0.79296875, 0.79296875, 0.79296875, 0.79296875, 0.79296875, 0.79296875, 0.79296875, 0.79296875, 0.79296875, 0.79296875, 0.79296875, 0.79296875, 0.79296875, 0.79296875], "worst": [0.09765625, 0.11328125, 0.1328125, 0.1328125, 0.25390625, 0.25390625, 0.25390625, 0.25390625, 0.25390625, 0.25390625, 0.421875, 0.421875, 0.421875, 0.421875, 0.421875, 0.625, 0.625, 0.625, 0.625, 0.625, 0.6640625, 0.6640625, 0.6640625, 0.6640625, 0.6640625, 0.6640625, 0.6640625, 0.6640625, 0.6640625, 0.6640625, 0.6640625, 0.6640625, 0.6640625, 0.6640625, 0.6640625, 0.75, 0.75, 0.75, 0.75, 0.75, 0.75, 0.75, 0.75, 0.75, 0.75, 0.75, 0.75, 0.75, 0.75, 0.75, 0.75, 0.75, 0.75, 0.75, 0.75, 0.75, 0.75, 0.75, 0.75, 0.75, 0.75, 0.75, 0.75, 0.76171875, 0.76171875, 0.76171875, 0.76171875, 0.76171875, 0.76171875, 0.76171875, 0.76171875, 0.76171875, 0.76171875, 0.76171875, 0.76171875, 0.76171875, 0.76171875, 0.76171875, 0.76171875, 0.76171875, 0.76171875, 0.76171875, 0.76171875, 0.76171875, 0.76171875, 0.76171875, 0.76171875, 0.76171875, 0.76171875, 0.76171875, 0.76171875, 0.76171875, 0.76171875, 0.76171875, 0.76171875, 0.76171875, 0.76171875, 0.76171875, 0.76171875, 0.76171875, 0.76171875]}, "accuracy": {"averages": [0.7395999999999999, 0.6547999999999999, 0.5338999999999999, 0.49040000000000006, 0.42589999999999995, 0.42, 0.4089999999999999, 0.37060000000000004, 0.28290000000000004, 0.2844, 0.2882, 0.25920000000000004, 0.2766, 0.29460000000000003, 0.22769999999999999, 0.26360000000000006, 0.2173, 0.2242, 0.24150000000000005, 0.23539999999999994, 0.23980000000000004, 0.1978, 0.22789999999999996, 0.1629, 0.16610000000000003, 0.20149999999999998, 0.13870000000000002, 0.2041, 0.11590000000000002, 0.2147, 0.18720000000000003, 0.17889999999999998, 0.1717, 0.17809999999999995, 0.1616, 0.19120000000000004, 0.1346, 0.2323, 0.14589999999999997, 0.1594, 0.11740000000000002, 0.11750000000000002, 0.1582, 0.15239999999999998, 0.16529999999999997, 0.1393, 0.13180000000000003, 0.12710000000000005, 0.14840000000000003, 0.1364, 0.17560000000000003, 0.18, 0.1189, 0.0736, 0.12100000000000001, 0.1469, 0.12469999999999999, 0.10940000000000001, 0.10780000000000003, 0.11290000000000001, 0.18109999999999998, 0.1583, 0.10940000000000001, 0.11200000000000002, 0.1356, 0.12050000000000001, 0.1119, 0.13660000000000003, 0.1307, 0.11019999999999999, 0.087, 0.17079999999999998, 0.12589999999999998, 0.1441, 0.1317, 0.1207, 0.1457, 0.09730000000000004, 0.13720000000000002, 0.11449999999999999, 0.0864, 0.1139, 0.1481, 0.13019999999999998, 0.12480000000000001, 0.0708, 0.10250000000000004, 0.1375, 0.22240000000000004, 0.1907, 0.09459999999999999, 0.13699999999999998, 0.14429999999999998, 0.13119999999999998, 0.1448, 0.19130000000000003, 0.17439999999999994, 0.12690000000000004, 0.19780000000000006, 0.18589999999999995, 0.13999999999999999], "best": [0.88, 0.93, 0.88, 0.87, 0.77, 0.78, 0.86, 0.81, 0.76, 0.81, 0.73, 0.78, 0.71, 0.67, 0.7, 0.48, 0.45, 0.43, 0.44, 0.43, 0.54, 0.44, 0.48, 0.45, 0.43, 0.48, 0.5, 0.53, 0.44, 0.56, 0.48, 0.57, 0.49, 0.48, 0.48, 0.49, 0.37, 0.52, 0.39, 0.54, 0.36, 0.43, 0.38, 0.31, 0.44, 0.35, 0.29, 0.47, 0.41, 0.23, 0.26, 0.28, 0.19, 0.15, 0.22, 0.25, 0.21, 0.21, 0.21, 0.19, 0.28, 0.27, 0.21, 0.26, 0.25, 0.27, 0.25, 0.28, 0.24, 0.2, 0.16, 0.27, 0.2, 0.23, 0.21, 0.21, 0.23, 0.17, 0.26, 0.19, 0.15, 0.2, 0.28, 0.21, 0.18, 0.12, 0.2, 0.2, 0.3, 0.28, 0.15, 0.19, 0.19, 0.19, 0.21, 0.29, 0.3, 0.25, 0.29, 0.27, 0.21], "worst": [0.46, 0.11, 0.05, 0.04, 0.09, 0.05, 0.02, 0.02, 0.02, 0.03, 0.04, 0.06, 0.02, 0.06, 0.03, 0.06, 0.08, 0.07, 0.07, 0.07, 0.05, 0.03, 0.07, 0.02, 0.04, 0.05, 0.03, 0.04, 0.03, 0.02, 0.01, 0.02, 0.01, 0.05, 0.01, 0.05, 0.03, 0.07, 0.03, 0.01, 0.01, 0.01, 0.02, 0.0, 0.04, 0.04, 0.04, 0.0, 0.01, 0.02, 0.02, 0.04, 0.01, 0.0, 0.04, 0.04, 0.03, 0.01, 0.01, 0.05, 0.02, 0.07, 0.02, 0.02, 0.01, 0.03, 0.02, 0.03, 0.01, 0.01, 0.03, 0.03, 0.05, 0.02, 0.01, 0.02, 0.03, 0.01, 0.02, 0.02, 0.02, 0.02, 0.04, 0.01, 0.06, 0.02, 0.01, 0.06, 0.06, 0.03, 0.01, 0.05, 0.07, 0.05, 0.05, 0.1, 0.08, 0.05, 0.05, 0.1, 0.06]},