{"name": "2021-06-01_lossweights001_8", "configs": {"pop_size": 100, "mutation_rate": 0.01, "emb_layers": ["layer_1_act", "layer_2_act"], "recomb_layers": ["layer_1_linear", "layer_2_linear", "output"], "epochs": 1, "loss_weights": [0, 0, 1]}, "results": {"fitness": {"averages": [0.4445703125, 0.49609375, 0.5447265625, 0.5872265625, 0.6282421875, 0.655859375, 0.692578125, 0.6948046875, 0.7198828125, 0.740859375, 0.7488671875, 0.738984375, 0.7354296875, 0.7483203125, 0.7482421875, 0.7458984375, 0.761640625, 0.7641015625, 0.7640234375, 0.7658984375, 0.7619921875, 0.7650390625, 0.7613671875, 0.7711328125, 0.7675390625, 0.76859375, 0.769609375, 0.773359375, 0.7809375, 0.779375, 0.780625, 0.780703125, 0.78, 0.77921875, 0.780390625, 0.781953125, 0.7821875, 0.781875, 0.783046875, 0.78203125, 0.782890625, 0.782421875, 0.781015625, 0.78015625, 0.780546875, 0.7803125, 0.78140625, 0.780625, 0.7821875, 0.782421875, 0.782578125, 0.78265625, 0.784140625, 0.78390625, 0.78453125, 0.783984375, 0.78421875, 0.784453125, 0.786640625, 0.786796875, 0.786953125, 0.78875, 0.788359375, 0.788828125, 0.787265625, 0.788125, 0.78875, 0.789453125, 0.789453125, 0.78859375, 0.789609375, 0.7903125, 0.78953125, 0.788125, 0.786640625, 0.785703125, 0.785078125, 0.785, 0.784921875, 0.785234375, 0.785859375, 0.786953125, 0.78796875, 0.786796875, 0.785703125, 0.7853125, 0.7865625, 0.7878125, 0.78703125, 0.78828125, 0.78796875, 0.788671875, 0.788984375, 0.789140625, 0.789296875, 0.789765625, 0.7896875, 0.790625, 0.789921875, 0.790859375, 0.791640625], "best": [0.79296875, 0.79296875, 0.79296875, 0.79296875, 0.79296875, 0.79296875, 0.79296875, 0.79296875, 0.79296875, 0.79296875, 0.79296875, 0.79296875, 0.79296875, 0.79296875, 0.79296875, 0.79296875, 0.79296875, 0.79296875, 0.79296875, 0.79296875, 0.79296875, 0.79296875, 0.79296875, 0.79296875, 0.79296875, 0.79296875, 0.79296875, 0.79296875, 0.79296875, 0.79296875, 0.79296875, 0.79296875, 0.79296875, 0.79296875, 0.79296875, 0.79296875, 0.79296875, 0.79296875, 0.79296875, 0.79296875, 0.79296875, 0.79296875, 0.79296875, 0.79296875, 0.79296875, 0.79296875, 0.79296875, 0.79296875, 0.79296875, 0.79296875, 0.79296875, 0.79296875, 0.79296875, 0.79296875, 0.79296875, 0.79296875, 0.79296875, 0.79296875, 0.79296875, 0.79296875, 0.79296875, 0.79296875, 0.79296875, 0.79296875, 0.79296875, 0.79296875, 0.79296875, 0.79296875, 0.79296875, 0.79296875, 0.79296875, 0.79296875, 0.79296875, 0.79296875, 0.79296875, 0.79296875, 0.79296875, 0.79296875, 0.79296875, 0.79296875, 0.79296875, 0.79296875, 0.79296875, 0.79296875, 0.79296875, 0.79296875, 0.79296875, 0.79296875, 0.79296875, 0.79296875, 0.79296875, 0.79296875, 0.79296875, 0.79296875, 0.79296875, 0.79296875, 0.79296875, 0.79296875, 0.79296875, 0.79296875, 0.79296875], "worst": [0.09765625, 0.09765625, 0.11328125, 0.16796875, 0.21875, 0.23046875, 0.31640625, 0.3984375, 0.3984375, 0.3984375, 0.3984375, 0.3984375, 0.3984375, 0.3984375, 0.4609375, 0.4609375, 0.56640625, 0.56640625, 0.56640625, 0.56640625, 0.56640625, 0.56640625, 0.56640625, 0.56640625, 0.625, 0.625, 0.625, 0.625, 0.76953125, 0.76953125, 0.76953125, 0.76953125, 0.76953125, 0.76953125, 0.76953125, 0.76953125, 0.76953125, 0.76953125, 0.76953125, 0.76953125, 0.76953125, 0.76953125, 0.76953125, 0.76953125, 0.76953125, 0.76953125, 0.76953125, 0.76953125, 0.76953125, 0.76953125, 0.76953125, 0.76953125, 0.76953125, 0.76953125, 0.76953125, 0.76953125, 0.76953125, 0.76953125, 0.76953125, 0.76953125, 0.76953125, 0.76953125, 0.76953125, 0.76953125, 0.76953125, 0.76953125, 0.76953125, 0.76953125, 0.76953125, 0.76953125, 0.76953125, 0.76953125, 0.76953125, 0.76953125, 0.76953125, 0.76953125, 0.76953125, 0.76953125, 0.76953125, 0.76953125, 0.76953125, 0.76953125, 0.76953125, 0.76953125, 0.76953125, 0.76953125, 0.76953125, 0.76953125, 0.76953125, 0.76953125, 0.76953125, 0.76953125, 0.76953125, 0.76953125, 0.76953125, 0.76953125, 0.76953125, 0.76953125, 0.76953125, 0.76953125, 0.76953125]}, "accuracy": {"averages": [0.782, 0.6541, 0.58, 0.45289999999999997, 0.46860000000000007, 0.41540000000000005, 0.28890000000000005, 0.3193, 0.2476, 0.2993, 0.3125, 0.2613, 0.22280000000000005, 0.2354, 0.24109999999999998, 0.2572, 0.23170000000000004, 0.23410000000000003, 0.2341, 0.18359999999999999, 0.17659999999999998, 0.2483, 0.2847, 0.21169999999999994, 0.19469999999999998, 0.24600000000000002, 0.22210000000000002, 0.25489999999999996, 0.21719999999999998, 0.3114, 0.22519999999999998, 0.1971, 0.21529999999999996, 0.22310000000000002, 0.20199999999999999, 0.235, 0.24539999999999998, 0.16079999999999997, 0.27240000000000003, 0.24110000000000004, 0.196, 0.22400000000000003, 0.20939999999999998, 0.20189999999999997, 0.22310000000000002, 0.24989999999999998, 0.21639999999999998, 0.2614, 0.2057, 0.1919, 0.2155, 0.22330000000000003, 0.2364, 0.22820000000000001, 0.2508, 0.2513, 0.26350000000000007, 0.2322, 0.2214, 0.1843, 0.2476, 0.3, 0.28759999999999997, 0.25000000000000006, 0.28600000000000003, 0.2329, 0.17590000000000003, 0.2611, 0.21359999999999998, 0.2592, 0.26360000000000006, 0.22850000000000004, 0.30319999999999997, 0.254, 0.23799999999999996, 0.19969999999999996, 0.20670000000000002, 0.22659999999999997, 0.1721, 0.18789999999999998, 0.25120000000000003, 0.20490000000000003, 0.24700000000000003, 0.2327, 0.24709999999999993, 0.2468, 0.2376, 0.21549999999999997, 0.16399999999999998, 0.27609999999999996, 0.22130000000000002, 0.19309999999999994, 0.2021, 0.19080000000000003, 0.21150000000000002, 0.14020000000000002, 0.18499999999999997, 0.22050000000000003, 0.2736, 0.2529, 0.20250000000000004], "best": [0.91, 0.88, 0.91, 0.89, 0.92, 0.88, 0.81, 0.83, 0.7, 0.68, 0.59, 0.69, 0.59, 0.55, 0.49, 0.54, 0.47, 0.47, 0.52, 0.41, 0.47, 0.51, 0.53, 0.47, 0.42, 0.4, 0.39, 0.42, 0.47, 0.57, 0.37, 0.39, 0.39, 0.52, 0.48, 0.37, 0.43, 0.33, 0.42, 0.36, 0.37, 0.38, 0.36, 0.41, 0.42, 0.43, 0.43, 0.45, 0.39, 0.39, 0.42, 0.4, 0.45, 0.36, 0.43, 0.38, 0.44, 0.34, 0.36, 0.3, 0.38, 0.43, 0.4, 0.38, 0.44, 0.39, 0.29, 0.39, 0.32, 0.35, 0.34, 0.33, 0.39, 0.38, 0.35, 0.39, 0.32, 0.33, 0.31, 0.33, 0.44, 0.33, 0.38, 0.38, 0.36, 0.41, 0.35, 0.4, 0.29, 0.4, 0.3, 0.34, 0.37, 0.32, 0.32, 0.24, 0.31, 0.31, 0.42, 0.36, 0.31], "worst": [0.49, 0.14, 0.05, 0.06, 0.09, 0.05, 0.07, 0.07, 0.05, 0.08, 0.08, 0.03, 0.01, 0.04, 0.04, 0.06, 0.08, 0.07, 0.06, 0.02, 0.02, 0.08, 0.08, 0.03, 0.04, 0.09, 0.1, 0.11, 0.06, 0.09, 0.08, 0.08, 0.09, 0.07, 0.03, 0.04, 0.08, 0.08, 0.14, 0.12, 0.12, 0.1, 0.1, 0.04, 0.11, 0.13, 0.1, 0.12, 0.02, 0.05, 0.08, 0.09, 0.06, 0.14, 0.15, 0.15, 0.16, 0.14, 0.11, 0.09, 0.07, 0.14, 0.15, 0.14, 0.13, 0.1, 0.09, 0.16, 0.11, 0.15, 0.15, 0.17, 0.19, 0.16, 0.14, 0.08, 0.12, 0.13, 0.08, 0.03, 0.08, 0.08, 0.15, 0.1, 0.15, 0.15, 0.16, 0.11, 0.08, 0.17, 0.12, 0.11, 0.13, 0.1, 0.13, 0.1, 0.1, 0.14, 0.19, 0.13, 0.11]},