{"name": "2021-06-01_lossweights021_4", "configs": {"pop_size": 100, "mutation_rate": 0.01, "emb_layers": ["layer_1_act", "layer_2_act"], "recomb_layers": ["layer_1_linear", "layer_2_linear", "output"], "epochs": 1, "loss_weights": [0, 2, 1]}, "results": {"fitness": {"averages": [0.2638339670014815, 0.1284952213766747, 0.05035752082141336, -0.014416566205861181, 0.007454787581270785, 0.038064832194708444, -0.021710708219028166, 0.00011829624164451936, -0.028111767285462053, -0.018938736148390693, 0.04665892179680967, -0.03855096277041759, 0.02111944819256141, 0.06332211332510156, 0.03122708994118072, 0.06062092253357413, 0.06279943865681031, 0.044520630113891506, 0.07417312606035208, 0.04065134387734526, 0.030995761990781294, 0.08456106861446878, 0.0863709248049613, 0.07678827867857999, 0.12474309777449336, 0.1138134371240841, 0.12005513211476236, 0.14730497476815133, 0.10037513203939823, 0.11975004703744073, 0.11568162758580554, 0.06683425524774844, 0.08611308386766169, 0.13786108890895346, 0.1197353592060097, 0.09445304679101872, 0.15734388839392072, 0.10286005154411694, 0.1230636534508148, 0.16622675126718267, 0.12411884038170706, 0.09805399239414013, 0.1623454498218127, 0.11097398305437277, 0.14944364392854184, 0.09957582117059717, 0.13217258429218298, 0.1456170081722615, 0.128815946692374, 0.11093165692716023, 0.11562070958229782, 0.11157625816958923, 0.10262045409713892, 0.07516232134753068, 0.13727455121739787, 0.14533134655219457, 0.15328278695520248, 0.1459516879261134, 0.1428819480298871, 0.1228648751640187, 0.14883537604495328, 0.12395600843646835, 0.14475484703901892, 0.13089773286870685, 0.15925200889170374, 0.12456783848427805, 0.17715406013434215, 0.13828897159206158, 0.15574304187018206, 0.14618939139204504, 0.15063792184051503, 0.07806543205000976, 0.14285108156002635, 0.16116342864205233, 0.14787907676397988, 0.12511082504559054, 0.1437260641847006, 0.10309222064506524, 0.13010319633948172, 0.12876471162502187, 0.16073266534576278, 0.10226658498443374, 0.1170615346444115, 0.14171443199503103, 0.14304447125569855, 0.15302195896499604, 0.15624257660009236, 0.14188008874587446, 0.1402496616615425, 0.15334353315470078, 0.1423624211193892, 0.11688133453860856, 0.16313314251552968, 0.12031997258609634, 0.1511009842563333, 0.1200606298750438, 0.16104230691094668, 0.15904068275947394, 0.14042771940674545, 0.14179113438247795, 0.14855157154967608], "best": [0.3901874438227916, 0.3804420622072623, 0.30991536439446066, 0.2508920302117774, 0.3052333567068599, 0.2878033229572876, 0.2472254659318936, 0.2590607523373332, 0.2254191478122417, 0.21259305871281076, 0.20940849978232864, 0.19908699566209986, 0.18572201979874753, 0.19876524072049473, 0.1983534893709242, 0.1835150302853412, 0.1998850825396395, 0.19046914344105617, 0.19438350526648152, 0.1931726469162512, 0.18078059133893726, 0.19988999186484682, 0.1821050982653662, 0.18148331642125176, 0.20093300718903132, 0.19840210888698595, 0.1956934621589238, 0.19591487192775917, 0.16414363921847358, 0.18793177422268983, 0.1924404688042534, 0.16518040690293112, 0.14397402131179116, 0.1959933078375774, 0.18430113782741042, 0.15776751032251604, 0.20570426453889956, 0.17519564756260786, 0.19357789963443628, 0.2105871172057621, 0.1774974516483521, 0.1620555490472028, 0.21234277455331044, 0.20060536274970364, 0.2008669602584197, 0.15952394260516078, 0.17768308242655828, 0.19203721355622322, 0.18118931492371507, 0.17338496486093355, 0.17873028634104585, 0.17121922525541614, 0.1789506569484767, 0.14352535959417834, 0.19051515262348245, 0.20131229677637685, 0.1988397749950272, 0.18985407676971464, 0.19035204996961658, 0.18434271295380025, 0.19879223469777765, 0.1850837428116418, 0.18595620094359894, 0.1659073099596061, 0.19401175751168043, 0.1830702884297662, 0.20585919214626394, 0.18227639981915972, 0.19048041679034602, 0.19284580153168634, 0.17782573570539453, 0.11940191912643996, 0.17567436983192794, 0.20077099402563836, 0.17034379955261159, 0.15923108759045904, 0.18722935643541583, 0.1292545845883268, 0.17265689570136042, 0.16593493373405357, 0.18886235339389745, 0.15141582640357407, 0.15471403541315082, 0.1686735511347131, 0.1745553300960222, 0.18157366478168857, 0.18312064619383905, 0.1730922286099043, 0.1718152580635297, 0.18105292395254777, 0.1781150093011646, 0.15780544662234616, 0.18873255559277774, 0.15904525794760405, 0.18176875593978808, 0.16505333335931063, 0.18824729521172695, 0.18987990276783018, 0.1838111647543393, 0.17204564842214212, 0.176579859293297], "worst": [-0.027271414125479065, -0.4637403503499059, -0.5065661574754357, -0.6242463898905559, -0.688908684649383, -0.41812416310404, -0.613875781568477, -0.40920994666015664, -0.5577028411603334, -0.7081017675372276, -0.31186997190825294, -0.6757234652314816, -0.44957457602954576, -0.485729322004831, -0.3195265155687296, -0.22582554720038817, -0.3619166121363151, -0.5414720944188418, -0.30860725971435266, -0.40523402838835665, -0.3979368831850978, -0.39660109248750164, -0.23169392234160702, -0.25644835641613306, -0.18340102983702145, -0.03779841044417509, -0.10622727722196057, 0.07315869080750981, -0.005585631105995192, 0.014559489300273343, 0.0012474870253445514, -0.08197263000490546, 0.023560660792953436, -0.03361007509603564, -0.08202581754170468, -0.028393650365404755, 0.08179504873046906, -0.11935832299168181, 0.04238212592732343, 0.11776567697594234, 0.05462377529436238, -0.06691452984163804, 0.08558178983758985, -0.007877927432835663, -0.0160495216211215, -0.08562498962401777, 0.029724081945758513, 0.06068211143213981, -0.14156438016009826, 0.0386993457771006, -0.019880183712941202, 0.008473811324104574, -0.003919981293278418, -0.053892213559028734, 0.06326057302119034, 0.06492402233724115, 0.06628019347237074, 0.04687742625420602, 0.00585500794303373, 0.06310508479246568, 0.04466462339831609, 0.0051742793974443035, 0.06417686295884117, 0.07969301776118135, 0.11388911669438706, -0.016277078817377943, 0.08887789802321075, 0.0564574470600116, 0.08592058680434933, 0.07893522819636822, 0.10751110569350009, 0.002203751449876945, 0.08641049103567158, 0.049543859714264726, 0.10010719658976339, 0.05876347251819061, 0.07620338057170806, 0.048150540055964364, -0.0031732162696849753, 0.06932088907924025, 0.10199993771846733, -0.01813226821682168, 0.04617340758880972, 0.11123389700613251, 0.10008931533370163, 0.025622172583609548, 0.06476017105299028, 0.09488355507547913, 0.08572145536028677, 0.1271032390272334, 0.10640309759510755, -0.17838123794436783, 0.12462271909344996, 0.08961366903747542, 0.10455612963141497, 0.0075398441109537084, 0.13412184017368686, 0.1223538134665065, -0.04270338638631399, 0.06363300149030077, 0.11140536784046351]},