{"name": "2021-06-01_08-56-08_lossweights121_6", "configs": {"pop_size": 100, "mutation_rate": 0.01, "emb_layers": ["layer_1_act", "layer_2_act"], "recomb_layers": ["layer_1_linear", "layer_2_linear", "output"], "epochs": 1, "loss_weights": [1, 2, 1]}, "results": {"fitness": {"averages": [1.051309991452982, 0.7896175890007459, 0.5454594265594533, 0.6392930556856022, 0.6358761125546194, 0.6190834848211564, 0.46708415573573725, 0.7083768107857432, 0.4516745428571056, 0.5489208731679489, 0.3446265657519298, 0.31788444983117187, 0.34830910139117427, 0.4247474212461114, 0.4067642221393487, 0.43889153205521486, 0.20316229381937703, 0.41811262896549417, 0.44936554979445886, 0.5418316439427509, 0.521210667214064, 0.5185812200519118, 0.4463981216677805, 0.510539771225195, 0.45097650171359194, 0.5918141434730436, 0.5686926296940092, 0.6380931412278501, 0.5488016608546947, 0.6826832697046165, 0.6293726935890658, 0.6104995633919902, 0.7759127483231986, 0.6054138425802545, 0.6456075970089726, 0.6244464282895601, 0.6489890446793498, 0.6894498586919753, 0.7454297944831157, 0.6787815574372474, 0.6828847480198502, 0.6253504254950476, 0.6646535111385947, 0.7051399184381918, 0.7362789406746211, 0.7288155737478931, 0.7204511569191492, 0.7183583397381278, 0.7757694917958178, 0.7612091072324985, 0.7279189213788857, 0.7835451913113771, 0.7768053852421792, 0.8145949240926247, 0.8283233375374429, 0.6629750789665279, 0.7105406657912351, 0.6961738508170785, 0.7493030312094294, 0.7313842461388141, 0.7071508108306928, 0.736768852920003, 0.6610914401729876, 0.7369454921140581, 0.8110143861518511, 0.7134958291786144, 0.7450512634457483, 0.6985332128162035, 0.7053564905452663, 0.8502537865420763, 0.8459590615146584, 0.8062753796009268, 0.7727113264694435, 0.7186970880587592, 0.7112116553498042, 0.6962126175113071, 0.7290942219095295, 0.8519177287745037, 0.8386209755308097, 0.8527671033208385, 0.6789879322702077, 0.8525503065960676, 0.8495982054627627, 0.747013392199922, 0.819175934468602, 0.8109190106213109, 0.7431153469506266, 0.755829700008954, 0.734688075654473, 0.7951660055808794, 0.7410144118815666, 0.7906396683210644, 0.7577597672873584, 0.8390177384618386, 0.7922533326941301, 0.7406272520310513, 0.7958904620474311, 0.8186178228692371, 0.7820181158987295, 0.753818170256481, 0.8418674426771835], "best": [1.2369976002768133, 1.221629074323467, 1.0814476220607432, 1.1162927762167272, 1.1783729018062807, 1.1400299966870273, 0.9172111215021298, 1.0535263387105123, 0.999170131236045, 1.0764096930690266, 0.776583517372919, 0.7672488879718031, 0.7939546323019264, 0.8703237590755251, 0.840698105864593, 0.843502498526624, 0.8268709603841267, 0.823329164706436, 0.7932020339966315, 0.8768861652022247, 0.9021904867097816, 0.9142696106835717, 0.8153761123766347, 0.7782126081547127, 0.7814637972741311, 0.8112091164246961, 0.8691512796185579, 0.8303886085799401, 0.7835094287458954, 0.8470171361152605, 0.7934773262018899, 0.8314006125993189, 0.9034282587418007, 0.7697673712194015, 0.8058995862746052, 0.7573404822451255, 0.7779040573907477, 0.8032192960756248, 0.854410035607146, 0.8303190538637819, 0.7848806373931138, 0.7850358294405508, 0.7939435329564937, 0.8280565887345255, 0.8450148383950573, 0.8291320565306477, 0.8786448400707821, 0.8179910007967657, 0.8780150720451483, 0.8465690992515336, 0.8481201229993631, 0.888455029481049, 0.888718032104765, 0.9089246645895148, 0.9090785732478864, 0.7888764502868775, 0.8328347478184914, 0.8228500515752823, 0.8518259862211213, 0.8534328789802387, 0.8613906642509568, 0.8576980545526104, 0.785481146505145, 0.8326852901073868, 0.9024446267317527, 0.82962845446292, 0.8663931470938603, 0.7925375468541949, 0.820642097486888, 0.9696905365547438, 0.9272877276869028, 0.878823132802597, 0.8821652711428485, 0.7990730973556365, 0.8099194935082195, 0.7747163891495744, 0.8352213092678082, 0.9573417712644506, 0.928188755796393, 0.9154839758569274, 0.7567545170190847, 0.9428996931114775, 0.9372599212367285, 0.8330631425981373, 0.9060874599711977, 0.8665265151066683, 0.8334324319646339, 0.8258158703843517, 0.8347947559170004, 0.8613311171232678, 0.8493814973385259, 0.8782215864431213, 0.8431017774567258, 0.9238623336610788, 0.9101148119470832, 0.8131498210513257, 0.8828319311439798, 0.8970203176118599, 0.8797819736600229, 0.8322411113510174, 0.9169401137887548], "worst": [0.508494065156581, -0.4778954001186666, -0.6439573926422845, -0.3861877622625962, -0.46633740000227974, -0.50178807015726, -0.4287031054501347, -0.02401654584005558, -0.6230246189771975, -0.507262261958668, -0.5254677572521781, -0.5695598773894835, -0.45850693226461714, -0.409354434128988, -0.39519999461384636, -0.31536797885771706, -0.4739327336136049, -0.2485321569996466, -0.2640326951973506, -0.5953468257210128, -0.526730458580958, -0.3722221631629362, -0.29494265739215775, -0.06626175039630788, 0.09308382139732241, 0.11449633403534154, -0.045846625655122875, 0.035418055775387425, -0.13895584378235992, 0.3733427461681275, 0.3111771291892421, 0.39172671328347525, 0.6275119196559522, 0.3983736590399677, 0.40924889716420554, 0.3888494857411997, 0.46890650409147366, 0.5355796946311446, 0.6281771899046871, 0.5377460490376405, 0.536300823242143, 0.4366115000233517, 0.4401413370663634, 0.43042918708167777, 0.5909211410285625, 0.564504893128132, 0.5350261534829804, 0.48899202235094497, 0.6653364931380377, 0.48926475500161126, 0.5798565447434565, 0.6325848331039721, 0.6342420089544402, 0.7074935077502931, 0.70136751687748, 0.45908048632365295, 0.4688827136123911, 0.4825237554019425, 0.5571209782245773, 0.550293833489699, 0.5626875363148467, 0.5769875988297635, 0.5146057254988394, 0.6193641066989217, 0.6754821119324144, 0.5849740510147441, 0.5547821492499609, 0.3588354794100672, 0.5586043968185221, 0.5295990635235823, 0.7309687498435471, 0.7013948927614524, 0.6590299361222551, 0.5722101770686894, 0.45667988802109605, 0.5623253441140337, 0.5986754849505659, 0.7150226186841276, 0.7378448626247476, 0.7387578984721576, 0.5748794505167842, 0.708119628401416, 0.711434321527129, 0.6401471399023798, 0.6877683020362365, 0.7256248036687034, 0.6388028200640823, 0.571554797386116, 0.5217843405431397, 0.676757709318043, 0.6526473726394438, 0.6509058292125272, 0.6210363009121082, 0.670473561117026, 0.6653330487657699, 0.6467192228694499, 0.6727088438290181, 0.7064590738209601, 0.6679666280417021, 0.5480337441453877, 0.6005370405748585]}, "accuracy": {"averages": [0.7879999999999999, 0.6987999999999999, 0.5817, 0.6381000000000001, 0.6208, 0.6336999999999999, 0.5758, 0.6900999999999999, 0.6109, 0.6396999999999999, 0.5699000000000001, 0.5717, 0.5661999999999999, 0.5514, 0.5871, 0.6285999999999998, 0.5584, 0.5961, 0.6321, 0.7070000000000001, 0.6657000000000001, 0.6631, 0.6087, 0.6593000000000001, 0.6415000000000001, 0.6548999999999999, 0.6840999999999999, 0.7165, 0.6963000000000001, 0.741, 0.7191000000000001, 0.7238000000000001, 0.7585999999999999, 0.7180999999999998, 0.7331, 0.7435, 0.7192000000000001, 0.7761, 0.8122, 0.7464, 0.7385, 0.7271000000000001, 0.7319000000000001, 0.7632000000000001, 0.7646, 0.7489999999999999, 0.8093, 0.7910999999999998, 0.8008000000000002, 0.8009999999999999, 0.7850999999999999, 0.7964999999999999, 0.7878000000000001, 0.7973, 0.8397999999999999, 0.7697000000000002, 0.7357, 0.7686, 0.7994, 0.8251000000000002, 0.7706000000000001, 0.7716, 0.7609, 0.7582999999999999, 0.8043999999999998, 0.8016000000000001, 0.7712, 0.7652000000000001, 0.7726, 0.8377, 0.8554999999999999, 0.8587, 0.7820999999999999, 0.7717000000000002, 0.7925000000000001, 0.7729, 0.7769999999999999, 0.8590999999999999, 0.8218999999999999, 0.8401, 0.725, 0.8299000000000001, 0.8445999999999998, 0.7830999999999999, 0.8145, 0.8014, 0.8045000000000002, 0.8271, 0.7902000000000001, 0.8859999999999999, 0.79, 0.7634000000000001, 0.8129, 0.8214999999999999, 0.8074999999999997, 0.7799000000000003, 0.8056, 0.8323999999999999, 0.8377, 0.8122999999999999, 0.8482],