{"name": "2021-06-01_lossweights020_3", "configs": {"pop_size": 100, "mutation_rate": 0.01, "emb_layers": ["layer_1_act", "layer_2_act"], "recomb_layers": ["layer_1_linear", "layer_2_linear", "output"], "epochs": 1, "loss_weights": [0, 2, 0]}, "results": {"fitness": {"averages": [-0.1946318557474249, -0.32235580399126673, -0.3436272630252998, -0.4221175710271734, -0.399099354282696, -0.2945713202226483, -0.28489174786280574, -0.3973229868046213, -0.3862855631867121, -0.41402484524361755, -0.36723128557658685, -0.35879425307469354, -0.39694780342569613, -0.4073342088666353, -0.33580263677104916, -0.512195357423382, -0.37624955280095135, -0.3672503059044569, -0.4076423095051871, -0.4446341002950323, -0.3839962065633918, -0.4503858693713547, -0.38678108499482683, -0.3476214285783177, -0.3705883985747274, -0.34458389260507594, -0.3932463864576037, -0.33628573013680657, -0.4205582614481058, -0.39900638168833474, -0.29404746749173144, -0.37415325467957167, -0.38328204509497427, -0.27406205426726976, -0.27964548192005195, -0.28919613225802726, -0.3331701173477708, -0.2624618007887369, -0.28319279432273736, -0.23044506643228466, -0.23192706409787475, -0.2663658095471531, -0.2916530355729122, -0.2407292295128652, -0.27889307360886934, -0.2385059114946657, -0.2284591475728905, -0.2287938138472919, -0.24830764506593575, -0.21900416054380067, -0.20853798665638823, -0.3032193542601562, -0.20218881984567857, -0.20114009798406626, -0.16565767914448362, -0.24799276632503564, -0.22367017063387482, -0.2192044081050577, -0.26360664659050775, -0.15149433844714552, -0.20696876525673066, -0.17598753519546123, -0.2999523901266799, -0.21135407219720176, -0.1943956001936701, -0.16905685928313474, -0.24199938200318516, -0.193807339584397, -0.20393741245542849, -0.20562596126383922, -0.18880432174170214, -0.2088648531664847, -0.18604988237262582, -0.19490632708202754, -0.18787975992787279, -0.17513044957525647, -0.26735945069306133, -0.20478108248101903, -0.2174428715597512, -0.2447808727002149, -0.20444398283557216, -0.19862196385715547, -0.20171612789725002, -0.2191996502300541, -0.23351522855500548, -0.2947759898718651, -0.24767335303506935, -0.23720862542884633, -0.18592290795737942, -0.1874125809160206, -0.21369564369502286, -0.21071684848619154, -0.20881248561520582, -0.17047556216119544, -0.21309038510675574, -0.22232519796234665, -0.1858523468812626, -0.16458836816179967, -0.21970758396226103, -0.20937653170774864, -0.19834935111020813], "best": [-7.064661749863092e-13, -0.005102391194053596, -0.0037344770710801764, -0.02563643375441973, -0.04019488020493512, -0.05378336345815809, -0.034360701575025944, -0.13787524557521083, -0.11910597177119972, -0.12667006806120906, -0.1002223252231795, -0.1015274018196285, -0.1785392430218486, -0.17503453952436288, -0.15786513515430486, -0.23667381366146445, -0.16139773488658193, -0.13258167468536472, -0.17342764154701668, -0.2012665018638438, -0.17682632410131052, -0.18718620526956103, -0.16297308192379223, -0.15964716384333733, -0.16332259946729633, -0.18326702060466013, -0.21882667650538867, -0.1672974255048562, -0.18987177059619675, -0.16233610365793844, -0.13659639578472513, -0.19618183092548067, -0.19286549852461887, -0.13116250997106504, -0.1359616953337243, -0.1531577991009639, -0.17068899384426284, -0.16165634081859334, -0.1691431760183904, -0.13127277389097233, -0.12822352064419534, -0.1768625291597286, -0.1854482579327642, -0.15684052239735657, -0.18650947046628846, -0.15837974944719227, -0.14963623662452025, -0.13373490796119442, -0.16787063092649454, -0.13097672878677613, -0.13037906315138162, -0.19288025977431703, -0.13464807228272707, -0.1456337814922507, -0.10300185273371582, -0.17478844002080812, -0.1391403809763137, -0.15926179005600044, -0.17403582284514799, -0.0889082832900004, -0.13499082144468283, -0.12282074194423657, -0.19775197000813272, -0.14159521542646608, -0.15347995926951769, -0.1179554476275331, -0.17550039199087464, -0.14784945383991632, -0.15955988559735138, -0.14619505950890385, -0.14610305524146852, -0.15165313522057233, -0.1294753280009801, -0.14175710249642282, -0.14400358193634044, -0.13518984306952034, -0.19443847621482857, -0.15414365467285693, -0.15017494795089759, -0.18558784384478622, -0.16092420770501153, -0.14717979121382088, -0.14932896306585164, -0.15641850691582831, -0.18875716976865609, -0.20126229642660476, -0.19697809887902767, -0.19223981015049801, -0.1391732364990821, -0.14119531478309522, -0.16491246759695782, -0.14912883939910193, -0.1563825302881957, -0.12456357844286126, -0.16256345844582112, -0.17306031626620458, -0.14313452615117156, -0.1223399198320965, -0.17794997120975126, -0.1442619810876974, -0.14971797975610035], "worst": [-0.8306276363619565, -1.2896628735799567, -1.378457492415502, -1.5490868562443616, -1.3699156208187917, -0.9321595135636572, -0.8271777788562872, -1.080615114433679, -1.1277340279757544, -0.9333697199670159, -1.029000139836721, -0.8079147089529823, -0.8279690797169323, -0.8698784135269197, -0.7474055213661882, -1.6381153681792269, -0.7386582561252045, -0.6782113579661475, -0.7493525968363312, -0.8063837817825862, -0.8173859794696602, -0.8523600963596767, -0.8561886737243334, -0.7515331083535923, -0.8566848196286411, -0.7707188282078989, -0.8889063642864286, -0.7632124517023762, -0.8419178898783569, -0.9231308192282361, -0.773864664057243, -0.7662004783161618, -0.9533482704914966, -0.725032181676577, -0.7949350929637967, -0.5957821814096959, -0.7377177883706195, -0.5258626460033013, -0.6270953278795272, -0.5631132024988776, -0.7034044583144369, -0.6785512868569407, -0.6056202903527315, -0.495604984772063, -0.6411626123863674, -0.5978719326343883, -0.43531459166791986, -0.43296303640341194, -0.5314454074119201, -0.40749961674608626, -0.3691663876066395, -0.5920335850313823, -0.3877678352339492, -0.30551641482925546, -0.2837443769086758, -0.36945594112964186, -0.33869031452916565, -0.3043187580514349, -0.400043249894804, -0.23481173988202567, -0.3613533603695638, -0.24038605968496513, -0.4762456182590559, -0.2980663795595698, -0.24584553012644952, -0.2280914808521109, -0.3414175063818625, -0.2985580674917878, -0.27754716839827265, -0.3589592427772327, -0.2824292856124926, -0.30239801369579905, -0.3054598052048227, -0.37321400864007, -0.25038740365907375, -0.2636342248019189, -0.4029154078993445, -0.3040985936916091, -0.3278730628024443, -0.3406051483811623, -0.2607096442437317, -0.2725154719693031, -0.2824593588819528, -0.3253443936945675, -0.3150918749098419, -0.5002313262778106, -0.32276354375922, -0.2981713759801193, -0.2974033308256747, -0.2651888264970871, -0.28791510346951016, -0.34862299023210874, -0.27466146069497066, -0.26069797466461087, -0.30942554035586123, -0.3548815168107363, -0.2825114043324762, -0.2452614016450451, -0.26677182879697736, -0.2511667913564876, -0.25137437520771694]},