{"name": "2021-06-01_09-11-48_lossweights120_10", "configs": {"pop_size": 100, "mutation_rate": 0.01, "emb_layers": ["layer_1_act", "layer_2_act"], "recomb_layers": ["layer_1_linear", "layer_2_linear", "output"], "epochs": 1, "loss_weights": [1, 2, 0]}, "results": {"fitness": {"averages": [0.5853331715879702, 0.5080698949131464, 0.4722117044384148, 0.41410360670748547, 0.48241309669153437, 0.42302195430893763, 0.221363942725534, 0.33713782511308854, 0.4773559729709938, 0.44331067570220495, 0.3508815915992095, 0.45977390935338014, 0.4903096197095984, 0.514975439788671, 0.47519212161631097, 0.5715697885573421, 0.5928531971391052, 0.7131763547383226, 0.788005000985156, 0.6577366752739024, 0.7582071151450769, 0.7295100947520231, 0.5746361296324596, 0.7500268820746259, 0.7006040884257316, 0.7360201010560917, 0.725692094494187, 0.7369128363498176, 0.742084611503527, 0.7881994051210642, 0.7669492138790183, 0.809406325842431, 0.8106563658841117, 0.6976130984649633, 0.7277982916349255, 0.7019461920099929, 0.7099824868491973, 0.720958935268148, 0.7653332893616301, 0.7749030038967785, 0.7910032004405602, 0.6927271464989105, 0.7551418088473586, 0.7628355994116623, 0.821241117152623, 0.7708103458740705, 0.7528446434306447, 0.7495134162186813, 0.7656736503347483, 0.7896721069056428, 0.7703862098320166, 0.8128279753854504, 0.7795588373780928, 0.7167306498575924, 0.7333142891331852, 0.8209952246318967, 0.8136484682441053, 0.7975911447984013, 0.792024248147496, 0.7721340364575825, 0.7410117754243833, 0.7470018547176202, 0.7949378635067742, 0.7353888408480419, 0.7719458952137396, 0.7769181591372114, 0.7507301365459277, 0.7182574110549841, 0.8099353309828853, 0.682969372593013, 0.7945315948112378, 0.7337580295510088, 0.774906408217921, 0.8168102834818173, 0.781964835594236, 0.7479776315475337, 0.7495789922617787, 0.7855840804593492, 0.7191656038727844, 0.8314152352189923, 0.8162117822739137, 0.7306881828103586, 0.788258036863448, 0.7208462704252409, 0.7821936703485831, 0.7927400774575182, 0.7878907807482041, 0.6952229022874694, 0.8330877247834931, 0.7975424509101855, 0.7871337526948052, 0.7734418611091617, 0.701240766812895, 0.7821357404047672, 0.7275423525649356, 0.7584790031290655, 0.735401625259575, 0.74860257241818, 0.7710794542848173, 0.7790114008573897, 0.7552916555661463], "best": [0.9390480370267819, 0.8794233191559342, 0.8628349350486018, 0.8633435337641858, 0.8721987535489116, 0.8591814319558841, 0.7495700080266856, 0.9055321224348968, 0.8520111386891817, 0.8453709845919846, 0.8461608358380034, 0.855546804745121, 0.8454447845851927, 0.8669527507978595, 0.7536601229080457, 0.8435491518866379, 0.8468008236367506, 0.8930944993619772, 0.9359095333877004, 0.8167739580205817, 0.8922181215832812, 0.8678354016433142, 0.7898879700461742, 0.8806155535971494, 0.8329082984445538, 0.8419100075588224, 0.8364203526634786, 0.8429949068033944, 0.8471091491082641, 0.8691015634816237, 0.8466701393154654, 0.8775439029001216, 0.8935290674534615, 0.8237294069316111, 0.8167084379356194, 0.8074356876155925, 0.8005702737134189, 0.8140721110201339, 0.8421807469848059, 0.8480804574585643, 0.8743497813463241, 0.7788920033492155, 0.8353796426171192, 0.8444362486162025, 0.908060427041141, 0.8685638520330061, 0.8299973982811276, 0.8385690635127506, 0.8360916233278806, 0.8711156784065025, 0.8753339302483254, 0.8790913657637862, 0.8430890985479933, 0.8037314833686316, 0.8025790258712266, 0.8919061827910088, 0.8641621265594734, 0.8436141246943564, 0.8529967101927554, 0.8300638764536546, 0.7975101736528485, 0.8237705751524703, 0.8507405751345102, 0.8266315395404074, 0.8692135067486426, 0.8452181443138179, 0.7891392670529962, 0.7967769134281145, 0.8867662271494604, 0.7854695206780336, 0.8628804461607095, 0.8079326358461971, 0.8393212815761306, 0.8664917945172077, 0.8528077243623696, 0.8415279851364798, 0.806511207952406, 0.8505378741126514, 0.7947924569387751, 0.8889655582204748, 0.8905472372863451, 0.8276011679724256, 0.8439131746327667, 0.7909127897585775, 0.8611571221126326, 0.8358893300159458, 0.8504765801413959, 0.7648243045413935, 0.8836433863810504, 0.8492145819119942, 0.8544562065021404, 0.8578716141428027, 0.7538201904900939, 0.8596460263101755, 0.8048046627087074, 0.8252823574376666, 0.8356924264077987, 0.8085341933976556, 0.8380691437159096, 0.8352816618032343, 0.8190121259340942], "worst": [-0.405716963363533, -0.821179692603167, -1.0268636336502965, -1.001337736055281, -0.6062514596828903, -0.585846920204227, -0.8172836740112346, -0.7178150161648732, -0.22500382918130574, -0.5001819029411028, -0.9200950811077889, -0.5575471990686047, -0.6343809678263419, -0.3532267758279129, -0.3888269132703377, -0.5710165690599204, -0.04734299612775156, -0.2552864709917975, 0.010483041946515836, 0.057765541093600214, 0.3149316545278954, 0.10360933772919911, 0.15296729186713282, 0.2311261961953175, 0.025656413221784025, 0.5218915557140379, 0.5121943495292962, 0.5448887565758854, 0.5264453917524529, 0.573114870053092, 0.4766650420195376, 0.6388444833096529, 0.6535514739695671, 0.4957406065228384, 0.40707740222273514, 0.4560076618620141, 0.39436041776206354, 0.5379862399300297, 0.46998094548108554, 0.6066678587532839, 0.6621918922953751, 0.5943950946001021, 0.4700465435996375, 0.6554992808086435, 0.6216117072732907, 0.5622095333583219, 0.6462786259696243, 0.5651532439744847, 0.653926183625434, 0.6601973772042572, 0.6287552712063644, 0.7232179132964236, 0.6828451569855927, 0.6199885825101924, 0.6467837132246486, 0.7253811295602323, 0.7302837782428405, 0.7206474245874516, 0.7283273424085747, 0.6493901404375563, 0.668680356498565, 0.6567163089931809, 0.7125672330066051, 0.6396922072582395, 0.6846354341288843, 0.675945983374985, 0.6809381071136179, 0.5730723006034371, 0.7009415245348051, 0.524116122866891, 0.5812036260412, 0.501323626323873, 0.6915562426146306, 0.7398210261845575, 0.6091294223394186, 0.6790284957070047, 0.575743086560687, 0.6744365261954145, 0.619679496072898, 0.7233829192588539, 0.741400298650235, 0.5942702820470833, 0.6606098689774127, 0.6424242677339511, 0.6953808387094339, 0.6973517140669875, 0.6923528308878591, 0.5766495775654377, 0.7609110552838187, 0.7347267986855045, 0.6577077186562335, 0.6666062566219662, 0.6349444433758362, 0.6416795850295435, 0.6193559295948998, 0.6934814217470395, 0.6312005912220102, 0.672443074480477, 0.6972200422786585, 0.7122933634203309, 0.6901357385672517]}, "accuracy": {"averages": [0.7849999999999998, 0.7404, 0.7666999999999998, 0.6979999999999998, 0.7516000000000002, 0.6882000000000003, 0.6282999999999999, 0.6609, 0.7042999999999999, 0.7123999999999999, 0.6594999999999999, 0.7587999999999999, 0.7378999999999999, 0.7519, 0.6938999999999999, 0.7588000000000001, 0.7737999999999999, 0.845, 0.9031999999999999, 0.8265, 0.8622, 0.8486999999999999, 0.7909999999999999, 0.8547, 0.843, 0.8517999999999998, 0.8394999999999999, 0.8654999999999999, 0.8519999999999999, 0.8856, 0.8728, 0.9055000000000001, 0.8976000000000001, 0.8095999999999998, 0.8736999999999999, 0.8266999999999999, 0.8566000000000001, 0.8433999999999999, 0.862, 0.9022000000000002, 0.8758, 0.7892000000000003, 0.8745999999999999, 0.8411, 0.9010000000000001, 0.8625000000000002, 0.8299999999999998, 0.8477, 0.8506999999999999, 0.8772, 0.8652, 0.8886000000000002, 0.8618000000000001, 0.8606999999999998, 0.8547999999999999, 0.9031999999999999, 0.9032000000000001, 0.8648999999999998, 0.8595999999999999, 0.858, 0.8179, 0.8375999999999999, 0.8819, 0.8138000000000001, 0.8539999999999999, 0.8549999999999999, 0.8168, 0.8089999999999999, 0.8814, 0.7992999999999999, 0.8754, 0.8277, 0.8676999999999999, 0.8806000000000002, 0.8750999999999999, 0.8321, 0.8574999999999998, 0.8562999999999998, 0.7938, 0.8976999999999999, 0.8714, 0.8244, 0.8802, 0.7946, 0.8681, 0.8722, 0.8668999999999998, 0.8114, 0.9079999999999999, 0.8748999999999998, 0.8684000000000002, 0.8646999999999998, 0.7785000000000001, 0.8715000000000002, 0.8125000000000001, 0.8460999999999999, 0.818, 0.8234, 0.8471, 0.8564999999999999, 0.8304999999999998],