{"name": "2021-06-01_08-47-11_lossweights101_6", "configs": {"pop_size": 100, "mutation_rate": 0.01, "emb_layers": ["layer_1_act", "layer_2_act"], "recomb_layers": ["layer_1_linear", "layer_2_linear", "output"], "epochs": 1, "loss_weights": [1, 0, 1]}, "results": {"fitness": {"averages": [1.1952703125000002, 1.11095, 1.0953, 1.0359, 1.0618156250000002, 1.0586906249999999, 0.9546546875, 0.9656593750000002, 0.9255062500000001, 0.8658203125000001, 0.9720171875000001, 0.9752625, 1.0049171874999998, 0.9942578124999999, 0.98003125, 0.9681046875000001, 0.9225078125, 0.9831250000000001, 0.8787890625, 0.98875, 1.03016875, 0.9857953124999997, 1.0004984375, 0.9530828125000003, 0.949609375, 0.9584984375000001, 0.9427437499999998, 0.9732796874999999, 0.9523468749999999, 0.9778265625, 1.0256234375, 1.0463609375, 1.0805624999999999, 1.0049734375, 1.0502890625, 1.0151859375, 0.9867796875, 1.0241718749999997, 1.0176421875, 0.992359375, 1.0780265625, 1.0200703125, 1.0468812500000002, 1.02169375, 1.1186562500000001, 1.03065625, 1.0101, 1.0285937499999998, 1.0509375, 1.09404375, 0.94464375, 1.0595249999999998, 1.06280625, 1.0656625000000002, 1.07084375, 1.1202625, 1.09520625, 1.0715687499999997, 1.1028875, 1.084625, 1.07054375, 1.0834875, 1.0659875, 1.06285, 1.03616875, 1.1155312499999999, 1.1383312499999998, 1.1253125, 1.0994125000000003, 1.0404125, 1.1379125, 1.0235124999999998, 1.0425125000000002, 1.1880125, 1.1001124999999998, 1.0832125, 1.1841125000000001, 1.1070125, 1.0739125, 1.1163125, 1.0998125, 1.1100125, 1.0836125, 1.1479125, 1.1055125000000001, 1.0633124999999997, 1.1696125, 1.1082125000000003, 1.1243125, 1.1402124999999999, 1.1267125, 1.1029125, 1.0562125, 1.0660125, 1.1408125, 1.0852125, 1.1223124999999998, 1.0878125, 1.0826125, 1.0950125000000002, 1.1119124999999999], "best": [1.3118750000000001, 1.33359375, 1.31140625, 1.291875, 1.2935937499999999, 1.321875, 1.271875, 1.221875, 1.151875, 1.091875, 1.221875, 1.231875, 1.2221875, 1.221875, 1.2003125, 1.231875, 1.1903125, 1.2403125, 1.1403124999999998, 1.1703125, 1.2303125000000001, 1.2421875, 1.2203125, 1.1503125, 1.1403124999999998, 1.1703125, 1.2203125, 1.1703125, 1.1503125, 1.1303125, 1.1703125, 1.1803124999999999, 1.2303125000000001, 1.1721875, 1.2303125000000001, 1.1821875, 1.1403124999999998, 1.2221875, 1.1521875, 1.1503125, 1.2203125, 1.1803124999999999, 1.2503125000000002, 1.1603124999999999, 1.2503125000000002, 1.1703125, 1.1403124999999998, 1.1403124999999998, 1.1303125, 1.1703125, 1.0521875, 1.1903125, 1.1903125, 1.1703125, 1.1703125, 1.2103125000000001, 1.1703125, 1.1703125, 1.2003125, 1.1903125, 1.2103125000000001, 1.1903125, 1.1803124999999999, 1.1603124999999999, 1.1603124999999999, 1.1803124999999999, 1.2303125000000001, 1.2103125000000001, 1.1803124999999999, 1.1303125, 1.2203125, 1.1303125, 1.1303125, 1.2503125000000002, 1.1603124999999999, 1.1803124999999999, 1.2503125000000002, 1.2003125, 1.1703125, 1.1903125, 1.1803124999999999, 1.1903125, 1.1403124999999998, 1.2103125000000001, 1.2003125, 1.1503125, 1.2603125, 1.1903125, 1.2303125000000001, 1.1903125, 1.2003125, 1.2003125, 1.1603124999999999, 1.1703125, 1.1903125, 1.1803124999999999, 1.1803124999999999, 1.1703125, 1.1303125, 1.1703125, 1.1903125], "worst": [0.98765625, 0.6815625000000001, 0.583125, 0.5903125, 0.5378125, 0.6307812500000001, 0.45078125, 0.59359375, 0.55078125, 0.53359375, 0.6135937499999999, 0.644375, 0.5035937500000001, 0.594375, 0.551875, 0.60359375, 0.41781250000000003, 0.55359375, 0.4503125, 0.5035937500000001, 0.7303124999999999, 0.64359375, 0.6103125, 0.6003125, 0.5303125, 0.5903125, 0.45359375, 0.70359375, 0.64359375, 0.64359375, 0.63359375, 0.64359375, 0.67359375, 0.70359375, 0.67359375, 0.66359375, 0.67359375, 0.67359375, 0.67359375, 0.64359375, 0.74359375, 0.63359375, 0.8521875, 0.8803125, 0.8721875, 0.8803125, 0.8503125, 0.8903125, 0.9021875, 0.9021875, 0.8721875, 0.9003125, 0.8421875, 0.8703125, 0.8621875, 0.8621875, 0.8521875, 0.8721875, 0.8721875, 0.8821875, 0.9121875, 0.8521875, 0.9521875, 0.8721875, 0.9021875, 0.9421875, 0.8921875, 1.0203125, 0.9803125, 0.9103125, 1.0403125, 0.8703125, 0.9503125, 1.1003125, 1.0103125, 0.9503125, 1.0703125, 1.0103125, 0.9603125, 1.0203125, 1.0103125, 1.0403125, 1.0103125, 1.0803125, 0.9903125, 0.9603125, 1.0303125, 0.9803125, 1.0103125, 1.0703125, 1.0003125000000002, 1.0103125, 0.9403125, 0.9303125, 1.0503125, 0.9503125, 1.0403125, 1.0103125, 1.0003125000000002, 1.0303125, 0.9903125]}, "accuracy": {"averages": [0.7507, 0.6372, 0.6103, 0.5384, 0.5733, 0.5933, 0.4736000000000001, 0.49480000000000013, 0.4141, 0.3325, 0.43689999999999996, 0.46370000000000006, 0.5073, 0.48750000000000004, 0.513, 0.5133000000000001, 0.48950000000000005, 0.525, 0.4149999999999999, 0.575, 0.6271999999999999, 0.5881000000000001, 0.5846000000000001, 0.5431999999999999, 0.5475000000000001, 0.5576000000000001, 0.48540000000000005, 0.5191, 0.47430000000000005, 0.5006, 0.5766, 0.5714, 0.5840000000000001, 0.5047, 0.5640000000000001, 0.5396, 0.4900999999999999, 0.5455000000000001, 0.5294, 0.539, 0.6258, 0.5805, 0.6210999999999999, 0.6381, 0.7435, 0.6555, 0.6476000000000001, 0.645, 0.68, 0.7442, 0.5948, 0.7138999999999999, 0.7213999999999998, 0.7116000000000001, 0.7210000000000001, 0.7662, 0.7537999999999999, 0.7385999999999997, 0.7657000000000003, 0.7390000000000001, 0.7206999999999999, 0.7463, 0.7288000000000001, 0.7341, 0.7032000000000003, 0.791, 0.8137999999999999, 0.8049999999999997, 0.7791000000000002, 0.7201000000000001, 0.8176000000000001, 0.7031999999999999, 0.7222000000000002, 0.8676999999999998, 0.7797999999999999, 0.7628999999999999, 0.8638000000000001, 0.7867000000000001, 0.7536, 0.7959999999999998, 0.7795000000000002, 0.7897, 0.7632999999999999, 0.8275999999999999, 0.7852000000000001, 0.743, 0.8493, 0.7879000000000002, 0.804, 0.8199, 0.8064, 0.7826000000000001, 0.7358999999999999, 0.7456999999999999, 0.8205, 0.7648999999999999, 0.8019999999999997, 0.7675000000000002, 0.7623000000000001, 0.7747000000000002, 0.7916000000000001], "best": [0.89, 0.9, 0.95, 0.89, 0.89, 0.9, 0.87, 0.87, 0.86, 0.83, 0.9, 0.89, 0.86, 0.9, 0.89, 0.9, 0.88, 0.92, 0.82, 0.86, 0.91, 0.87, 0.91, 0.83, 0.83, 0.85, 0.9, 0.85, 0.84, 0.81, 0.85, 0.86, 0.91, 0.78, 0.91, 0.83, 0.82, 0.88, 0.83, 0.83, 0.9, 0.86, 0.93, 0.84, 0.93, 0.85, 0.82, 0.82, 0.81, 0.85, 0.7, 0.87, 0.87, 0.85, 0.85, 0.89, 0.85, 0.85, 0.88, 0.87, 0.89, 0.87, 0.86, 0.84, 0.84, 0.86, 0.91, 0.89, 0.86, 0.81, 0.9, 0.81, 0.81, 0.93, 0.84, 0.86, 0.93, 0.88, 0.85, 0.87, 0.86, 0.87, 0.82, 0.89, 0.88, 0.83, 0.94, 0.87, 0.91, 0.87, 0.88, 0.88, 0.84, 0.85, 0.87, 0.86, 0.86, 0.85, 0.81, 0.85, 0.87], "worst": [0.43, 0.06, 0.13, 0.14, 0.11, 0.19, 0.07, 0.07, 0.05, 0.04, 0.09, 0.13, 0.07, 0.09, 0.12, 0.04, 0.05, 0.08, 0.05, 0.07, 0.05, 0.07, 0.1, 0.07, 0.05, 0.06, 0.02, 0.07, 0.04, 0.09, 0.08, 0.11, 0.11, 0.14, 0.09, 0.1, 0.06, 0.14, 0.08, 0.09, 0.15, 0.08, 0.11, 0.16, 0.13, 0.15, 0.21, 0.16, 0.16, 0.16, 0.13, 0.19, 0.1, 0.13, 0.12, 0.12, 0.11, 0.13, 0.13, 0.14, 0.17, 0.11, 0.21, 0.13, 0.16, 0.2, 0.15, 0.7, 0.66, 0.59, 0.72, 0.55, 0.63, 0.78, 0.69, 0.63, 0.75, 0.69, 0.64, 0.7, 0.69, 0.72, 0.69, 0.76, 0.67, 0.64, 0.71, 0.66, 0.69, 0.75, 0.68, 0.69, 0.62, 0.61, 0.73, 0.63, 0.72, 0.69, 0.68, 0.71, 0.67]},