{"name": "2021-06-01_09-05-11_lossweights120_8", "configs": {"pop_size": 100, "mutation_rate": 0.01, "emb_layers": ["layer_1_act", "layer_2_act"], "recomb_layers": ["layer_1_linear", "layer_2_linear", "output"], "epochs": 1, "loss_weights": [1, 2, 0]}, "results": {"fitness": {"averages": [0.6110483004059283, 0.5137867290631558, 0.32429168196329283, 0.3563996280019727, 0.3179588337913745, 0.40688692678585164, 0.4097498567687092, 0.38324860136875033, 0.425015738281781, 0.3635161491805007, 0.3500564095448466, 0.5129628494785453, 0.40681715170327537, 0.3597966751041977, 0.3460578628673033, 0.3965377963263527, 0.35212619262669115, 0.38110621549535856, 0.43770705430383505, 0.5209607448598598, 0.4597817587854891, 0.5370394849823534, 0.48435979561494286, 0.49115091442749403, 0.5526522873281131, 0.528259530842219, 0.5476884234649075, 0.5443730601017776, 0.656083391210265, 0.5891205865346483, 0.6427672325835266, 0.589702116308159, 0.6966379708438653, 0.5465486394973685, 0.6532573871218146, 0.690033985416638, 0.5949276635004005, 0.5835448785596212, 0.7170683817628323, 0.6224737258658342, 0.6988134190306144, 0.6634918720174281, 0.710968133430906, 0.7409955016531904, 0.7280751451267364, 0.7331675072356084, 0.6701776416010548, 0.5921230210936084, 0.7913031163721993, 0.755311049334906, 0.6306640233868389, 0.7046903664014144, 0.6944956250997365, 0.6915949187295564, 0.7757523655334069, 0.7192738524468489, 0.8106294264276562, 0.6540215882427566, 0.715516230002658, 0.7789271959750375, 0.6914263383421183, 0.6735056597833062, 0.7167311990498011, 0.7224502630925151, 0.6969014125870017, 0.7848544613268088, 0.7166614023556073, 0.6944816413004081, 0.5986955863564696, 0.7475474687975598, 0.695268547617545, 0.7294596779758072, 0.7636927440798325, 0.7342091179305313, 0.7509026177887246, 0.7482486359597442, 0.7557020701081085, 0.7158131945665476, 0.7775571144243811, 0.7002601881666071, 0.7269324776470384, 0.6733820767265098, 0.7710083885391823, 0.7323734896168524, 0.8044740010217253, 0.7395677477926581, 0.7466776815077816, 0.7789663944278498, 0.7520518448280952, 0.7338418291611906, 0.7717518093659228, 0.641799913501227, 0.7551291211250458, 0.7523811244425833, 0.7002375934695967, 0.7588959000349326, 0.6901843024344169, 0.7814438670806723, 0.7564243150016725, 0.7011177430152361, 0.779105860055335], "best": [0.9486311581475028, 0.8646055385235791, 0.8365544114931532, 0.8605621631812047, 0.786511607859417, 0.809793821664385, 0.8424747839556812, 0.8238848992681306, 0.8509820915979982, 0.8199299437801202, 0.8180883986683661, 0.8441392887171113, 0.8071147451492864, 0.74682756835185, 0.7969175290547359, 0.8019789322781652, 0.7291583193048412, 0.7819383368492344, 0.773296908547079, 0.827241070874189, 0.7536931691859244, 0.8234837224982072, 0.84316973786687, 0.7779945774240797, 0.7804593816132597, 0.7705792782580063, 0.7532051666800241, 0.6795632868089849, 0.813940408267042, 0.7452133806960206, 0.8112967422018946, 0.7419979895318435, 0.8376903948658507, 0.7194773315366917, 0.8093490753400225, 0.812266696327347, 0.7147658157867104, 0.7324122170088129, 0.8314154041102957, 0.7423108364646333, 0.8047658725967152, 0.7588552127831663, 0.8034626528013734, 0.8214656183661749, 0.7801354009785901, 0.817160044129237, 0.7573638901014588, 0.7048997296586202, 0.8591765654065491, 0.8205557912064728, 0.7021703983859509, 0.7550648808646164, 0.7575076593323328, 0.7710384479125398, 0.8421170954702342, 0.8069770303917307, 0.8734318072052775, 0.7118502117046196, 0.7803753367803619, 0.822759007234375, 0.7609585619482795, 0.7397413449028367, 0.786817633709915, 0.7964443072133566, 0.7605177504889264, 0.8420240680083433, 0.7863994235127731, 0.7716725137516345, 0.6861772787010556, 0.80542887342397, 0.7507635273662286, 0.7796254066357826, 0.8086299024910143, 0.824565031566111, 0.7960754017813824, 0.7984486893331011, 0.8055235316181095, 0.7749530721891676, 0.8419349951327354, 0.7624680254481221, 0.7860189806550062, 0.728008781319774, 0.815754238023137, 0.804323026204811, 0.8462682862772973, 0.7955029440078732, 0.8014981972193607, 0.8327753107755189, 0.8208490017541026, 0.8083455420061274, 0.8235441462956334, 0.7055314235530834, 0.8100026477335521, 0.8112841925026726, 0.7925452012836327, 0.8126569980974372, 0.7738013756320012, 0.8241953563182718, 0.7985152592310929, 0.7558136078355543, 0.8173925100812244], "worst": [-0.46758379346055967, -0.41346274018746715, -0.7730561352443781, -0.8069929715479648, -0.9333772304952951, -0.8261529094878963, -0.5663367682441179, -0.5937186538842774, -0.6267035503662745, -0.6693701953750567, -0.570087229510632, -0.32953007064760154, -0.5543130272960854, -0.537297847280269, -0.7630470926293076, -0.4981428777215814, -0.5912533877117041, -0.5826854680516418, -0.3509589353796745, -0.03216196893093537, -0.28814344617156284, -0.13758290183769523, -0.5454560017298558, 0.07221318223695128, 0.08388192083447271, 0.1541478180948178, 0.16002055070421617, -0.15863906415377815, 0.1394009815552365, 0.19410612896685975, 0.36775655856601386, 0.28340329475076736, 0.4981010416663129, 0.18739460473527658, 0.45086577142073647, 0.48244951424318383, 0.36908377713321416, 0.19296880860926569, 0.48458970318904676, 0.38028550004859873, 0.46458683212678903, 0.5607788651595232, 0.5873423410751719, 0.4742565635398912, 0.6050891303525414, 0.6142276662825268, 0.506470448529355, 0.3977957389378065, 0.6387945766402114, 0.5519384033075992, 0.539843307453989, 0.6246882994077311, 0.5476789521872072, 0.5527545516652237, 0.6800885371975338, 0.5671041594886669, 0.7295526556378421, 0.5359676840085832, 0.6133210121318395, 0.6963807405751982, 0.5779670481793059, 0.5823057776447094, 0.5939002852283637, 0.5720091262439531, 0.6177482722973751, 0.6989301258632749, 0.5847782537243538, 0.5489426168009709, 0.432916415694473, 0.6774194087495523, 0.6019096583763919, 0.678490466097893, 0.6773402756913651, 0.631597214328292, 0.630991040957091, 0.6775746649141938, 0.6534683731766839, 0.6178769703656717, 0.6053425124064945, 0.48795087395048165, 0.6486467732587442, 0.5530386616688037, 0.6594086698070369, 0.5234684359063806, 0.7593317047247592, 0.5870850928557472, 0.6545997544597538, 0.6768681796689543, 0.6210013286397111, 0.5812602609485686, 0.724680085296493, 0.5254339541911053, 0.6997060513569384, 0.6637114214522674, 0.4986730868831013, 0.6620068143123582, 0.4987473239729755, 0.6582760338289135, 0.7002678953725237, 0.5486096949641003, 0.7072820566616573]}, "accuracy": {"averages": [0.7984, 0.7122000000000002, 0.6509, 0.6794000000000001, 0.6500999999999999, 0.7465999999999999, 0.7289, 0.7341000000000001, 0.7144000000000001, 0.6967, 0.6667000000000001, 0.7457, 0.6829, 0.6978, 0.7343999999999999, 0.7325, 0.695, 0.7412000000000001, 0.7296999999999998, 0.8203999999999999, 0.7525999999999997, 0.7704000000000001, 0.7814, 0.7557999999999998, 0.7755, 0.7783, 0.8045, 0.8102000000000001, 0.867, 0.8022999999999999, 0.8688000000000002, 0.8183999999999999, 0.8668999999999998, 0.8135999999999999, 0.8284999999999999, 0.8636999999999999, 0.8067999999999997, 0.8172999999999999, 0.8783000000000001, 0.7957999999999998, 0.8837, 0.8384999999999998, 0.8761, 0.8964, 0.8569999999999998, 0.8715999999999999, 0.839, 0.8025000000000001, 0.9114, 0.8845000000000001, 0.8242999999999999, 0.8561999999999997, 0.8994, 0.8634999999999999, 0.9081, 0.8764, 0.9214000000000001, 0.7918000000000001, 0.8665999999999999, 0.8888000000000001, 0.8534999999999999, 0.8348999999999998, 0.8656, 0.8781, 0.8373999999999999, 0.9173, 0.8654000000000001, 0.8660000000000001, 0.7957, 0.9021000000000002, 0.8547999999999999, 0.8624, 0.8719, 0.8755999999999999, 0.8577999999999997, 0.8637999999999999, 0.8883, 0.8504000000000002, 0.9086000000000003, 0.8744999999999998, 0.8607, 0.8905000000000003, 0.8898000000000001, 0.8832, 0.9316999999999999, 0.878, 0.9104000000000001, 0.8894, 0.8984000000000001, 0.8837000000000002, 0.8802999999999999, 0.7729, 0.8906000000000001, 0.8764000000000002, 0.8613, 0.8899000000000001, 0.8673000000000001, 0.9022000000000001, 0.8876, 0.8447, 0.8735],