{"name": "2021-06-01_08-36-46_lossweights101_3", "configs": {"pop_size": 100, "mutation_rate": 0.01, "emb_layers": ["layer_1_act", "layer_2_act"], "recomb_layers": ["layer_1_linear", "layer_2_linear", "output"], "epochs": 1, "loss_weights": [1, 0, 1]}, "results": {"fitness": {"averages": [1.1759703124999998, 1.086965625, 1.083465625, 1.0119640625000001, 0.9916750000000001, 1.0188171874999998, 1.0230390624999999, 0.9927296875, 0.9747453125000001, 0.9412031249999999, 0.9348687500000001, 0.9794734374999998, 0.944275, 0.9982140624999998, 1.0146765624999998, 1.0130625, 1.0152250000000003, 1.0139687499999999, 0.9556265625000002, 1.022615625, 1.036725, 0.9908859374999999, 0.96996875, 0.9866812500000001, 0.9623921874999999, 0.9808124999999999, 0.9837671875000001, 1.0481359375000001, 1.0150859375, 1.0357828125, 1.0438781249999998, 0.98275, 1.0233609375000001, 1.0171859374999999, 1.0590390625000001, 1.0598515625, 1.0816046874999998, 1.0363890625, 1.0424296874999996, 1.0520124999999998, 1.031440625, 0.9982078125000001, 0.9929953124999998, 1.0577874999999999, 1.09828125, 1.0692624999999998, 1.0651406250000002, 1.1247124999999998, 1.1169125, 1.0743125, 1.0709125, 1.0879125, 1.1219124999999999, 1.1040124999999998, 1.1335124999999997, 1.1193125, 1.1585124999999998, 1.0911125, 1.2021125000000001, 1.0878124999999998, 1.1951125000000002, 1.0665125, 1.1216125000000001, 1.1446125, 1.0901125000000003, 1.1216125000000001, 1.1229124999999998, 1.1180125, 1.1277125, 1.0838124999999998, 1.1296125000000001, 1.1018124999999999, 1.0996125, 1.1347124999999998, 1.1496124999999997, 1.1057124999999999, 1.1275125, 1.0948125, 1.1139125, 1.1638125, 1.1168125, 1.1812125, 1.1490125, 1.1200125, 1.0981125, 1.0899124999999998, 1.1378125, 1.1703124999999999, 1.1334125000000002, 1.1259125, 1.0691125000000001, 1.0720124999999998, 1.1498125000000001, 1.1320125, 1.1731124999999998, 1.0944125, 1.1401125, 1.1418125000000001, 1.0875125, 1.1257125000000001, 1.1327124999999998], "best": [1.3190625, 1.30171875, 1.32890625, 1.33484375, 1.2892187499999999, 1.2665625, 1.31296875, 1.2337500000000001, 1.2037499999999999, 1.20828125, 1.2203125, 1.2303125000000001, 1.25828125, 1.2303125000000001, 1.2203125, 1.21828125, 1.21828125, 1.26828125, 1.19828125, 1.28828125, 1.22828125, 1.19140625, 1.20140625, 1.2003125, 1.21140625, 1.22140625, 1.2403125, 1.2803125, 1.24140625, 1.22828125, 1.2703125, 1.1703125, 1.18828125, 1.15140625, 1.2303125000000001, 1.22828125, 1.2203125, 1.1903125, 1.1903125, 1.18828125, 1.2103125000000001, 1.1403124999999998, 1.1703125, 1.2103125000000001, 1.2103125000000001, 1.2103125000000001, 1.1403124999999998, 1.2003125, 1.2003125, 1.1903125, 1.1503125, 1.1603124999999999, 1.2003125, 1.2103125000000001, 1.2203125, 1.2003125, 1.2503125000000002, 1.1803124999999999, 1.2703125, 1.1703125, 1.2303125000000001, 1.1403124999999998, 1.2103125000000001, 1.2303125000000001, 1.1803124999999999, 1.2103125000000001, 1.2003125, 1.2003125, 1.2003125, 1.1703125, 1.1903125, 1.2103125000000001, 1.1803124999999999, 1.2103125000000001, 1.2203125, 1.1703125, 1.2003125, 1.1503125, 1.1803124999999999, 1.2103125000000001, 1.1903125, 1.2303125000000001, 1.2203125, 1.1603124999999999, 1.1703125, 1.1903125, 1.2103125000000001, 1.2503125000000002, 1.2003125, 1.1903125, 1.1303125, 1.1503125, 1.2003125, 1.1803124999999999, 1.2303125000000001, 1.1503125, 1.1903125, 1.2003125, 1.1803124999999999, 1.1803124999999999, 1.2003125], "worst": [0.95765625, 0.59609375, 0.6331249999999999, 0.45375, 0.45890625, 0.5509375, 0.48578125, 0.3703125, 0.41031249999999997, 0.433125, 0.52578125, 0.57140625, 0.6346875, 0.59921875, 0.5503125, 0.6446875, 0.3303125, 0.6003125, 0.5603125, 0.3903125, 0.6746875, 0.6446875, 0.4703125, 0.685, 0.59828125, 0.705, 0.58140625, 0.61828125, 0.60828125, 0.65828125, 0.4303125, 0.3903125, 0.71828125, 0.64828125, 0.74140625, 0.4503125, 0.6682812499999999, 0.67828125, 0.64828125, 0.7403124999999999, 0.49031250000000004, 0.673125, 0.4203125, 0.673125, 0.673125, 0.703125, 0.783125, 1.0303125, 1.0103125, 0.9603125, 0.9603125, 0.9803125, 0.9603125, 0.9203125, 1.0203125, 1.0003125000000002, 0.9803125, 0.9703125, 1.0403125, 0.9703125, 1.1203125, 0.8903125, 0.9703125, 1.0203125, 1.0003125000000002, 1.0403125, 1.0303125, 1.0203125, 1.0203125, 0.9703125, 1.0003125000000002, 1.0003125000000002, 1.0203125, 1.0303125, 1.0703125, 1.0003125000000002, 1.0303125, 0.9403125, 1.0003125000000002, 1.0703125, 1.0303125, 1.1403124999999998, 1.0603125, 1.0303125, 1.0103125, 1.0203125, 1.0403125, 1.0103125, 1.0403125, 1.0203125, 0.9703125, 1.0003125000000002, 1.0503125, 1.0903125, 1.1103125, 1.0403125, 1.1003125, 1.0803125, 1.0303125, 1.0603125, 1.0903125]}, "accuracy": {"averages": [0.7313999999999998, 0.6197, 0.6212, 0.5538, 0.5448, 0.5711999999999999, 0.5855, 0.5748, 0.5508000000000001, 0.47800000000000004, 0.45439999999999997, 0.4867, 0.4474, 0.5063, 0.5587000000000001, 0.5540000000000002, 0.5795999999999999, 0.571, 0.5284, 0.6041000000000001, 0.6036, 0.5703, 0.5269999999999999, 0.5459, 0.5204000000000001, 0.5605, 0.5549000000000001, 0.6288, 0.5945, 0.6284000000000001, 0.6363, 0.5865, 0.6509, 0.6491, 0.7040000000000001, 0.7120000000000001, 0.7492999999999997, 0.7026, 0.7144999999999997, 0.7316999999999999, 0.7148, 0.6701999999999999, 0.6628000000000001, 0.7305999999999999, 0.775, 0.7476999999999998, 0.7460000000000001, 0.8043999999999998, 0.7966, 0.754, 0.7506, 0.7676000000000001, 0.8016, 0.7837, 0.8131999999999998, 0.7989999999999999, 0.8382, 0.7707999999999999, 0.8818, 0.7675, 0.8748000000000001, 0.7462000000000001, 0.8013000000000001, 0.8242999999999999, 0.7698000000000002, 0.8013000000000001, 0.8025999999999999, 0.7977000000000003, 0.8073999999999999, 0.7635, 0.8093000000000002, 0.7814999999999999, 0.7792999999999999, 0.8143999999999998, 0.8293, 0.7854000000000001, 0.8072, 0.7745000000000001, 0.7936, 0.8435000000000001, 0.7964999999999999, 0.8609, 0.8286999999999999, 0.7997, 0.7778000000000002, 0.7696, 0.8175, 0.85, 0.8131000000000002, 0.8056, 0.7488000000000001, 0.7517000000000001, 0.8295, 0.8117, 0.8527999999999998, 0.7741, 0.8198000000000002, 0.8214999999999999, 0.7672000000000001, 0.8054000000000001, 0.8123999999999998], "best": [0.87, 0.88, 0.91, 0.88, 0.92, 0.89, 0.92, 0.95, 0.88, 0.87, 0.9, 0.91, 0.9, 0.91, 0.9, 0.87, 0.88, 0.92, 0.81, 0.91, 0.92, 0.87, 0.84, 0.88, 0.84, 0.86, 0.92, 0.96, 0.89, 0.9, 0.95, 0.85, 0.84, 0.83, 0.91, 0.89, 0.9, 0.87, 0.87, 0.86, 0.89, 0.82, 0.85, 0.89, 0.89, 0.89, 0.82, 0.88, 0.88, 0.87, 0.83, 0.84, 0.88, 0.89, 0.9, 0.88, 0.93, 0.86, 0.95, 0.85, 0.91, 0.82, 0.89, 0.91, 0.86, 0.89, 0.88, 0.88, 0.88, 0.85, 0.87, 0.89, 0.86, 0.89, 0.9, 0.85, 0.88, 0.83, 0.86, 0.89, 0.87, 0.91, 0.9, 0.84, 0.85, 0.87, 0.89, 0.93, 0.88, 0.87, 0.81, 0.83, 0.88, 0.86, 0.91, 0.83, 0.87, 0.88, 0.86, 0.86, 0.88], "worst": [0.45, 0.03, 0.12, 0.08, 0.05, 0.09, 0.06, 0.05, 0.08, 0.06, 0.08, 0.07, 0.05, 0.04, 0.02, 0.03, 0.01, 0.04, 0.07, 0.07, 0.12, 0.09, 0.03, 0.06, 0.1, 0.08, 0.11, 0.13, 0.12, 0.17, 0.11, 0.07, 0.16, 0.16, 0.21, 0.13, 0.18, 0.19, 0.16, 0.31, 0.17, 0.26, 0.1, 0.31, 0.43, 0.42, 0.58, 0.71, 0.69, 0.64, 0.64, 0.66, 0.64, 0.6, 0.7, 0.68, 0.66, 0.65, 0.72, 0.65, 0.8, 0.57, 0.65, 0.7, 0.68, 0.72, 0.71, 0.7, 0.7, 0.65, 0.68, 0.68, 0.7, 0.71, 0.75, 0.68, 0.71, 0.62, 0.68, 0.75, 0.71, 0.82, 0.74, 0.71, 0.69, 0.7, 0.72, 0.69, 0.72, 0.7, 0.65, 0.68, 0.73, 0.77, 0.79, 0.72, 0.78, 0.76, 0.71, 0.74, 0.77]},