{"name": "2021-06-01_08-40-11_lossweights101_4", "configs": {"pop_size": 100, "mutation_rate": 0.01, "emb_layers": ["layer_1_act", "layer_2_act"], "recomb_layers": ["layer_1_linear", "layer_2_linear", "output"], "epochs": 1, "loss_weights": [1, 0, 1]}, "results": {"fitness": {"averages": [1.2662703125, 1.1479234375, 1.1254484375, 1.01059375, 1.0362703125000001, 1.0037734375, 0.9950843750000001, 0.976346875, 1.0089875, 1.0419078124999999, 1.0110203125000001, 1.003375, 1.0173328125, 0.9839890625000001, 0.9597546874999999, 0.9573265624999999, 1.001965625, 0.996271875, 0.9731484374999999, 0.94949375, 0.9879484375000002, 0.9649765625000002, 0.9312171875000002, 0.9222249999999999, 0.9760015625, 1.007659375, 0.9748171875, 1.0154734374999999, 0.9875453125, 0.9337609375, 0.9220937499999998, 0.9943859375000001, 0.95031875, 0.9688875000000001, 0.930721875, 0.9664984374999999, 0.9423406249999999, 0.9323671875000001, 0.9515421875000001, 0.9426015624999998, 1.021309375, 1.016384375, 0.9757765625, 1.02059375, 1.0787984375000002, 1.0332999999999999, 1.0403796875, 1.0394640625, 1.0754750000000002, 1.0356468749999999, 1.056565625, 1.0721734375, 1.0838937499999999, 1.0631375, 1.0518421875000001, 1.1596578124999999, 1.1371, 1.1385734375, 1.01493125, 1.1241609375000001, 1.1179999999999999, 1.12415625, 1.1150765625, 1.1098343750000002, 1.1374499999999999, 1.129578125, 1.09150625, 1.1904484374999997, 1.1677062500000002, 1.1281375000000002, 1.1270375000000001, 1.1563375, 1.1222375, 1.1660374999999998, 1.1281375, 1.1417375, 1.1222375, 1.1670375, 1.1585375000000002, 1.1398374999999998, 1.1992375000000002, 1.1124375, 1.2163375, 1.1458374999999998, 1.1323374999999998, 1.1681375, 1.1941374999999999, 1.1463375, 1.1964375, 1.2290375, 1.2417375, 1.1456375, 1.1518374999999998, 1.1841374999999998, 1.1477374999999999, 1.1231375000000001, 1.2099375, 1.2046374999999998, 1.1580374999999998, 1.1311375000000001, 1.2291375], "best": [1.37609375, 1.3357812500000001, 1.3939062500000001, 1.23390625, 1.3439062499999999, 1.23390625, 1.22390625, 1.25390625, 1.29390625, 1.3317187499999998, 1.26171875, 1.22265625, 1.29171875, 1.24390625, 1.2484375, 1.23265625, 1.18171875, 1.18265625, 1.22171875, 1.20171875, 1.21265625, 1.23265625, 1.1684375, 1.1984375, 1.23265625, 1.22265625, 1.26265625, 1.2884375000000001, 1.26265625, 1.1584375, 1.1784375, 1.2184374999999998, 1.1884375, 1.1584375, 1.1384375, 1.17265625, 1.15265625, 1.1184375, 1.2184374999999998, 1.2484375, 1.2084375, 1.2384374999999999, 1.1584375, 1.2184374999999998, 1.2684375, 1.2084375, 1.2584374999999999, 1.2184374999999998, 1.2584374999999999, 1.1984375, 1.1784375, 1.2184374999999998, 1.2384374999999999, 1.2184374999999998, 1.1584375, 1.2584374999999999, 1.2584374999999999, 1.2284375, 1.1584375, 1.2184374999999998, 1.2284375, 1.2884375000000001, 1.2284375, 1.1984375, 1.2384374999999999, 1.2484375, 1.2384374999999999, 1.2884375000000001, 1.2584374999999999, 1.2284375, 1.2084375, 1.2884375000000001, 1.2384374999999999, 1.2884375000000001, 1.1884375, 1.1984375, 1.2084375, 1.2484375, 1.2184374999999998, 1.2484375, 1.2884375000000001, 1.2384374999999999, 1.2784375, 1.2284375, 1.2384374999999999, 1.2284375, 1.2684375, 1.2284375, 1.2884375000000001, 1.2884375000000001, 1.3084375000000001, 1.2384374999999999, 1.2484375, 1.2584374999999999, 1.2284375, 1.2284375, 1.2784375, 1.2784375, 1.2184374999999998, 1.1884375, 1.2784375], "worst": [1.06765625, 0.64390625, 0.5209375, 0.6012500000000001, 0.59125, 0.54125, 0.5809375, 0.553125, 0.543125, 0.563125, 0.7065625, 0.6307812500000001, 0.38609375, 0.5157812500000001, 0.47578125, 0.5057812500000001, 0.6407812500000001, 0.5884375, 0.55078125, 0.5184375, 0.66078125, 0.6307812500000001, 0.57078125, 0.55078125, 0.61078125, 0.61078125, 0.53078125, 0.48078125, 0.56078125, 0.42078125, 0.48078125, 0.63390625, 0.6384375, 0.6584375, 0.5784374999999999, 0.6184375, 0.6584375, 0.5856250000000001, 0.6184375, 0.565625, 0.6484375, 0.6884375, 0.6984375, 0.6884375, 0.7684375, 0.7584375, 0.795625, 0.6956249999999999, 0.83265625, 0.745625, 0.8384375, 0.82265625, 0.80265625, 0.89265625, 0.825625, 0.935625, 0.905625, 0.885625, 0.795625, 0.8984375, 0.82265625, 0.835625, 0.875625, 0.875625, 0.885625, 0.915625, 0.9784375, 0.99265625, 1.0484375, 1.0084374999999999, 1.0284375, 0.9384375, 0.9684375, 1.0184375, 1.0084374999999999, 1.0484375, 1.0484375, 1.0684375, 1.0284375, 0.9484375, 1.1384375, 0.9284375, 1.0684375, 1.0184375, 1.0284375, 1.0384375000000001, 1.1184375, 1.0484375, 1.0984375, 1.1384375, 1.1684375, 1.0584375000000001, 1.0484375, 1.1184375, 0.9984375, 0.9984375, 1.1284375, 1.1184375, 1.0984375, 1.0484375, 1.1684375]}, "accuracy": {"averages": [0.8217000000000002, 0.6764, 0.6557999999999999, 0.5345, 0.5567, 0.546, 0.5161, 0.4933000000000001, 0.5343000000000001, 0.5439, 0.5427000000000001, 0.5215, 0.5462, 0.5377, 0.5236999999999999, 0.4825999999999999, 0.5122, 0.49010000000000004, 0.461, 0.5109000000000001, 0.5408000000000001, 0.5115, 0.44609999999999994, 0.43660000000000004, 0.47940000000000005, 0.47180000000000005, 0.41720000000000007, 0.46270000000000006, 0.44609999999999994, 0.3663, 0.3935, 0.4663000000000001, 0.39109999999999995, 0.37920000000000004, 0.35830000000000006, 0.3956, 0.3632, 0.32600000000000007, 0.36080000000000007, 0.361, 0.4767, 0.4874, 0.47729999999999995, 0.537, 0.6154, 0.5808000000000001, 0.5612, 0.5563000000000001, 0.5761000000000001, 0.5401, 0.5843, 0.5694, 0.6103000000000001, 0.5947, 0.6061, 0.7203999999999999, 0.6946000000000001, 0.7058, 0.5854, 0.6991999999999998, 0.6755000000000001, 0.6764999999999999, 0.6966, 0.6946000000000001, 0.7287, 0.7195, 0.6800999999999999, 0.7757999999999997, 0.7563000000000001, 0.7297000000000002, 0.7286000000000001, 0.7578999999999999, 0.7238, 0.7676000000000001, 0.7297, 0.7433, 0.7238, 0.7686000000000002, 0.7601000000000002, 0.7413999999999998, 0.8008000000000002, 0.714, 0.8179000000000001, 0.7474000000000001, 0.7339, 0.7696999999999999, 0.7957000000000001, 0.7479, 0.7980000000000002, 0.8306, 0.8432999999999998, 0.7472, 0.7533999999999997, 0.7857, 0.7492999999999997, 0.7247000000000001, 0.8115000000000002, 0.8061999999999999, 0.7595999999999999, 0.7327000000000001, 0.8307000000000002], "best": [0.97, 0.91, 0.94, 0.87, 0.93, 0.89, 0.85, 0.86, 0.92, 0.85, 0.87, 0.86, 0.9, 0.86, 0.89, 0.83, 0.88, 0.84, 0.85, 0.88, 0.9, 0.85, 0.86, 0.88, 0.87, 0.94, 0.83, 0.93, 0.8, 0.85, 0.84, 0.9, 0.86, 0.79, 0.81, 0.82, 0.69, 0.75, 0.82, 0.85, 0.87, 0.84, 0.78, 0.82, 0.87, 0.83, 0.86, 0.82, 0.86, 0.8, 0.78, 0.82, 0.84, 0.82, 0.76, 0.86, 0.86, 0.83, 0.76, 0.82, 0.83, 0.89, 0.83, 0.8, 0.84, 0.85, 0.84, 0.89, 0.86, 0.83, 0.81, 0.89, 0.84, 0.89, 0.79, 0.8, 0.81, 0.85, 0.82, 0.85, 0.89, 0.84, 0.88, 0.83, 0.84, 0.83, 0.87, 0.83, 0.89, 0.89, 0.91, 0.84, 0.85, 0.86, 0.83, 0.83, 0.88, 0.88, 0.82, 0.79, 0.88], "worst": [0.47, 0.14, 0.06, 0.07, 0.06, 0.01, 0.12, 0.06, 0.02, 0.1, 0.1, 0.09, 0.09, 0.09, 0.06, 0.08, 0.04, 0.1, 0.06, 0.12, 0.06, 0.18, 0.05, 0.11, 0.15, 0.11, 0.08, 0.12, 0.1, 0.11, 0.04, 0.09, 0.09, 0.09, 0.07, 0.11, 0.08, 0.06, 0.07, 0.04, 0.08, 0.0, 0.08, 0.06, 0.16, 0.1, 0.15, 0.08, 0.11, 0.14, 0.21, 0.1, 0.08, 0.17, 0.19, 0.27, 0.26, 0.17, 0.21, 0.24, 0.1, 0.17, 0.2, 0.25, 0.24, 0.23, 0.28, 0.27, 0.4, 0.61, 0.63, 0.54, 0.57, 0.62, 0.61, 0.65, 0.65, 0.67, 0.63, 0.55, 0.74, 0.53, 0.67, 0.62, 0.63, 0.64, 0.72, 0.65, 0.7, 0.74, 0.77, 0.66, 0.65, 0.72, 0.6, 0.6, 0.73, 0.72, 0.7, 0.65, 0.77]},