{"name": "2021-06-01_08-48-54_lossweights121_4", "configs": {"pop_size": 100, "mutation_rate": 0.01, "emb_layers": ["layer_1_act", "layer_2_act"], "recomb_layers": ["layer_1_linear", "layer_2_linear", "output"], "epochs": 1, "loss_weights": [1, 2, 1]}, "results": {"fitness": {"averages": [1.0643051681691835, 0.8270648935572154, 0.720667199012661, 0.6593343679025885, 0.7149375480188066, 0.630124783032015, 0.5535009466151533, 0.4864825586540261, 0.5087398429030859, 0.5715981447416304, 0.49130303438881257, 0.6594602551499135, 0.5472991531587432, 0.5455904177002545, 0.5489892647841583, 0.5127321798055432, 0.5122847358411623, 0.4245068853456269, 0.3736483090860336, 0.46070263269517964, 0.5533520888373954, 0.46140716196061704, 0.5990228779186695, 0.6129059842582398, 0.5902820646043098, 0.6177531384713769, 0.6574276248707305, 0.6455234503720113, 0.6072804530319178, 0.7333320910119189, 0.6867139477695113, 0.6424591693997277, 0.620115479641277, 0.7135549863346526, 0.7028598411947706, 0.6013446133999457, 0.7506731524563931, 0.7922565985981564, 0.7594685750320838, 0.6911956626183248, 0.7360370996751443, 0.6987877552965933, 0.713809141779921, 0.8249956407887575, 0.7475602529458938, 0.6810745727835108, 0.7300578750044352, 0.7752383771776996, 0.7291442452447144, 0.7536432892773592, 0.6444159171102395, 0.6739022404529343, 0.7052135035675781, 0.8111410522149911, 0.8375602258644335, 0.748884727090266, 0.8469563355125561, 0.7365624466167386, 0.7504995576673514, 0.7336338203734517, 0.706681916201515, 0.806710078579292, 0.759428236436533, 0.7275976175765261, 0.8106396378394533, 0.7804635879255275, 0.808507976253726, 0.7990641706350327, 0.7577148431193844, 0.7466557078013132, 0.7123849699979548, 0.8219857044650237, 0.8186832241272164, 0.7816121015098315, 0.8285227287182861, 0.7399090537155621, 0.7328437489307356, 0.7805917263181675, 0.7895223847999759, 0.7581589748678944, 0.7144862463487252, 0.7665953772998771, 0.7679761925574721, 0.8449833185745661, 0.7241960429451711, 0.6906533762760758, 0.7231234993535344, 0.7229106154880297, 0.8092086123891824, 0.72693161799317, 0.7971681083182227, 0.7360575363138282, 0.7097137987502203, 0.7755417864914569, 0.8251844752865588, 0.7760643946884869, 0.7633774022992221, 0.8139162918493503, 0.8092338492404937, 0.8002072394818128, 0.7957583347047236], "best": [1.274331891948664, 1.23499720229326, 1.2187101143887462, 1.123536033043218, 1.1520326599100004, 1.0345801000143933, 1.0762627842389654, 0.9538190580804022, 0.9686346711102136, 1.0360276708768752, 0.9777290861422485, 1.0185933624999177, 0.8883321187648298, 0.8322714903735535, 0.8811713874641156, 0.85594464339638, 0.874382072649899, 0.8338909468618285, 0.8119622269291493, 0.8260809019693102, 0.828657156233539, 0.9155794860610219, 0.9077331765764356, 0.9080232118101121, 0.8929510322347884, 0.8968561778495117, 0.8789186107886997, 0.8678124488866588, 0.8001199880493826, 0.8759665306015822, 0.8809906703090107, 0.8152367259723392, 0.8708703813883063, 0.8391602099002006, 0.846041948654896, 0.7804007514222078, 0.8605836569960665, 0.9197791659589132, 0.9131020262460497, 0.8000474344179831, 0.8259240546017986, 0.8299900312787405, 0.873633212005402, 0.9339321205114175, 0.8391269153250708, 0.8370671501324689, 0.8859099116705349, 0.8893297312748055, 0.8600357297712731, 0.8582621667143355, 0.8159771588387699, 0.7963644060694163, 0.7711961563008056, 0.9213103145934439, 0.9186958151980489, 0.8448896224088037, 0.9165520921035152, 0.8277187765810627, 0.9274877484106547, 0.8456112033416407, 0.8077047256350438, 0.8763313528913257, 0.8702683396159356, 0.8649138168425989, 0.887963683336926, 0.8853674230551882, 0.8784891398228207, 0.8776935494127889, 0.8422924133956857, 0.8362452668642618, 0.7932736999261715, 0.9080913740145198, 0.8875988016150163, 0.8649932691805198, 0.8959516648320106, 0.8245595449770182, 0.8387157632816732, 0.8702630026898333, 0.869511245258041, 0.8692844860270204, 0.8060451482585422, 0.8371416473052753, 0.8537637844122422, 0.9211319300591815, 0.840456691254347, 0.7962208853953301, 0.8162867210058825, 0.8107779104961746, 0.8909294317169049, 0.8362678804124808, 0.841037558439406, 0.8156939428555914, 0.7973622239502054, 0.8406989112709866, 0.8834525294407654, 0.8436561133220537, 0.8780522541215081, 0.89302684645227, 0.8810561850058434, 0.8605489070547828, 0.8763191343989345], "worst": [0.5038357917947, -0.23891602572642212, -0.5513883833594152, -0.3371964929071689, -0.6129714778838521, -0.30498572533658297, -0.5411977892981823, -0.38892744830456827, -0.3433661393959173, -0.08545710005940277, -0.30751856594108395, -0.24166520007296322, -0.054958872942899695, -0.09087015449039054, -0.08594027182855635, -0.24137963163000614, -0.22018161890018706, -0.6029510058564167, -0.6507521883582511, -0.7821344974017107, -0.5628416153079456, -0.34552812113129305, -0.2989327457033204, -0.22625221529801975, -0.11617308811135041, -0.21295882420838197, 0.18424090467611864, 0.13578017675940146, 0.16837667526271993, 0.041911450708709774, 0.27683059619507533, 0.06640809172478512, -0.29445479597467594, 0.14714227632362098, 0.24454867339741748, 0.2619741995059064, 0.5267988467261701, 0.4362333562885795, 0.5722116188683477, 0.4875956116521411, 0.5914158850887081, 0.42942328404947394, 0.43775861684753425, 0.6513980736553353, 0.5746903416856897, 0.4563675769236892, 0.34172378008214754, 0.6030149448092195, 0.509562148435129, 0.5018988264464738, 0.41903376348751054, 0.5481361660455423, 0.5168685313493758, 0.5970898542754037, 0.6646781837726516, 0.5577215659818322, 0.7382262051917277, 0.5938515365860662, 0.4329665522057068, 0.5035295533091836, 0.48106752303248534, 0.6397107675098281, 0.6299677428075319, 0.5385862234098602, 0.4876369323601857, 0.6413889785031918, 0.7109349053637617, 0.6121344349034575, 0.6417204543905004, 0.5630810872934393, 0.5610733423128835, 0.7010844885458927, 0.5780129645147201, 0.6391693422471274, 0.7083400276096667, 0.618054746858011, 0.6178142968134877, 0.5807851395172916, 0.6852098302700257, 0.17264553014171236, 0.5682030972459043, 0.6194953420384866, 0.5915099859960469, 0.7314209625154025, 0.5918640646244402, 0.44057742805419053, 0.6075842122398962, 0.5934857319902332, 0.6783542749570335, 0.6441940559748822, 0.7551090159473075, 0.6414442043008024, 0.4902732119480834, 0.7125618042308302, 0.6251975688468124, 0.6455724855480967, 0.47666017450797005, 0.704238196098981, 0.6150005349884651, 0.6710252571004425, 0.7029736277086487]}, "accuracy": {"averages": [0.7887, 0.6708999999999999, 0.6483, 0.6386999999999999, 0.68, 0.6233, 0.6503, 0.6006000000000001, 0.6437, 0.6555, 0.6367999999999999, 0.7045999999999999, 0.6386, 0.6487999999999999, 0.6609999999999999, 0.6528, 0.6207, 0.6256, 0.5844, 0.6655999999999999, 0.652, 0.6658, 0.7192000000000001, 0.7047, 0.7171999999999998, 0.765, 0.7683000000000001, 0.7856000000000002, 0.7766000000000001, 0.8371999999999997, 0.8039000000000001, 0.7738999999999998, 0.7614999999999997, 0.8203999999999999, 0.8095000000000002, 0.7933, 0.8222999999999999, 0.8758000000000002, 0.8616999999999999, 0.8321, 0.8133999999999999, 0.8214, 0.8340000000000001, 0.9001999999999998, 0.8229000000000001, 0.8083, 0.8384999999999998, 0.8332999999999998, 0.8405999999999999, 0.8460999999999999, 0.8185000000000001, 0.8477999999999999, 0.7856000000000001, 0.8686000000000001, 0.8722000000000003, 0.8262999999999998, 0.8894, 0.8489, 0.8683, 0.8393, 0.8019000000000003, 0.8893999999999999, 0.8751000000000001, 0.8382999999999999, 0.8704000000000001, 0.8456999999999999, 0.8523999999999998, 0.8711999999999999, 0.8571, 0.8593999999999999, 0.8675, 0.8725, 0.887, 0.8613, 0.8985000000000001, 0.8480999999999999, 0.8391, 0.8443999999999998, 0.8460999999999997, 0.8475999999999999, 0.8603000000000002, 0.8661, 0.8929, 0.8834000000000002, 0.8237000000000001, 0.8526, 0.8151999999999999, 0.8282999999999998, 0.8523999999999999, 0.8166, 0.8566999999999999, 0.8343, 0.7988000000000003, 0.835, 0.8918, 0.8254, 0.8903, 0.8778, 0.8831999999999998, 0.8628, 0.8346999999999999],