{"name": "2021-06-01_lossweights001_3", "configs": {"pop_size": 100, "mutation_rate": 0.01, "emb_layers": ["layer_1_act", "layer_2_act"], "recomb_layers": ["layer_1_linear", "layer_2_linear", "output"], "epochs": 1, "loss_weights": [0, 0, 1]}, "results": {"fitness": {"averages": [0.4445703125, 0.501484375, 0.527890625, 0.54765625, 0.5966796875, 0.63359375, 0.6499609375, 0.678125, 0.6806640625, 0.6959765625, 0.698046875, 0.709140625, 0.714296875, 0.720546875, 0.7161328125, 0.7180078125, 0.7112109375, 0.7143359375, 0.7180859375, 0.7336328125, 0.7290234375, 0.7428125, 0.7514453125, 0.74703125, 0.7517578125, 0.7498046875, 0.749296875, 0.745859375, 0.7484375, 0.75140625, 0.754609375, 0.7573828125, 0.7571875, 0.76125, 0.763671875, 0.765078125, 0.767421875, 0.763359375, 0.763828125, 0.76203125, 0.75984375, 0.765546875, 0.766171875, 0.76234375, 0.764140625, 0.766328125, 0.76609375, 0.763671875, 0.758828125, 0.7603125, 0.762890625, 0.761640625, 0.76375, 0.76484375, 0.76890625, 0.766796875, 0.759765625, 0.7634375, 0.762734375, 0.763359375, 0.76734375, 0.77125, 0.77234375, 0.775390625, 0.775, 0.776328125, 0.77890625, 0.77828125, 0.77828125, 0.779140625, 0.776875, 0.77796875, 0.7771875, 0.777890625, 0.778359375, 0.778203125, 0.778828125, 0.77984375, 0.7803125, 0.77640625, 0.7746875, 0.77609375, 0.779609375, 0.778828125, 0.779609375, 0.78078125, 0.782734375, 0.784140625, 0.784765625, 0.78484375, 0.785078125, 0.785078125, 0.78515625, 0.78515625, 0.78515625, 0.78515625, 0.78515625, 0.78515625, 0.78515625, 0.78515625, 0.78515625], "best": [0.79296875, 0.79296875, 0.79296875, 0.78515625, 0.78515625, 0.78515625, 0.78515625, 0.78515625, 0.78515625, 0.78515625, 0.78515625, 0.78515625, 0.78515625, 0.78515625, 0.78515625, 0.78515625, 0.78515625, 0.78515625, 0.78515625, 0.78515625, 0.78515625, 0.78515625, 0.78515625, 0.78515625, 0.78515625, 0.78515625, 0.78515625, 0.78515625, 0.78515625, 0.78515625, 0.78515625, 0.78515625, 0.78515625, 0.78515625, 0.78515625, 0.78515625, 0.78515625, 0.78515625, 0.78515625, 0.78515625, 0.78515625, 0.78515625, 0.78515625, 0.78515625, 0.78515625, 0.78515625, 0.78515625, 0.78515625, 0.78515625, 0.78515625, 0.78515625, 0.78515625, 0.78515625, 0.78515625, 0.78515625, 0.78515625, 0.78515625, 0.78515625, 0.78515625, 0.78515625, 0.78515625, 0.78515625, 0.78515625, 0.78515625, 0.78515625, 0.78515625, 0.78515625, 0.78515625, 0.78515625, 0.78515625, 0.78515625, 0.78515625, 0.78515625, 0.78515625, 0.78515625, 0.78515625, 0.78515625, 0.78515625, 0.78515625, 0.78515625, 0.78515625, 0.78515625, 0.78515625, 0.78515625, 0.78515625, 0.78515625, 0.78515625, 0.78515625, 0.78515625, 0.78515625, 0.78515625, 0.78515625, 0.78515625, 0.78515625, 0.78515625, 0.78515625, 0.78515625, 0.78515625, 0.78515625, 0.78515625, 0.78515625], "worst": [0.09765625, 0.10546875, 0.15234375, 0.15234375, 0.15234375, 0.15234375, 0.15234375, 0.42578125, 0.42578125, 0.42578125, 0.42578125, 0.42578125, 0.42578125, 0.42578125, 0.42578125, 0.42578125, 0.42578125, 0.55859375, 0.55859375, 0.55859375, 0.55859375, 0.6015625, 0.6015625, 0.6015625, 0.6015625, 0.6015625, 0.6015625, 0.6015625, 0.6015625, 0.6015625, 0.6015625, 0.6015625, 0.70703125, 0.70703125, 0.72265625, 0.72265625, 0.72265625, 0.72265625, 0.72265625, 0.72265625, 0.72265625, 0.72265625, 0.72265625, 0.72265625, 0.72265625, 0.72265625, 0.72265625, 0.72265625, 0.72265625, 0.72265625, 0.72265625, 0.72265625, 0.72265625, 0.72265625, 0.72265625, 0.72265625, 0.72265625, 0.72265625, 0.72265625, 0.72265625, 0.72265625, 0.72265625, 0.72265625, 0.72265625, 0.72265625, 0.72265625, 0.72265625, 0.72265625, 0.72265625, 0.72265625, 0.72265625, 0.72265625, 0.72265625, 0.72265625, 0.72265625, 0.72265625, 0.72265625, 0.72265625, 0.72265625, 0.72265625, 0.72265625, 0.72265625, 0.72265625, 0.72265625, 0.72265625, 0.72265625, 0.72265625, 0.72265625, 0.77734375, 0.77734375, 0.77734375, 0.77734375, 0.78515625, 0.78515625, 0.78515625, 0.78515625, 0.78515625, 0.78515625, 0.78515625, 0.78515625, 0.78515625]}, "accuracy": {"averages": [0.7658000000000001, 0.6792999999999999, 0.5553, 0.5543, 0.38360000000000005, 0.38199999999999995, 0.3457, 0.3223, 0.31579999999999997, 0.32, 0.19729999999999998, 0.2348, 0.20380000000000004, 0.17309999999999998, 0.19549999999999998, 0.15970000000000004, 0.26380000000000003, 0.22080000000000002, 0.2325, 0.21379999999999996, 0.1886, 0.2237, 0.1797, 0.10240000000000002, 0.18089999999999995, 0.1732, 0.2046, 0.18160000000000004, 0.17190000000000003, 0.1773, 0.20380000000000004, 0.1349, 0.12380000000000002, 0.10590000000000002, 0.1422, 0.1394, 0.13839999999999997, 0.1544, 0.12660000000000002, 0.1462, 0.09729999999999998, 0.10770000000000003, 0.13480000000000003, 0.14520000000000002, 0.1317, 0.21040000000000003, 0.0992, 0.14590000000000003, 0.09820000000000001, 0.14070000000000002, 0.06749999999999999, 0.1245, 0.1592, 0.0973, 0.13590000000000002, 0.152, 0.11399999999999999, 0.0917, 0.10459999999999998, 0.1148, 0.1084, 0.16579999999999998, 0.10190000000000002, 0.1319, 0.0746, 0.13100000000000003, 0.0851, 0.12810000000000002, 0.0996, 0.08290000000000002, 0.0654, 0.11709999999999997, 0.06670000000000001, 0.1374, 0.141, 0.14449999999999996, 0.1247, 0.12660000000000005, 0.0934, 0.10260000000000001, 0.11829999999999999, 0.12269999999999999, 0.11590000000000002, 0.14240000000000003, 0.07909999999999999, 0.08589999999999998, 0.1125, 0.0922, 0.07429999999999999, 0.0737, 0.08720000000000003, 0.1036, 0.0764, 0.1194, 0.08850000000000001, 0.073, 0.08770000000000001, 0.0986, 0.10220000000000001, 0.0766, 0.09480000000000002], "best": [0.92, 0.92, 0.9, 0.94, 0.85, 0.9, 0.86, 0.75, 0.7, 0.77, 0.61, 0.7, 0.6, 0.47, 0.43, 0.43, 0.56, 0.46, 0.48, 0.47, 0.47, 0.6, 0.55, 0.41, 0.43, 0.53, 0.51, 0.47, 0.47, 0.51, 0.51, 0.48, 0.27, 0.38, 0.31, 0.35, 0.37, 0.49, 0.33, 0.36, 0.33, 0.39, 0.41, 0.35, 0.41, 0.4, 0.2, 0.34, 0.26, 0.33, 0.19, 0.27, 0.34, 0.25, 0.26, 0.3, 0.21, 0.24, 0.32, 0.24, 0.25, 0.32, 0.39, 0.33, 0.23, 0.35, 0.3, 0.33, 0.22, 0.26, 0.2, 0.24, 0.17, 0.23, 0.26, 0.32, 0.29, 0.34, 0.31, 0.31, 0.33, 0.29, 0.29, 0.3, 0.19, 0.25, 0.31, 0.27, 0.28, 0.29, 0.3, 0.27, 0.18, 0.26, 0.17, 0.19, 0.17, 0.23, 0.2, 0.15, 0.21], "worst": [0.42, 0.09, 0.06, 0.09, 0.06, 0.07, 0.05, 0.07, 0.04, 0.05, 0.01, 0.03, 0.02, 0.01, 0.06, 0.04, 0.06, 0.05, 0.07, 0.09, 0.07, 0.09, 0.08, 0.04, 0.06, 0.07, 0.09, 0.08, 0.07, 0.08, 0.03, 0.05, 0.02, 0.03, 0.04, 0.03, 0.05, 0.05, 0.03, 0.06, 0.01, 0.0, 0.02, 0.02, 0.03, 0.01, 0.03, 0.03, 0.04, 0.04, 0.01, 0.05, 0.0, 0.0, 0.02, 0.02, 0.05, 0.01, 0.02, 0.03, 0.04, 0.01, 0.01, 0.03, 0.01, 0.0, 0.01, 0.02, 0.0, 0.0, 0.0, 0.02, 0.0, 0.05, 0.0, 0.0, 0.01, 0.01, 0.01, 0.01, 0.02, 0.03, 0.02, 0.03, 0.0, 0.01, 0.01, 0.01, 0.01, 0.0, 0.02, 0.01, 0.01, 0.02, 0.01, 0.0, 0.0, 0.02, 0.03, 0.02, 0.03]},