{"name": "2021-06-01_lossweights021_3", "configs": {"pop_size": 100, "mutation_rate": 0.01, "emb_layers": ["layer_1_act", "layer_2_act"], "recomb_layers": ["layer_1_linear", "layer_2_linear", "output"], "epochs": 1, "loss_weights": [0, 2, 1]}, "results": {"fitness": {"averages": [0.2766013406050251, 0.156525577905682, 0.07981681181123366, -0.018382553907506125, 0.00993871929651455, -0.010286316394457411, -0.04495802981277162, -0.0029435030364347975, 0.018285040334137897, 0.04737901302562997, -0.18078240366963405, -0.006389364940795732, -0.08128825167935458, -0.06591520213776916, -0.040075534590846076, -0.05101504703917341, -0.04642319342212401, -0.0038002480420135454, -0.14205871758646274, -0.11690474452502952, -0.040438572841304456, -0.07203069091442495, 0.00401614654239852, -0.10325985986326489, -0.0914063093313052, 0.013722772348508216, -0.0766480504492214, -0.04827923676373703, -0.06185003219314745, -0.044875222556084546, 0.09178825706281252, -0.01611432180914389, 0.10078170080250054, -0.02420354603755773, 0.02222705616440253, 0.003903827906318967, -0.014789021554744148, -0.014741399155398438, -0.043472762942087136, 0.011799427947503263, 0.0007144760826169167, -0.03280967494052237, 0.029423833568063412, -0.022538047750032958, -0.008214252231065915, -0.001164297593485564, 0.0775626105839149, 0.06636596484886237, 0.06881856043735854, 0.11850764601902553, 0.036577960651477344, 0.027110812329300106, 0.06466536270342056, 0.055144773213048205, 0.07902879710227821, 0.04137208615755237, 0.11309124013514063, 0.10791140869081933, 0.017365822771930103, 0.08285812753077158, 0.08994983458195177, -0.007720096915609063, 0.02690651327336483, 0.08312842306736033, 0.056036735289476676, 0.05542496394032262, 0.06783600059940642, 0.013692365449146435, 0.0577839356901149, 0.12172497744084065, 0.1067983311889918, 0.08953000247297897, 0.0928478361780027, 0.11226719531754867, 0.11337951929123789, 0.1253660596162444, 0.028320137322944715, 0.04802455318859648, 0.04495786653377917, 0.09535486270452088, -0.048985533498267744, 0.09558928531012358, 0.05344490140573944, 0.07774366147668152, 0.002619028928440852, 0.07643920586056967, 0.0073245225441658035, 0.024739762326255837, 0.12312771944561458, 0.03263924758466897, 0.0893478708879832, 0.08611925859672287, 0.04844104239904831, 0.02645816737634781, 0.14279869132648979, 0.04787584379749271, 0.08549625668269081, 0.08494838557015263, 0.04688057738889059, 0.011734232872471056, 0.09320430808917783], "best": [0.3869996758909622, 0.36849206490572123, 0.34022112184434966, 0.3045572252026183, 0.2857702354508635, 0.2998728515908702, 0.2643114156353138, 0.2463717636655851, 0.26303255447147506, 0.24238883227907015, 0.11141499885603401, 0.19622132229766576, 0.16477051940508214, 0.18901828226956063, 0.19888769626906638, 0.1718093289457408, 0.14735736526696125, 0.15147653013844167, 0.0925106909928951, 0.09249823092994436, 0.12938399843879747, 0.1353503875938651, 0.15968773614922527, 0.09318884676712075, 0.08354265026135416, 0.13938419948713582, 0.0772213840482705, 0.07141348468440195, 0.10590602043574371, 0.08085342279543137, 0.2178032201858835, 0.09898080083730756, 0.17957779156654605, 0.11779056329606041, 0.12032279691744324, 0.11051419371809135, 0.11513177350332687, 0.08564823790124557, 0.06207574646621006, 0.10455828379604576, 0.08710322555076475, 0.0711722242074585, 0.1094520545053029, 0.05438607079506319, 0.08908330255190966, 0.1057639235879401, 0.146870457633596, 0.14306458032686978, 0.12579011928636358, 0.16837809856672825, 0.1164510705135986, 0.10984066262906658, 0.13502447742832985, 0.1471303168500336, 0.15374969700178104, 0.11440712619974813, 0.16808070866966945, 0.15646261533940287, 0.08914839812378383, 0.13023987065799486, 0.1462006023582693, 0.04265786926630083, 0.10611494995062165, 0.13232506634475488, 0.11262680636286504, 0.09282075359458722, 0.11734821314379093, 0.08127571528811972, 0.1110857797584772, 0.15383068286668883, 0.1530039241724902, 0.13579727008309442, 0.14385057701585935, 0.15643787130073644, 0.1504191453683104, 0.15544754199803645, 0.07808603029350056, 0.08815475046765658, 0.09263586628729154, 0.13574496359052612, -0.005986945340500149, 0.13380370937303177, 0.09071645577246429, 0.12370064180650792, 0.036771955670690304, 0.12504650629459782, 0.06356308168376451, 0.06140673266802943, 0.15383571658982398, 0.0674463571892912, 0.1276233849439848, 0.12159221032394213, 0.11806644543226738, 0.07335401825466648, 0.16919133098212025, 0.0950209918052203, 0.11822423610744356, 0.127609832255431, 0.08047743487810666, 0.06760262250217391, 0.13770377780876938], "worst": [0.09651251236445235, -0.8168461037558299, -0.9486318331194818, -0.6084388265661715, -0.8781830308633214, -0.6125213185727523, -0.41823639838009374, -0.37659901802202134, -0.46534403088201637, -0.5359763336376107, -0.6666661535269864, -0.45541963895389515, -0.5640506889548411, -0.4897113383662801, -0.45353821476796186, -0.51836753699926, -0.5056100425524565, -0.5325760611830828, -0.4976919853710833, -0.4763279210857675, -0.31212787220504634, -0.3995971639439875, -0.20206028733145454, -0.4492929012131146, -0.36435781033457704, -0.5010645410298051, -0.2652675689409181, -0.348833329143473, -0.32250909642130754, -0.3619928904598928, -0.2011244379189715, -0.2823801566953714, -0.14614137960830442, -0.2571733452842053, -0.2005266865635511, -0.2528872633455115, -0.1664569555199199, -0.14201120348328633, -0.20718174759964625, -0.13048015964942894, -0.19686694820069228, -0.2224160933923489, -0.13563312645230907, -0.195583612161375, -0.24434812973473807, -0.25310817136801034, -0.17108495839758064, -0.17403053634516263, -0.034533557119413194, 0.016555083256667658, -0.10087320906462915, -0.148308973198726, -0.11414491100453195, -0.10521343570654351, -0.07879189681584164, -0.08472390518734108, -0.15610574248267967, 0.023613334716423573, -0.07501168624834625, 0.017504921538089857, 0.03895919556192462, -0.08747576874492458, -0.17083922340187208, 0.03103209600811252, -0.007990057813357487, -0.06432149552538108, 0.006989784109226349, -0.2111241036440984, -0.015594668668572509, 0.056985045051017924, 0.01580354001908668, 0.036212213071975585, -0.019091866222466336, 0.0706167792037182, 0.06419481136870586, 0.085823168866941, -0.029871232445590812, -0.003687201010621255, -0.06255853718535997, 0.04220120279560585, -0.18425002205789476, 0.052660401523812184, -0.0022492123270336783, -0.03371635581591975, -0.046400797850470354, -0.023814499622900165, -0.039215974462106784, -0.021814886671902012, 0.02438815051604737, -0.0016320276910367082, -0.04190858387253199, 0.05382391168588457, -0.0427671924027625, -0.06588578276555618, 0.11367292289237665, -0.014265991827666857, 0.04564717259880552, 0.05099821942867089, 0.009856012519836976, -0.06499438306579042, 0.019485851519016828]},