{"name": "2021-06-01_lossweights100_7", "configs": {"pop_size": 100, "mutation_rate": 0.01, "emb_layers": ["layer_1_act", "layer_2_act"], "recomb_layers": ["layer_1_linear", "layer_2_linear", "output"], "epochs": 1, "loss_weights": [1, 0, 0]}, "results": {"fitness": {"averages": [0.7788999999999998, 0.6825, 0.6430000000000001, 0.6621000000000001, 0.5711, 0.6524000000000001, 0.6517999999999999, 0.5361, 0.6074, 0.6253, 0.6387999999999999, 0.6507999999999999, 0.633, 0.6175, 0.5920000000000001, 0.7074000000000001, 0.6503999999999999, 0.7212, 0.7018000000000001, 0.6977, 0.7535000000000001, 0.7501000000000001, 0.7183000000000002, 0.7614, 0.8141000000000002, 0.7719999999999999, 0.7663000000000002, 0.8337999999999997, 0.8435000000000001, 0.8307000000000001, 0.8427000000000001, 0.8538, 0.7564, 0.8878999999999999, 0.8251999999999999, 0.8628999999999999, 0.7994, 0.8744000000000003, 0.8649000000000001, 0.7606999999999999, 0.8284999999999999, 0.8482, 0.7999, 0.8397999999999999, 0.8834000000000001, 0.8684999999999999, 0.8639000000000001, 0.8555000000000001, 0.7994, 0.7777000000000001, 0.8645, 0.8480999999999999, 0.8621, 0.8560000000000001, 0.8787, 0.8597, 0.8266000000000001, 0.8331000000000001, 0.8957999999999999, 0.8411, 0.8438000000000001, 0.8863000000000001, 0.8691000000000001, 0.8515999999999999, 0.8665999999999999, 0.8287999999999998, 0.8418000000000001, 0.8485999999999998, 0.8231999999999998, 0.8580999999999998, 0.7869999999999999, 0.8499000000000001, 0.9256, 0.9009999999999997, 0.8724999999999998, 0.8269000000000001, 0.8482999999999999, 0.9067000000000001, 0.8037000000000001, 0.8841999999999999, 0.888, 0.8299999999999998, 0.8695, 0.8401000000000001, 0.8934000000000001, 0.8596999999999998, 0.8443, 0.8664999999999998, 0.8108000000000001, 0.8494999999999999, 0.8374999999999999, 0.8646999999999998, 0.8186, 0.8402999999999998, 0.8481999999999998, 0.8683999999999998, 0.8057000000000001, 0.826, 0.8837999999999999, 0.8656, 0.7918999999999999], "best": [0.92, 0.94, 0.92, 0.92, 0.9, 0.92, 0.94, 0.87, 0.88, 0.93, 0.91, 0.9, 0.88, 0.88, 0.86, 0.93, 0.9, 0.9, 0.96, 0.93, 0.93, 0.89, 0.84, 0.86, 0.91, 0.87, 0.89, 0.91, 0.92, 0.89, 0.93, 0.93, 0.83, 0.96, 0.89, 0.94, 0.88, 0.92, 0.93, 0.85, 0.89, 0.91, 0.86, 0.9, 0.95, 0.93, 0.92, 0.91, 0.86, 0.85, 0.94, 0.9, 0.91, 0.92, 0.92, 0.93, 0.92, 0.91, 0.94, 0.91, 0.91, 0.93, 0.91, 0.89, 0.92, 0.9, 0.9, 0.9, 0.87, 0.93, 0.84, 0.91, 0.96, 0.94, 0.92, 0.87, 0.9, 0.94, 0.86, 0.94, 0.94, 0.89, 0.91, 0.89, 0.93, 0.89, 0.87, 0.9, 0.84, 0.92, 0.9, 0.91, 0.86, 0.9, 0.88, 0.93, 0.85, 0.87, 0.92, 0.9, 0.84], "worst": [0.44, 0.04, 0.08, 0.12, 0.04, 0.11, 0.12, 0.08, 0.08, 0.1, 0.02, 0.14, 0.12, 0.1, 0.1, 0.13, 0.14, 0.06, 0.08, 0.12, 0.14, 0.18, 0.16, 0.25, 0.3, 0.23, 0.25, 0.73, 0.68, 0.64, 0.59, 0.66, 0.61, 0.74, 0.69, 0.7, 0.64, 0.74, 0.72, 0.64, 0.7, 0.79, 0.68, 0.75, 0.79, 0.79, 0.76, 0.75, 0.69, 0.65, 0.76, 0.77, 0.76, 0.73, 0.83, 0.78, 0.7, 0.75, 0.79, 0.63, 0.77, 0.79, 0.77, 0.78, 0.82, 0.75, 0.78, 0.79, 0.76, 0.79, 0.73, 0.77, 0.83, 0.81, 0.82, 0.76, 0.7, 0.81, 0.76, 0.78, 0.82, 0.7, 0.83, 0.78, 0.85, 0.82, 0.81, 0.81, 0.74, 0.77, 0.78, 0.82, 0.76, 0.8, 0.8, 0.82, 0.77, 0.76, 0.8, 0.83, 0.73]}, "accuracy": {"averages": [0.7788999999999998, 0.6825, 0.6430000000000001, 0.6621000000000001, 0.5711, 0.6524000000000001, 0.6517999999999999, 0.5361, 0.6074, 0.6253, 0.6387999999999999, 0.6507999999999999, 0.633, 0.6175, 0.5920000000000001, 0.7074000000000001, 0.6503999999999999, 0.7212, 0.7018000000000001, 0.6977, 0.7535000000000001, 0.7501000000000001, 0.7183000000000002, 0.7614, 0.8141000000000002, 0.7719999999999999, 0.7663000000000002, 0.8337999999999997, 0.8435000000000001, 0.8307000000000001, 0.8427000000000001, 0.8538, 0.7564, 0.8878999999999999, 0.8251999999999999, 0.8628999999999999, 0.7994, 0.8744000000000003, 0.8649000000000001, 0.7606999999999999, 0.8284999999999999, 0.8482, 0.7999, 0.8397999999999999, 0.8834000000000001, 0.8684999999999999, 0.8639000000000001, 0.8555000000000001, 0.7994, 0.7777000000000001, 0.8645, 0.8480999999999999, 0.8621, 0.8560000000000001, 0.8787, 0.8597, 0.8266000000000001, 0.8331000000000001, 0.8957999999999999, 0.8411, 0.8438000000000001, 0.8863000000000001, 0.8691000000000001, 0.8515999999999999, 0.8665999999999999, 0.8287999999999998, 0.8418000000000001, 0.8485999999999998, 0.8231999999999998, 0.8580999999999998, 0.7869999999999999, 0.8499000000000001, 0.9256, 0.9009999999999997, 0.8724999999999998, 0.8269000000000001, 0.8482999999999999, 0.9067000000000001, 0.8037000000000001, 0.8841999999999999, 0.888, 0.8299999999999998, 0.8695, 0.8401000000000001, 0.8934000000000001, 0.8596999999999998, 0.8443, 0.8664999999999998, 0.8108000000000001, 0.8494999999999999, 0.8374999999999999, 0.8646999999999998, 0.8186, 0.8402999999999998, 0.8481999999999998, 0.8683999999999998, 0.8057000000000001, 0.826, 0.8837999999999999, 0.8656, 0.7918999999999999], "best": [0.92, 0.94, 0.92, 0.92, 0.9, 0.92, 0.94, 0.87, 0.88, 0.93, 0.91, 0.9, 0.88, 0.88, 0.86, 0.93, 0.9, 0.9, 0.96, 0.93, 0.93, 0.89, 0.84, 0.86, 0.91, 0.87, 0.89, 0.91, 0.92, 0.89, 0.93, 0.93, 0.83, 0.96, 0.89, 0.94, 0.88, 0.92, 0.93, 0.85, 0.89, 0.91, 0.86, 0.9, 0.95, 0.93, 0.92, 0.91, 0.86, 0.85, 0.94, 0.9, 0.91, 0.92, 0.92, 0.93, 0.92, 0.91, 0.94, 0.91, 0.91, 0.93, 0.91, 0.89, 0.92, 0.9, 0.9, 0.9, 0.87, 0.93, 0.84, 0.91, 0.96, 0.94, 0.92, 0.87, 0.9, 0.94, 0.86, 0.94, 0.94, 0.89, 0.91, 0.89, 0.93, 0.89, 0.87, 0.9, 0.84, 0.92, 0.9, 0.91, 0.86, 0.9, 0.88, 0.93, 0.85, 0.87, 0.92, 0.9, 0.84], "worst": [0.44, 0.04, 0.08, 0.12, 0.04, 0.11, 0.12, 0.08, 0.08, 0.1, 0.02, 0.14, 0.12, 0.1, 0.1, 0.13, 0.14, 0.06, 0.08, 0.12, 0.14, 0.18, 0.16, 0.25, 0.3, 0.23, 0.25, 0.73, 0.68, 0.64, 0.59, 0.66, 0.61, 0.74, 0.69, 0.7, 0.64, 0.74, 0.72, 0.64, 0.7, 0.79, 0.68, 0.75, 0.79, 0.79, 0.76, 0.75, 0.69, 0.65, 0.76, 0.77, 0.76, 0.73, 0.83, 0.78, 0.7, 0.75, 0.79, 0.63, 0.77, 0.79, 0.77, 0.78, 0.82, 0.75, 0.78, 0.79, 0.76, 0.79, 0.73, 0.77, 0.83, 0.81, 0.82, 0.76, 0.7, 0.81, 0.76, 0.78, 0.82, 0.7, 0.83, 0.78, 0.85, 0.82, 0.81, 0.81, 0.74, 0.77, 0.78, 0.82, 0.76, 0.8, 0.8, 0.82, 0.77, 0.76, 0.8, 0.83, 0.73]},