{"name": "2021-06-01_lossweights001_6", "configs": {"pop_size": 100, "mutation_rate": 0.01, "emb_layers": ["layer_1_act", "layer_2_act"], "recomb_layers": ["layer_1_linear", "layer_2_linear", "output"], "epochs": 1, "loss_weights": [0, 0, 1]}, "results": {"fitness": {"averages": [0.4445703125, 0.498671875, 0.5314453125, 0.598125, 0.593046875, 0.64328125, 0.6411328125, 0.674453125, 0.68078125, 0.686171875, 0.6971875, 0.7020703125, 0.733046875, 0.741875, 0.7427734375, 0.740859375, 0.7516796875, 0.7573828125, 0.761015625, 0.760078125, 0.763046875, 0.7573046875, 0.7568359375, 0.761796875, 0.7687890625, 0.768671875, 0.76921875, 0.771328125, 0.7728125, 0.774296875, 0.77578125, 0.7765625, 0.778984375, 0.780234375, 0.78015625, 0.780859375, 0.779765625, 0.78046875, 0.780390625, 0.7803125, 0.77984375, 0.781328125, 0.781640625, 0.781171875, 0.779609375, 0.780546875, 0.77796875, 0.778125, 0.77703125, 0.774609375, 0.777421875, 0.776171875, 0.7721875, 0.77359375, 0.77125, 0.768984375, 0.768515625, 0.769140625, 0.768828125, 0.770859375, 0.769140625, 0.771328125, 0.771015625, 0.77109375, 0.770234375, 0.77125, 0.770625, 0.771796875, 0.771796875, 0.77421875, 0.772109375, 0.77140625, 0.7721875, 0.772734375, 0.7746875, 0.775546875, 0.778203125, 0.77953125, 0.778984375, 0.77890625, 0.776796875, 0.776796875, 0.77640625, 0.775546875, 0.775546875, 0.774921875, 0.7778125, 0.777421875, 0.776796875, 0.77640625, 0.776953125, 0.77703125, 0.777578125, 0.77734375, 0.77828125, 0.777109375, 0.776640625, 0.77625, 0.77859375, 0.77875, 0.780390625], "best": [0.79296875, 0.79296875, 0.79296875, 0.79296875, 0.79296875, 0.79296875, 0.79296875, 0.79296875, 0.79296875, 0.79296875, 0.79296875, 0.79296875, 0.79296875, 0.79296875, 0.79296875, 0.79296875, 0.79296875, 0.79296875, 0.79296875, 0.79296875, 0.79296875, 0.79296875, 0.79296875, 0.79296875, 0.79296875, 0.79296875, 0.79296875, 0.79296875, 0.79296875, 0.79296875, 0.79296875, 0.79296875, 0.79296875, 0.79296875, 0.79296875, 0.79296875, 0.79296875, 0.79296875, 0.79296875, 0.79296875, 0.79296875, 0.79296875, 0.79296875, 0.79296875, 0.79296875, 0.79296875, 0.79296875, 0.79296875, 0.79296875, 0.79296875, 0.79296875, 0.79296875, 0.79296875, 0.79296875, 0.79296875, 0.79296875, 0.79296875, 0.79296875, 0.79296875, 0.79296875, 0.79296875, 0.79296875, 0.79296875, 0.79296875, 0.79296875, 0.79296875, 0.79296875, 0.79296875, 0.79296875, 0.79296875, 0.79296875, 0.79296875, 0.79296875, 0.79296875, 0.79296875, 0.79296875, 0.79296875, 0.79296875, 0.79296875, 0.79296875, 0.79296875, 0.79296875, 0.79296875, 0.79296875, 0.79296875, 0.79296875, 0.79296875, 0.79296875, 0.79296875, 0.79296875, 0.79296875, 0.79296875, 0.79296875, 0.79296875, 0.79296875, 0.79296875, 0.79296875, 0.79296875, 0.79296875, 0.79296875, 0.79296875], "worst": [0.09765625, 0.140625, 0.140625, 0.140625, 0.17578125, 0.25390625, 0.25390625, 0.25390625, 0.25390625, 0.25390625, 0.25390625, 0.25390625, 0.43359375, 0.6171875, 0.6171875, 0.6171875, 0.6171875, 0.6171875, 0.6171875, 0.6171875, 0.6171875, 0.6171875, 0.6171875, 0.6171875, 0.6171875, 0.70703125, 0.70703125, 0.70703125, 0.70703125, 0.70703125, 0.70703125, 0.70703125, 0.76171875, 0.76171875, 0.76171875, 0.76171875, 0.76171875, 0.76171875, 0.76171875, 0.76171875, 0.76171875, 0.76171875, 0.76171875, 0.76171875, 0.76171875, 0.76171875, 0.76171875, 0.76171875, 0.76171875, 0.76171875, 0.76171875, 0.76171875, 0.76171875, 0.76171875, 0.76171875, 0.76171875, 0.76171875, 0.76171875, 0.76171875, 0.76171875, 0.76171875, 0.76171875, 0.76171875, 0.76171875, 0.76171875, 0.76171875, 0.76171875, 0.76171875, 0.76171875, 0.76171875, 0.76171875, 0.76171875, 0.76171875, 0.76171875, 0.76171875, 0.76171875, 0.76171875, 0.76171875, 0.76171875, 0.76171875, 0.76171875, 0.76171875, 0.76171875, 0.76171875, 0.76171875, 0.76171875, 0.76171875, 0.76171875, 0.76171875, 0.76171875, 0.76171875, 0.76171875, 0.76171875, 0.76171875, 0.76171875, 0.76171875, 0.76171875, 0.76171875, 0.76171875, 0.76171875, 0.76171875]}, "accuracy": {"averages": [0.7841000000000002, 0.5661999999999999, 0.5337, 0.4518000000000001, 0.3386999999999999, 0.3069, 0.3214, 0.31989999999999996, 0.2798, 0.29359999999999997, 0.2633, 0.2247, 0.22930000000000003, 0.18849999999999997, 0.1729, 0.18580000000000002, 0.1678, 0.19319999999999996, 0.23590000000000008, 0.22000000000000003, 0.17750000000000005, 0.17360000000000006, 0.16510000000000002, 0.17389999999999997, 0.16529999999999997, 0.1919, 0.1653, 0.1414, 0.1708, 0.17120000000000005, 0.15720000000000003, 0.1874, 0.14900000000000002, 0.21, 0.1413, 0.168, 0.1848, 0.15019999999999997, 0.19949999999999998, 0.1967, 0.2054, 0.132, 0.21179999999999996, 0.2297, 0.15039999999999998, 0.20340000000000008, 0.1887, 0.1447, 0.1399, 0.13399999999999998, 0.15039999999999998, 0.14880000000000002, 0.18080000000000002, 0.191, 0.1653, 0.13550000000000004, 0.193, 0.18289999999999998, 0.15519999999999998, 0.13929999999999998, 0.1235, 0.1324, 0.12890000000000001, 0.1984, 0.1602, 0.16700000000000004, 0.11690000000000002, 0.1591, 0.16770000000000004, 0.1284, 0.17189999999999997, 0.15999999999999998, 0.1654, 0.11720000000000001, 0.1666, 0.1512, 0.1436, 0.2003, 0.1595, 0.1414, 0.0738, 0.1598, 0.09150000000000003, 0.144, 0.1012, 0.0965, 0.12430000000000002, 0.12270000000000002, 0.16080000000000003, 0.1427, 0.1544, 0.09900000000000002, 0.07369999999999999, 0.11719999999999998, 0.13799999999999998, 0.1679, 0.10469999999999999, 0.1291, 0.11750000000000003, 0.11140000000000003, 0.09699999999999999], "best": [0.91, 0.89, 0.86, 0.88, 0.9, 0.83, 0.84, 0.9, 0.81, 0.92, 0.75, 0.87, 0.62, 0.35, 0.38, 0.39, 0.38, 0.41, 0.46, 0.39, 0.41, 0.36, 0.33, 0.33, 0.33, 0.41, 0.35, 0.33, 0.33, 0.37, 0.35, 0.37, 0.36, 0.45, 0.32, 0.43, 0.4, 0.32, 0.46, 0.5, 0.41, 0.37, 0.43, 0.46, 0.34, 0.35, 0.41, 0.36, 0.32, 0.29, 0.29, 0.3, 0.32, 0.34, 0.29, 0.26, 0.33, 0.31, 0.3, 0.28, 0.29, 0.33, 0.28, 0.38, 0.24, 0.3, 0.21, 0.34, 0.32, 0.3, 0.26, 0.29, 0.34, 0.29, 0.35, 0.31, 0.26, 0.36, 0.36, 0.36, 0.18, 0.23, 0.2, 0.23, 0.22, 0.18, 0.23, 0.23, 0.28, 0.32, 0.27, 0.2, 0.17, 0.22, 0.2, 0.29, 0.18, 0.22, 0.22, 0.19, 0.19], "worst": [0.5, 0.14, 0.14, 0.11, 0.07, 0.07, 0.04, 0.08, 0.05, 0.07, 0.0, 0.01, 0.01, 0.01, 0.01, 0.03, 0.0, 0.02, 0.04, 0.02, 0.02, 0.05, 0.01, 0.03, 0.04, 0.05, 0.0, 0.02, 0.01, 0.0, 0.03, 0.01, 0.04, 0.01, 0.02, 0.04, 0.01, 0.03, 0.05, 0.06, 0.07, 0.03, 0.04, 0.06, 0.0, 0.08, 0.04, 0.02, 0.05, 0.06, 0.05, 0.04, 0.03, 0.06, 0.08, 0.03, 0.03, 0.1, 0.05, 0.07, 0.01, 0.03, 0.03, 0.07, 0.03, 0.06, 0.01, 0.04, 0.05, 0.05, 0.05, 0.05, 0.01, 0.02, 0.04, 0.05, 0.04, 0.08, 0.08, 0.04, 0.01, 0.04, 0.03, 0.04, 0.02, 0.02, 0.05, 0.04, 0.02, 0.05, 0.03, 0.05, 0.01, 0.01, 0.01, 0.03, 0.03, 0.02, 0.0, 0.01, 0.01]},