{"name": "2021-06-01_lossweights020_6", "configs": {"pop_size": 100, "mutation_rate": 0.01, "emb_layers": ["layer_1_act", "layer_2_act"], "recomb_layers": ["layer_1_linear", "layer_2_linear", "output"], "epochs": 1, "loss_weights": [0, 2, 0]}, "results": {"fitness": {"averages": [-0.18448869691566738, -0.2630135813346901, -0.40437337502269377, -0.3714085135232555, -0.42299420174062274, -0.35527457040233884, -0.3657444641720557, -0.376616443710092, -0.4352663920112873, -0.38245117682124, -0.45121425815562943, -0.4972408294440256, -0.4141247636982239, -0.3779940556451593, -0.43119635100434317, -0.43895894557534143, -0.42238114354483836, -0.3576242260131684, -0.41160377702887424, -0.42803329108489224, -0.4727656762962244, -0.4725194049539446, -0.4216984077505842, -0.408758875768976, -0.474200952691993, -0.45547326024610824, -0.3425417375657447, -0.3979925881945053, -0.4409024739105371, -0.41211571566035843, -0.4709631749065399, -0.488080938345438, -0.4381456557277326, -0.42029776999228585, -0.4061368108879666, -0.3754008193034343, -0.29889205715690265, -0.40686810263470663, -0.3724077123678294, -0.45810134230908967, -0.3410094353599745, -0.3309779266426687, -0.3778476534610659, -0.38093718839033236, -0.38877995109598323, -0.2829934876515036, -0.38870645295622097, -0.4076090577621175, -0.4382312443217094, -0.3060640909019307, -0.364379577209884, -0.40119937782643283, -0.3535550241911061, -0.43869170864272916, -0.3626385694201828, -0.3834594342862628, -0.3724562004565194, -0.40257114638381836, -0.35468800975068215, -0.40961518523579427, -0.3892948014549645, -0.36117938533964633, -0.3817691366274839, -0.3651052511533899, -0.4112164395362853, -0.3698102056173257, -0.4152719580507859, -0.31573697907586995, -0.3509061138049351, -0.3296263254781591, -0.4644092316304203, -0.40558243506496494, -0.3360943878496069, -0.34837843833032067, -0.33589804154310365, -0.2854559161461486, -0.4267566068653021, -0.3594848748098798, -0.4443110083671405, -0.3824542074873094, -0.4287545936260988, -0.4109555697709963, -0.2562865926388762, -0.4014954113051359, -0.39659287229211526, -0.34831639764162353, -0.40787286151015967, -0.4066140235196499, -0.3720795082363786, -0.4661973929008835, -0.33035058757436203, -0.37449220608563827, -0.3381512792732805, -0.32260123213855424, -0.3884476340425931, -0.38673963422254265, -0.3558913821263069, -0.46258052528100196, -0.348829804747168, -0.32102954333522016, -0.30417386041556904], "best": [-2.4261206454365138e-14, -0.008609798160036508, -0.008001709243136193, -0.032298495939569, -0.030910436707959538, -0.1067722783565938, -0.12133415006077256, -0.119676725200416, -0.13996671001293362, -0.09692210634193632, -0.11058298240133116, -0.16889631669203903, -0.1712835540384429, -0.16713220902390713, -0.14792738621649254, -0.21474737483993564, -0.20363285237449147, -0.15375369329880478, -0.1735952337640825, -0.22224114508786028, -0.27310853154888565, -0.299279630738583, -0.2711612069202569, -0.2591773946048821, -0.2759950554266055, -0.2035922202224025, -0.2150354599591929, -0.2513889671619173, -0.29453386218273075, -0.27337780490379204, -0.31127923231528076, -0.29949885601543935, -0.25725254222470445, -0.24839495837785025, -0.26542420816732226, -0.23345184109288586, -0.1822561611413795, -0.27056495444155265, -0.2594782607581372, -0.293846321438924, -0.20384166499574333, -0.2001883716983573, -0.24588480076462624, -0.3086646081402092, -0.265785177491897, -0.19128387587125123, -0.299930959574269, -0.29209147361996435, -0.33057000444994766, -0.21226109969028567, -0.2548911445481667, -0.2828960091702215, -0.2730040540297801, -0.3423784951678138, -0.27584839011513457, -0.30673902932470937, -0.2647601927351152, -0.32101393393296396, -0.2615607072683398, -0.3428413571996053, -0.29027112705995745, -0.2966363945439897, -0.28630449029236527, -0.2818789296077207, -0.31782133612582186, -0.28895773416364595, -0.3229014842773418, -0.24730091495416462, -0.2882558364047709, -0.25219457654249794, -0.3413459091621067, -0.30764742780108006, -0.26276495867635075, -0.2763156049856911, -0.22162029408677683, -0.21137453159122077, -0.3321955682346078, -0.2723240491871525, -0.32528160518829186, -0.2952292791934821, -0.33003386700954174, -0.29438061348703726, -0.19743612946302952, -0.32279143199053706, -0.29949916853501696, -0.26128426361088897, -0.325246046616984, -0.3074011100793177, -0.28366143800491594, -0.377443658323228, -0.24520461007819483, -0.3208877624882522, -0.2867951885934289, -0.26388914095297816, -0.32163525809486776, -0.3269828708091293, -0.30096306376345033, -0.3979915490695748, -0.3025078728693182, -0.2783319890911484, -0.26347766082657303], "worst": [-0.8419036783796676, -1.3794058721192302, -1.3797497353289643, -1.0166244870352121, -1.1358136336142846, -0.8861336786061302, -0.855236334110532, -0.7074484996258672, -1.1458824669126328, -0.8989941810948757, -1.1355538924238857, -0.9930117118773758, -1.0117874504120326, -0.8435049291366754, -1.0333490314524663, -0.8816706891933139, -0.9861804863311998, -0.708521011004036, -0.7717409417035713, -0.7582460359254406, -0.8285596863201639, -0.7346054832763556, -0.7365808776394736, -0.717920721716384, -0.8237067546730715, -0.7534174345097666, -0.7334800168032057, -0.7581081604383519, -0.8303128207568451, -0.7171949036444333, -0.7719261219720887, -0.9442867268772503, -0.7233381613633484, -0.8980686057579464, -0.6778450195509602, -0.6617636193772443, -0.4904390846960956, -0.5890167562529232, -0.5241462114919659, -0.6888691734262524, -0.5352334651121742, -0.5142764879417698, -0.5421774795397991, -0.5594446814687886, -0.562514705141718, -0.39361075941015816, -0.5234796760097777, -0.5547626027650425, -0.5896301223966558, -0.41170623150481983, -0.5008568479540533, -0.8500121907134567, -0.5684456515357454, -0.7267294714279521, -0.6937828735152595, -0.5093136243112857, -0.5191456221576234, -0.5321033065771705, -0.5120642031242215, -0.5469195870051775, -0.6285993795422438, -0.5396692390069353, -0.49634519135231975, -0.5606689615026887, -0.5489303647465015, -0.5045861106226929, -0.4969812905851306, -0.40800797296632757, -0.4375665845522142, -0.41884950261146614, -0.7045495065006259, -0.5016032112187547, -0.4511031938621589, -0.5287866997366308, -0.7111077183955086, -0.5356345306312267, -0.5154946672040173, -0.44476145495863967, -0.6814410400668045, -0.6017922877078019, -0.5387472578013558, -0.6295138406322672, -0.35385421528396344, -0.5197554365939345, -0.5572779767001841, -0.5285539317807428, -0.5563082186367192, -0.5413603587777709, -0.577516462771193, -0.7243060463034033, -0.4781395994033859, -0.5031767221787877, -0.44085445204960355, -0.393705879239448, -0.5791240757148756, -0.4806875139810533, -0.4242399381050417, -0.6473683577003994, -0.4169275512781702, -0.3752247593904957, -0.4224854921167257]},