{"name": "2021-06-01_lossweights021_7", "configs": {"pop_size": 100, "mutation_rate": 0.01, "emb_layers": ["layer_1_act", "layer_2_act"], "recomb_layers": ["layer_1_linear", "layer_2_linear", "output"], "epochs": 1, "loss_weights": [0, 2, 1]}, "results": {"fitness": {"averages": [0.2550753116522263, 0.1313213830905104, 0.006526996615210206, 0.05927177624072446, -0.09197082870262122, -0.0967170699054523, -0.12582877986858676, -0.06689347468714778, -0.06821613448819741, -0.16195896160017761, -0.06320145565578719, -0.08222437294365476, -0.1027835506134525, -0.027843576728849854, -0.12786840685331233, -0.0990367849250505, 0.010232169334374801, -0.056554679635097506, -0.03029014048728388, 0.00041663992355935763, -0.009072968675510946, -0.020451842006449603, -0.11442578313749592, 0.04598496888402456, -0.06958727050629178, -0.07484224702680872, -0.16732127445830308, -0.022482669208640414, -0.05913795461122276, -0.015345092841542174, 0.0015273087744182056, 0.08664306962609061, 0.02015093740133657, 0.12312958831546786, -0.12691550398522383, -0.004178414120958157, -0.03679004622692808, -0.03431416921103201, -0.04314235964808416, 0.07455569428965975, 0.10893183425479364, 0.0247502130135263, 0.041372418860100436, 0.11865627193277653, 0.11315113852389219, 0.051394488693287846, 0.0715252965217074, 0.09313209229617662, 0.06718444610682721, 0.09751117936752682, 0.14717040691573208, 0.13721270270650693, 0.08622075090906853, -0.07119230978814677, 0.10686341707487028, 0.1249161057651883, 0.10369372127568678, 0.15552575156008727, 0.10720631598738242, -0.017844543392923806, 0.15729426154852275, 0.09191360456751224, 0.09005486734009667, 0.1335394912159501, 0.09932466359725417, 0.14733035332671557, 0.056137714219557086, 0.10066536236877191, 0.14774472996349053, 0.08879784957884289, 0.07642721668897211, 0.10331161559861325, 0.16777010421583197, 0.09320480324779096, 0.08419556224329147, 0.14901421230826797, 0.02620377286594698, 0.09458624678882367, 0.046097865118747805, 0.13069872570845004, 0.08800656621705505, 0.15511090192949076, 0.07794571594061425, 0.1656981874354375, 0.194810296097785, 0.1657905725407363, 0.14453377890271787, 0.11078724319008469, 0.10160182190165638, 0.20598951501730348, 0.07296734009846113, 0.14905651530521408, 0.1816020759715462, 0.14958986749289932, 0.1467383331789835, 0.14450801806699304, 0.1812387867078988, 0.03059265312323638, 0.0033382742545719018, 0.07960713240727774, 0.11245220027902597], "best": [0.39642305048974125, 0.3387141189544041, 0.3282336941459719, 0.3445344228003791, 0.3048231496938403, 0.30818827359804946, 0.24174635567657754, 0.2800855253634617, 0.2621095130127022, 0.26303596836784093, 0.2552785886690357, 0.3066225242568028, 0.20620143454918194, 0.2811114582893157, 0.2204644711804155, 0.29426467154028335, 0.3006104584634091, 0.2796889545258715, 0.29828525850831045, 0.19520595926159878, 0.18100525380528454, 0.1774864012535995, 0.17011681140376234, 0.2734615760815617, 0.22432145032048506, 0.19941251514504166, 0.12632130798383506, 0.24504983160894572, 0.1903999478171452, 0.21506750253440782, 0.3028731202674476, 0.2952479494831898, 0.25617869450729486, 0.27750897459799057, 0.1486108779409312, 0.12721745678263496, 0.15138813415571506, 0.13624842740368426, 0.1412701661072745, 0.26045139847043464, 0.2180253981008829, 0.17956757992900185, 0.18391338783746286, 0.2366278849825682, 0.2363943990321023, 0.20530725578836356, 0.20694177965683158, 0.19443452005404277, 0.1712447929803671, 0.19257084265230728, 0.2388313518904086, 0.22766335986266062, 0.21188863004135605, 0.08454384776624391, 0.2428186146732798, 0.21504014061344517, 0.24864880106627624, 0.26893330184667175, 0.20505283351973103, 0.14973021618973875, 0.24538330592589408, 0.2062831681877299, 0.163382947527293, 0.19923240663818498, 0.2035637694703042, 0.24497330814827234, 0.15494821665708625, 0.18212873313585065, 0.22695308599488445, 0.19250962061242471, 0.17551156325251033, 0.18255139529805303, 0.2388134966599168, 0.18488648442278904, 0.14510706618793967, 0.2100273700669974, 0.1202680805489687, 0.18219213698956382, 0.1360442840904028, 0.2142818329650763, 0.17428795336528452, 0.21842326143523882, 0.15458423935446214, 0.2373916987516138, 0.25360937170092135, 0.22520875631287102, 0.23266049564785385, 0.19532296386936987, 0.17622305242991643, 0.26002568621267064, 0.16972481197930545, 0.21565944675091347, 0.24455528478181604, 0.23402954910384144, 0.22018299047828316, 0.23027460658255905, 0.2511195233975189, 0.15895955422580094, 0.13930059322777744, 0.1689657257713021, 0.22040953675677077], "worst": [-0.03619685069368661, -0.5091473417949486, -0.6282275891680644, -0.6072591252854309, -1.0228220436049815, -0.591855429631275, -0.619513752967012, -0.5684815146823522, -0.35264672786123175, -0.8563338103319063, -0.4894226293294506, -0.5093188671143047, -0.42669115409691694, -0.3111399250048388, -0.42990310286574573, -0.45568202937638724, -0.3320647749655572, -0.44268420674310693, -0.38039644651851967, -0.36635779176655525, -0.3767958518521784, -0.3804033270339595, -0.5640203753658792, -0.33259533671747354, -0.44819937942831634, -0.46064579078840384, -0.5597899718256141, -0.5105797021065603, -0.5467448410020121, -0.5206883981873376, -0.3462580807187242, -0.16946512016416804, -0.38239972893678575, -0.21146331670619356, -0.6205652449928709, -0.35217069090508035, -0.47508103111790567, -0.35473391599838466, -0.4362631739854268, -0.36627678445632994, -0.18008106776679234, -0.3257410386695343, -0.24382056492612236, -0.13278685835753035, -0.16671071089840117, -0.22416298571806026, -0.22480135278216395, -0.030178732740888448, -0.15806989691253737, -0.04735440239638111, 0.05839893825202308, 0.01286572473688441, -0.054481612241666255, -0.22829793058459258, -0.02400857971711079, 0.03831123951385507, -0.03200593587171785, -0.021899595179471598, -0.03575854961264113, -0.1555525887327769, 0.055058254749060564, -0.0025783208255352186, 0.011763876186182964, 0.036298358612404935, 0.0020471393237215807, 0.0691686543119242, -0.024903194869852596, 0.014780726552834356, 0.05447037055441872, -0.03939286346292392, -0.03366599251673863, 0.0044086242704977074, 0.08530161725071556, -0.025357923621088463, -0.01182614793074488, 0.08283780707062816, -0.09884975078409297, -0.025653896152096123, -0.08300654911496697, 0.050947098642853406, -0.0027053985268942204, 0.08043621377593696, -0.023144545849227316, 0.057420981558106765, 0.14048401180298897, 0.1157146316535943, -0.007944487309891834, -0.003034007828956242, 0.018265737564479245, 0.16421151530393657, -0.004373700159898908, 0.07173759759197912, 0.12311525262414275, 0.06324116865409146, 0.04961677861550484, 0.06621893649405808, 0.10819284315078376, -0.10229981084167439, -0.09511659441072107, -0.019552026365005526, -0.08737713155268878]},