{"name": "2021-06-01_lossweights100_9", "configs": {"pop_size": 100, "mutation_rate": 0.01, "emb_layers": ["layer_1_act", "layer_2_act"], "recomb_layers": ["layer_1_linear", "layer_2_linear", "output"], "epochs": 1, "loss_weights": [1, 0, 0]}, "results": {"fitness": {"averages": [0.7561000000000001, 0.6996000000000001, 0.6724, 0.6555, 0.6762999999999999, 0.6250999999999999, 0.6424, 0.5756, 0.6237, 0.6572999999999999, 0.557, 0.5524, 0.5753, 0.5472, 0.5868000000000001, 0.6718000000000001, 0.7060999999999997, 0.6946000000000001, 0.7125, 0.654, 0.6708, 0.6849, 0.6635000000000001, 0.6766000000000001, 0.6345000000000001, 0.7267999999999998, 0.7245, 0.7461000000000001, 0.7156, 0.7489, 0.7529, 0.7687, 0.7802, 0.8336999999999999, 0.8198000000000001, 0.7803999999999999, 0.7711, 0.8056, 0.7709, 0.7963999999999999, 0.8227999999999999, 0.8238999999999997, 0.7896000000000001, 0.7561, 0.7669, 0.7980999999999999, 0.8307000000000001, 0.8018000000000001, 0.8200999999999999, 0.7884, 0.8358999999999999, 0.8059999999999999, 0.7712000000000002, 0.7936, 0.7980000000000002, 0.7955000000000001, 0.8302, 0.8294, 0.8101999999999999, 0.8113000000000001, 0.8036, 0.8245, 0.758, 0.8308, 0.7935000000000001, 0.7966000000000001, 0.7931999999999999, 0.8628, 0.8390000000000001, 0.7831000000000001, 0.8209999999999998, 0.8543999999999998, 0.8283999999999999, 0.7883, 0.8214, 0.8396999999999999, 0.8207, 0.792, 0.8236, 0.8234, 0.8142999999999999, 0.8179999999999998, 0.8109000000000001, 0.8442999999999999, 0.8395, 0.8170000000000001, 0.8384999999999999, 0.7837000000000001, 0.7534000000000001, 0.8549, 0.8070000000000002, 0.7926000000000001, 0.8059999999999999, 0.8461, 0.8188000000000001, 0.8636999999999999, 0.7855, 0.8564, 0.8022000000000001, 0.8022, 0.8317], "best": [0.92, 0.92, 0.94, 0.9, 0.9, 0.9, 0.91, 0.81, 0.91, 0.9, 0.83, 0.86, 0.87, 0.85, 0.87, 0.93, 0.92, 0.9, 0.87, 0.85, 0.88, 0.88, 0.85, 0.85, 0.78, 0.91, 0.87, 0.89, 0.84, 0.85, 0.87, 0.87, 0.86, 0.91, 0.93, 0.85, 0.85, 0.88, 0.84, 0.88, 0.88, 0.92, 0.87, 0.87, 0.84, 0.9, 0.88, 0.87, 0.89, 0.88, 0.9, 0.87, 0.84, 0.86, 0.85, 0.88, 0.91, 0.89, 0.88, 0.87, 0.86, 0.88, 0.83, 0.89, 0.87, 0.87, 0.84, 0.9, 0.9, 0.85, 0.89, 0.9, 0.89, 0.86, 0.88, 0.88, 0.89, 0.86, 0.89, 0.89, 0.87, 0.87, 0.87, 0.9, 0.91, 0.89, 0.89, 0.85, 0.82, 0.92, 0.87, 0.85, 0.86, 0.92, 0.86, 0.91, 0.84, 0.9, 0.87, 0.87, 0.91], "worst": [0.44, 0.06, 0.1, 0.14, 0.05, 0.1, 0.05, 0.1, 0.09, 0.09, 0.07, 0.06, 0.11, 0.1, 0.09, 0.14, 0.16, 0.16, 0.16, 0.13, 0.18, 0.15, 0.1, 0.05, 0.08, 0.06, 0.24, 0.24, 0.14, 0.11, 0.53, 0.55, 0.62, 0.7, 0.63, 0.64, 0.63, 0.7, 0.6, 0.66, 0.67, 0.66, 0.65, 0.59, 0.62, 0.68, 0.76, 0.69, 0.72, 0.67, 0.72, 0.7, 0.68, 0.71, 0.71, 0.7, 0.72, 0.73, 0.69, 0.74, 0.73, 0.77, 0.68, 0.74, 0.72, 0.63, 0.74, 0.82, 0.78, 0.69, 0.76, 0.78, 0.79, 0.72, 0.74, 0.8, 0.77, 0.73, 0.76, 0.73, 0.76, 0.74, 0.68, 0.78, 0.78, 0.74, 0.79, 0.66, 0.68, 0.78, 0.74, 0.73, 0.74, 0.72, 0.76, 0.8, 0.72, 0.78, 0.73, 0.72, 0.76]}, "accuracy": {"averages": [0.7561000000000001, 0.6996000000000001, 0.6724, 0.6555, 0.6762999999999999, 0.6250999999999999, 0.6424, 0.5756, 0.6237, 0.6572999999999999, 0.557, 0.5524, 0.5753, 0.5472, 0.5868000000000001, 0.6718000000000001, 0.7060999999999997, 0.6946000000000001, 0.7125, 0.654, 0.6708, 0.6849, 0.6635000000000001, 0.6766000000000001, 0.6345000000000001, 0.7267999999999998, 0.7245, 0.7461000000000001, 0.7156, 0.7489, 0.7529, 0.7687, 0.7802, 0.8336999999999999, 0.8198000000000001, 0.7803999999999999, 0.7711, 0.8056, 0.7709, 0.7963999999999999, 0.8227999999999999, 0.8238999999999997, 0.7896000000000001, 0.7561, 0.7669, 0.7980999999999999, 0.8307000000000001, 0.8018000000000001, 0.8200999999999999, 0.7884, 0.8358999999999999, 0.8059999999999999, 0.7712000000000002, 0.7936, 0.7980000000000002, 0.7955000000000001, 0.8302, 0.8294, 0.8101999999999999, 0.8113000000000001, 0.8036, 0.8245, 0.758, 0.8308, 0.7935000000000001, 0.7966000000000001, 0.7931999999999999, 0.8628, 0.8390000000000001, 0.7831000000000001, 0.8209999999999998, 0.8543999999999998, 0.8283999999999999, 0.7883, 0.8214, 0.8396999999999999, 0.8207, 0.792, 0.8236, 0.8234, 0.8142999999999999, 0.8179999999999998, 0.8109000000000001, 0.8442999999999999, 0.8395, 0.8170000000000001, 0.8384999999999999, 0.7837000000000001, 0.7534000000000001, 0.8549, 0.8070000000000002, 0.7926000000000001, 0.8059999999999999, 0.8461, 0.8188000000000001, 0.8636999999999999, 0.7855, 0.8564, 0.8022000000000001, 0.8022, 0.8317], "best": [0.92, 0.92, 0.94, 0.9, 0.9, 0.9, 0.91, 0.81, 0.91, 0.9, 0.83, 0.86, 0.87, 0.85, 0.87, 0.93, 0.92, 0.9, 0.87, 0.85, 0.88, 0.88, 0.85, 0.85, 0.78, 0.91, 0.87, 0.89, 0.84, 0.85, 0.87, 0.87, 0.86, 0.91, 0.93, 0.85, 0.85, 0.88, 0.84, 0.88, 0.88, 0.92, 0.87, 0.87, 0.84, 0.9, 0.88, 0.87, 0.89, 0.88, 0.9, 0.87, 0.84, 0.86, 0.85, 0.88, 0.91, 0.89, 0.88, 0.87, 0.86, 0.88, 0.83, 0.89, 0.87, 0.87, 0.84, 0.9, 0.9, 0.85, 0.89, 0.9, 0.89, 0.86, 0.88, 0.88, 0.89, 0.86, 0.89, 0.89, 0.87, 0.87, 0.87, 0.9, 0.91, 0.89, 0.89, 0.85, 0.82, 0.92, 0.87, 0.85, 0.86, 0.92, 0.86, 0.91, 0.84, 0.9, 0.87, 0.87, 0.91], "worst": [0.44, 0.06, 0.1, 0.14, 0.05, 0.1, 0.05, 0.1, 0.09, 0.09, 0.07, 0.06, 0.11, 0.1, 0.09, 0.14, 0.16, 0.16, 0.16, 0.13, 0.18, 0.15, 0.1, 0.05, 0.08, 0.06, 0.24, 0.24, 0.14, 0.11, 0.53, 0.55, 0.62, 0.7, 0.63, 0.64, 0.63, 0.7, 0.6, 0.66, 0.67, 0.66, 0.65, 0.59, 0.62, 0.68, 0.76, 0.69, 0.72, 0.67, 0.72, 0.7, 0.68, 0.71, 0.71, 0.7, 0.72, 0.73, 0.69, 0.74, 0.73, 0.77, 0.68, 0.74, 0.72, 0.63, 0.74, 0.82, 0.78, 0.69, 0.76, 0.78, 0.79, 0.72, 0.74, 0.8, 0.77, 0.73, 0.76, 0.73, 0.76, 0.74, 0.68, 0.78, 0.78, 0.74, 0.79, 0.66, 0.68, 0.78, 0.74, 0.73, 0.74, 0.72, 0.76, 0.8, 0.72, 0.78, 0.73, 0.72, 0.76]}, "loss": {"averages": [0.09614715727847627, 0.13088753861377853, 0.15533245054275782, 0.15851558321483392, 0.14897374821466502, 0.2303727630782774, 0.23121646218815237, 0.19426687702046178, 0.20926082388676992, 0.18251397103715428, 0.2480504495618488, 0.22351174800709878, 0.17923508522725753, 0.24080862758069127, 0.19684850673255613, 0.18566965954655132, 0.16728470970944959, 0.19348226417442824, 0.1779569287251472, 0.21352008224311905, 0.1636748961620802, 0.18203789020837977, 0.15832786247367076, 0.18220044632492158, 0.1719070750780992, 0.1823171836050942, 0.15766434931037981, 0.17510208995159268, 0.14146435715202216, 0.1730164985449937, 0.1349930546222124, 0.16655010645937615, 0.15292293563386858, 0.13533575607532847, 0.1429939598616529, 0.13434761449073343, 0.15922330890976927, 0.11761822948480244, 0.15919070814982242, 0.12143267870514057, 0.11290157769987548, 0.11626373431809361, 0.1438457433130862, 0.13925338880731902, 0.1260321075117911, 0.13516508135959152, 0.12167659122046967, 0.16183217024096905, 0.12933803476071254, 0.12910529283778666, 0.11105353675396655, 0.14863592277689716, 0.13064512920203314, 0.1381286581263871, 0.13540757120053107, 0.15044795208481493, 0.13809048960621179, 0.12463296492123993, 0.14850939597185897, 0.14384091534829624, 0.14158479698380422, 0.12842329045695464, 0.15032082897009053, 0.12020249566629508, 0.12339171943635069, 0.1310857041781121, 0.15437099025065448, 0.10698122867607801, 0.1334424647750914, 0.12545030882719854, 0.1361616977691105, 0.12408140458868071, 0.13607244262174395, 0.1417487383391237, 0.11334223164984873, 0.11127881413366777, 0.1450677943844696, 0.15113386779897275, 0.1578400180301996, 0.13091448899088093, 0.1418980359928705, 0.1419654958284326, 0.1166949325192686, 0.14680777493814454, 0.12801149797276218, 0.15159386161380786, 0.11643547353231395, 0.1712205625517209, 0.11892036558052857, 0.1514547008790537, 0.12417442078087515, 0.14690972556390652, 0.10517340298019677, 0.11954817858535025, 0.09959088621021578, 0.13094944637015427, 0.13172626875321372, 0.12209717810057405, 0.10057455255211378, 0.14686150601983408, 0.13793442683260018],