{"name": "2021-06-01_lossweights020_8", "configs": {"pop_size": 100, "mutation_rate": 0.01, "emb_layers": ["layer_1_act", "layer_2_act"], "recomb_layers": ["layer_1_linear", "layer_2_linear", "output"], "epochs": 1, "loss_weights": [0, 2, 0]}, "results": {"fitness": {"averages": [-0.176805119236871, -0.3208905528699664, -0.3863741716874444, -0.36054925207795185, -0.3935021149855818, -0.3114942310618114, -0.41262871192843903, -0.3732058531436406, -0.3258708356321016, -0.3044268475235402, -0.32266934782170564, -0.32534873571639134, -0.32512647013622087, -0.35972927057400056, -0.3471432382830434, -0.2868855383179523, -0.3805990403048372, -0.40644838252587184, -0.2656325183816288, -0.3495445804415675, -0.2643701364308146, -0.4328748470075752, -0.292742115450922, -0.27915272202009733, -0.35107310268976866, -0.34378357139979243, -0.36638746356424806, -0.4010023806680936, -0.35604855389495826, -0.37820253948924404, -0.3520604767420593, -0.395838757832584, -0.3711214305303237, -0.3207806370350055, -0.3705143755710531, -0.2987790739564315, -0.3053316974189713, -0.31739740775136444, -0.3297179173774627, -0.34406080562093516, -0.3461335191870908, -0.28170498248569986, -0.2985733190292993, -0.30129081877588604, -0.378454782396704, -0.21835844612876618, -0.24980604739993204, -0.30467240297384424, -0.27595873026105067, -0.29486376710916895, -0.2231675025370633, -0.29147192644047, -0.22945097609670878, -0.22777645282040188, -0.31644011003607525, -0.22819189601862278, -0.25382125261389654, -0.2849657663220854, -0.320663323075722, -0.21811580976166298, -0.17249776425042285, -0.23092665364192833, -0.19519753532432302, -0.2368220751430548, -0.19926824816865396, -0.2258594904673728, -0.1758743513591633, -0.1702083100706057, -0.20980418364697506, -0.17462756531676518, -0.1621024017425382, -0.17696690060902015, -0.19661929654645363, -0.18514665367870084, -0.20927368169706298, -0.22329176983386925, -0.18678897698779573, -0.20014149649863683, -0.16063882315060138, -0.1612999274649943, -0.15653819043065317, -0.1640624831902081, -0.18834963810597471, -0.17726363152582983, -0.2081974445789653, -0.1888521189591684, -0.18635478683475373, -0.17617844449033718, -0.17614837367228145, -0.14152454034521866, -0.165521168754639, -0.15857332206790145, -0.20577697708717796, -0.21386062566835196, -0.17559215847490908, -0.11976787392296971, -0.15081115028507294, -0.22849448753888224, -0.16823368430794738, -0.1837913839586731, -0.20946428097318281], "best": [-2.0036736706324642e-06, -0.005300042832869339, -0.008734448813599477, -0.04205610133454242, -0.04670922137845619, -0.019601111189700093, -0.05585501615893094, -0.05899673135227586, -0.04595741156689665, -0.030099538503150947, -0.06052757613431413, -0.04749295695637944, -0.0362830487225613, -0.07331712591631494, -0.10202591816355887, -0.06950037763042473, -0.13127533753506593, -0.12262187238095934, -0.08121884611633728, -0.10380586218760515, -0.076266998695173, -0.10789537420581612, -0.07191050953347627, -0.08156557933374992, -0.09398260579235335, -0.08209100111574873, -0.08006076945448669, -0.16319158581351084, -0.08277111272444343, -0.1724918024127151, -0.15558764404598716, -0.19442896497230033, -0.17641214746690673, -0.12967345783897924, -0.189701444247709, -0.12466129308326714, -0.08806610108216009, -0.10270095535452568, -0.13067294483345626, -0.13803738960150802, -0.1667215078441341, -0.1461979271461178, -0.10710279986776353, -0.15404938829929943, -0.2365001554065096, -0.09731650413205288, -0.1127443253747136, -0.15694432498726024, -0.15183904140062865, -0.15822583433166365, -0.12333706390580551, -0.14889578422114702, -0.07815365631977127, -0.13509872624127373, -0.15989448882732982, -0.09873689655792958, -0.10802233950690518, -0.10285221214654502, -0.1988582814654204, -0.10314697369759758, -0.0824601928540191, -0.13190400298620614, -0.10442847563405418, -0.11461336814136497, -0.10304449684974624, -0.12384560776994294, -0.11058470614269537, -0.10899694655033337, -0.12587077815977413, -0.10050534352309128, -0.07763329106520463, -0.10926448397574257, -0.11311699727545402, -0.10475568181687483, -0.12242566255963866, -0.15183907542647201, -0.10384053120689783, -0.12668526368600805, -0.09602784402731834, -0.09784858207478989, -0.08916279702383434, -0.09451843606833293, -0.09878741204148897, -0.10488063450244972, -0.13299709218421088, -0.12785935986047794, -0.13122724949846895, -0.10616960206255442, -0.12318589039686385, -0.09554183869527663, -0.10874267710901056, -0.10468129213088787, -0.13525681833792208, -0.15280262548468487, -0.12906872889668733, -0.088800113980471, -0.10504539951896741, -0.1688451807053364, -0.11351925780102314, -0.1398811084319304, -0.1655315244055067], "worst": [-0.7721182055220783, -1.1225609246503794, -1.1873654543881322, -1.3139217981107825, -1.2614781105614485, -1.0247631538596012, -1.3143305372364296, -1.3465147265384785, -0.8540299578422852, -0.900785160570328, -0.9244760468068495, -0.9953864791056763, -0.8135072807427829, -1.0842127789414313, -0.8901382817344946, -0.8079814419184993, -1.228666947834083, -0.9736939138709387, -0.7498079789965854, -1.3677125203869676, -0.6105747607990836, -0.9786627559430934, -0.585429394772381, -0.5938260121237202, -0.8794653333425437, -0.7638539207820614, -0.7919401745659079, -0.7815106690377827, -0.6593513585138561, -0.8117209172924444, -0.6943576806512912, -0.8402805484299735, -0.6655033384878706, -0.7102880555816055, -0.724590502485112, -0.7261797276499286, -0.6355645264683267, -0.6809788986666419, -0.5764006362332385, -0.6484593539793766, -0.6611644292136587, -0.6156882208459119, -0.5572353256911301, -0.560923513802761, -0.7727263010939778, -0.45217777035267187, -0.5266305734964762, -0.5573915288480256, -0.5659824453911863, -0.5386028684118371, -0.46622977001200555, -0.5686919742790513, -0.4636546303495042, -0.44793206704022936, -0.5830307586899421, -0.5182460525378658, -0.5514227570159381, -0.6795226180839593, -0.7094127061838278, -0.5276710073211611, -0.3462896253409874, -0.43914667393971224, -0.3046925525534068, -0.40505055749951, -0.39452426527951356, -0.3805012838731747, -0.29157740532229603, -0.27573533110451043, -0.3141767685948117, -0.2696953675534348, -0.31393001679118643, -0.28088844563826393, -0.2694593512960507, -0.26751334029818397, -0.44174257122691696, -0.3004324062376284, -0.3100535546836549, -0.32095788161933575, -0.3602541406094106, -0.24416001994864772, -0.2865699589974237, -0.24469964914498016, -0.31966602088332796, -0.29905671059007044, -0.3498494741721848, -0.30157469626930355, -0.29680238147791854, -0.29468360181047193, -0.29141527967164915, -0.30972137940654915, -0.25983950189591304, -0.2589021648904226, -0.3415557619397098, -0.31778877548164786, -0.24288996279259775, -0.1668060525649435, -0.22194515771532952, -0.3764833817312355, -0.22835041728877598, -0.28169968268395845, -0.28941486720242315]},