{"name": "2021-06-01_lossweights001_1", "configs": {"pop_size": 100, "mutation_rate": 0.01, "emb_layers": ["layer_1_act", "layer_2_act"], "recomb_layers": ["layer_1_linear", "layer_2_linear", "output"], "epochs": 1, "loss_weights": [0, 0, 1]}, "results": {"fitness": {"averages": [0.4445703125, 0.44828125, 0.4805859375, 0.54, 0.5526953125, 0.56671875, 0.5797265625, 0.58046875, 0.6051171875, 0.6186328125, 0.6437890625, 0.633984375, 0.658046875, 0.66859375, 0.6772265625, 0.6731640625, 0.674765625, 0.6783984375, 0.6711328125, 0.6761328125, 0.6903515625, 0.6901171875, 0.69453125, 0.7048046875, 0.7194140625, 0.7151953125, 0.7243359375, 0.7275390625, 0.7303515625, 0.729609375, 0.729609375, 0.7246484375, 0.7301171875, 0.7311328125, 0.73484375, 0.7340625, 0.735390625, 0.7359765625, 0.7435546875, 0.7443359375, 0.7501953125, 0.7539453125, 0.7503125, 0.7473828125, 0.749765625, 0.749765625, 0.7478125, 0.7497265625, 0.74703125, 0.754921875, 0.7573046875, 0.758359375, 0.7583203125, 0.759296875, 0.75875, 0.7590234375, 0.7606640625, 0.7612109375, 0.76203125, 0.762578125, 0.7623046875, 0.7612109375, 0.7617578125, 0.763671875, 0.762578125, 0.763125, 0.76421875, 0.7639453125, 0.7655859375, 0.76640625, 0.7675, 0.77078125, 0.770234375, 0.7705078125, 0.770234375, 0.7683203125, 0.7694140625, 0.7699609375, 0.7705078125, 0.7705078125, 0.7716015625, 0.7726953125, 0.7737890625, 0.7732421875, 0.77296875, 0.7737890625, 0.7743359375, 0.7754296875, 0.774609375, 0.774609375, 0.7743359375, 0.7754296875, 0.775703125, 0.776796875, 0.77734375, 0.77734375, 0.77734375, 0.77734375, 0.77734375, 0.77734375, 0.77734375], "best": [0.79296875, 0.79296875, 0.79296875, 0.79296875, 0.79296875, 0.79296875, 0.79296875, 0.79296875, 0.79296875, 0.77734375, 0.77734375, 0.77734375, 0.77734375, 0.77734375, 0.77734375, 0.77734375, 0.77734375, 0.77734375, 0.77734375, 0.77734375, 0.77734375, 0.77734375, 0.77734375, 0.77734375, 0.77734375, 0.77734375, 0.77734375, 0.77734375, 0.77734375, 0.77734375, 0.77734375, 0.77734375, 0.77734375, 0.77734375, 0.77734375, 0.77734375, 0.77734375, 0.77734375, 0.77734375, 0.77734375, 0.77734375, 0.77734375, 0.77734375, 0.77734375, 0.77734375, 0.77734375, 0.77734375, 0.77734375, 0.77734375, 0.77734375, 0.77734375, 0.77734375, 0.77734375, 0.77734375, 0.77734375, 0.77734375, 0.77734375, 0.77734375, 0.77734375, 0.77734375, 0.77734375, 0.77734375, 0.77734375, 0.77734375, 0.77734375, 0.77734375, 0.77734375, 0.77734375, 0.77734375, 0.77734375, 0.77734375, 0.77734375, 0.77734375, 0.77734375, 0.77734375, 0.77734375, 0.77734375, 0.77734375, 0.77734375, 0.77734375, 0.77734375, 0.77734375, 0.77734375, 0.77734375, 0.77734375, 0.77734375, 0.77734375, 0.77734375, 0.77734375, 0.77734375, 0.77734375, 0.77734375, 0.77734375, 0.77734375, 0.77734375, 0.77734375, 0.77734375, 0.77734375, 0.77734375, 0.77734375, 0.77734375], "worst": [0.09765625, 0.09765625, 0.09765625, 0.1484375, 0.1484375, 0.15234375, 0.15234375, 0.15234375, 0.15234375, 0.15234375, 0.3984375, 0.3984375, 0.453125, 0.453125, 0.453125, 0.453125, 0.453125, 0.453125, 0.453125, 0.453125, 0.453125, 0.453125, 0.453125, 0.453125, 0.51953125, 0.51953125, 0.51953125, 0.51953125, 0.64453125, 0.64453125, 0.64453125, 0.64453125, 0.64453125, 0.64453125, 0.64453125, 0.64453125, 0.64453125, 0.64453125, 0.64453125, 0.64453125, 0.671875, 0.671875, 0.671875, 0.671875, 0.671875, 0.671875, 0.671875, 0.671875, 0.671875, 0.671875, 0.671875, 0.671875, 0.671875, 0.75, 0.75, 0.75, 0.75, 0.75, 0.75, 0.75, 0.75, 0.75, 0.75, 0.75, 0.75, 0.75, 0.75, 0.75, 0.75, 0.75, 0.75, 0.75, 0.75, 0.75, 0.75, 0.75, 0.75, 0.75, 0.75, 0.75, 0.75, 0.75, 0.75, 0.75, 0.75, 0.75, 0.75, 0.75, 0.75, 0.75, 0.75, 0.75, 0.75, 0.75, 0.77734375, 0.77734375, 0.77734375, 0.77734375, 0.77734375, 0.77734375, 0.77734375]}, "accuracy": {"averages": [0.7921000000000002, 0.6966, 0.5865, 0.5067999999999999, 0.5146999999999999, 0.39419999999999994, 0.35950000000000004, 0.36289999999999994, 0.2582, 0.24309999999999998, 0.2658, 0.2652, 0.241, 0.23709999999999998, 0.1542, 0.2284, 0.21760000000000002, 0.22890000000000005, 0.21220000000000006, 0.19240000000000002, 0.16419999999999998, 0.1815, 0.17259999999999998, 0.19320000000000004, 0.18410000000000004, 0.17270000000000002, 0.15430000000000002, 0.21940000000000004, 0.1532, 0.1826, 0.22109999999999996, 0.21500000000000002, 0.16570000000000001, 0.13530000000000003, 0.1414, 0.1145, 0.1598, 0.17460000000000003, 0.13230000000000003, 0.12090000000000002, 0.1249, 0.13380000000000003, 0.17600000000000002, 0.19310000000000002, 0.1559, 0.13520000000000001, 0.13520000000000001, 0.17470000000000002, 0.1367, 0.1109, 0.1384, 0.1225, 0.11090000000000001, 0.0877, 0.0758, 0.0908, 0.11610000000000001, 0.1213, 0.1011, 0.0602, 0.1571, 0.1067, 0.0862, 0.05630000000000001, 0.10339999999999999, 0.1158, 0.109, 0.1321, 0.1216, 0.088, 0.1258, 0.11070000000000002, 0.13470000000000001, 0.11620000000000001, 0.12219999999999999, 0.1264, 0.0962, 0.1317, 0.06510000000000002, 0.0975, 0.09780000000000001, 0.10480000000000002, 0.08250000000000002, 0.11390000000000003, 0.1339, 0.1461, 0.14679999999999999, 0.12960000000000002, 0.0724, 0.1144, 0.09319999999999996, 0.13660000000000003, 0.12240000000000002, 0.12930000000000003, 0.15739999999999998, 0.103, 0.13949999999999999, 0.12320000000000002, 0.13649999999999998, 0.118, 0.1423], "best": [0.91, 0.9, 0.88, 0.91, 0.92, 0.87, 0.84, 0.94, 0.87, 0.9, 0.68, 0.59, 0.66, 0.71, 0.64, 0.66, 0.59, 0.69, 0.56, 0.65, 0.69, 0.72, 0.7, 0.62, 0.44, 0.42, 0.46, 0.48, 0.39, 0.46, 0.5, 0.42, 0.4, 0.45, 0.49, 0.35, 0.47, 0.43, 0.4, 0.41, 0.38, 0.51, 0.46, 0.46, 0.38, 0.44, 0.37, 0.49, 0.36, 0.44, 0.41, 0.36, 0.44, 0.2, 0.18, 0.17, 0.26, 0.22, 0.22, 0.13, 0.32, 0.19, 0.16, 0.12, 0.2, 0.29, 0.18, 0.27, 0.2, 0.2, 0.22, 0.16, 0.21, 0.23, 0.23, 0.21, 0.17, 0.19, 0.16, 0.2, 0.15, 0.16, 0.13, 0.2, 0.2, 0.24, 0.19, 0.22, 0.21, 0.2, 0.15, 0.23, 0.17, 0.2, 0.19, 0.18, 0.19, 0.2, 0.2, 0.19, 0.25], "worst": [0.53, 0.17, 0.15, 0.04, 0.1, 0.03, 0.06, 0.04, 0.03, 0.03, 0.05, 0.04, 0.03, 0.0, 0.01, 0.0, 0.04, 0.02, 0.05, 0.03, 0.02, 0.01, 0.04, 0.04, 0.05, 0.04, 0.03, 0.07, 0.01, 0.03, 0.06, 0.04, 0.05, 0.02, 0.01, 0.01, 0.02, 0.03, 0.04, 0.03, 0.02, 0.02, 0.01, 0.06, 0.01, 0.0, 0.02, 0.01, 0.03, 0.01, 0.02, 0.01, 0.02, 0.02, 0.01, 0.02, 0.02, 0.01, 0.0, 0.01, 0.01, 0.02, 0.0, 0.0, 0.02, 0.02, 0.03, 0.0, 0.01, 0.01, 0.03, 0.03, 0.02, 0.0, 0.03, 0.02, 0.02, 0.03, 0.01, 0.01, 0.03, 0.04, 0.0, 0.05, 0.04, 0.04, 0.03, 0.03, 0.0, 0.03, 0.02, 0.03, 0.03, 0.06, 0.07, 0.04, 0.04, 0.06, 0.03, 0.03, 0.05]},