{"name": "2021-06-01_08-37-51_lossweights121_1", "configs": {"pop_size": 100, "mutation_rate": 0.01, "emb_layers": ["layer_1_act", "layer_2_act"], "recomb_layers": ["layer_1_linear", "layer_2_linear", "output"], "epochs": 1, "loss_weights": [1, 2, 1]}, "results": {"fitness": {"averages": [1.0163450523218984, 0.8155167137830566, 0.5558034833367175, 0.6341635706296365, 0.6627224310628935, 0.620709006214212, 0.5223538565912483, 0.5787693039008458, 0.5528411261301723, 0.6711241549551323, 0.5316553183374287, 0.5388671616409254, 0.5798518261395231, 0.5850003949250311, 0.42760412500048234, 0.43271261864360766, 0.5307208303092876, 0.4879210696657635, 0.6561586487514606, 0.5019377682507948, 0.6386639428278478, 0.6903760992611291, 0.6904753974908447, 0.6130906944962841, 0.6771727984518651, 0.652603180219812, 0.7493936392041133, 0.7819608752036252, 0.8184165255679648, 0.874730633547579, 0.8757250009656476, 0.8408243129415923, 0.8781161947542888, 0.9055806427055829, 0.925648776959178, 0.8697386932188675, 0.9337145681610752, 0.8820740978875186, 0.906660356014666, 0.9575414979270087, 0.9267134106614102, 0.9522364511702242, 1.0150140085574306, 1.0021560957234437, 0.905082912914129, 0.9674469698422397, 0.9921233901334771, 0.9029717577610862, 0.9597105715522228, 0.8766056503428594, 0.8821093500828715, 0.9183496974593797, 0.9292682908953424, 0.9015361963178721, 0.864977584461986, 1.0273131132460407, 1.0237232664995168, 0.9481827234693335, 0.951500441793738, 0.9552877353879917, 0.9553635899792701, 0.9597406585768852, 0.9766913965353909, 0.9469503189824029, 0.8462146712997247, 0.966112371026464, 0.8998034365055696, 0.9544265783127783, 0.9808544140255535, 0.8346264350591316, 0.9119392944900255, 0.9256620837074836, 0.9199523783896505, 0.9506297993628395, 0.9342402542926161, 1.0289110359540397, 0.897354627689532, 0.9591872265444237, 0.9992753699639633, 0.8575585434249255, 0.9067444103644847, 0.9706376134549005, 0.8728781221865998, 0.9030398209846973, 0.9459330091824647, 0.9407581971833295, 0.9193268248907294, 0.8946145682002777, 0.876901327727166, 0.8738722131418765, 0.9054804008192125, 0.8300260421444416, 0.9022904668903009, 0.8529143709551034, 0.9882654446000758, 0.924676075982285, 0.9166402227606948, 0.8639087525991043, 0.8608130821023088, 0.9248663769644137, 0.9085922147560866], "best": [1.2017554643727222, 1.2049488972857234, 1.1294869449971054, 1.1216250253485018, 1.1875977237020223, 1.1081646802521439, 1.0720630302556355, 1.0131986998746352, 0.9136787596923825, 1.0197955553622788, 0.9518453369809308, 0.9816398909518121, 1.06300213775422, 0.9888624896969396, 0.9448998717404322, 0.9411579658876348, 1.002258079542417, 0.9530069151215482, 1.049530089337594, 0.986629142113832, 1.0284742711213324, 1.0209366231252792, 1.0587199579446813, 1.058741868665164, 1.0329815502721853, 0.9834566286920177, 1.007763146673906, 1.022857517013135, 1.012919064279545, 1.07500364630357, 1.068882496515613, 1.0154836801474798, 1.0470761005525995, 1.0341494944394034, 1.049078283128575, 1.01792260608977, 1.069880073307118, 1.040527752979577, 0.9937488720749114, 1.028236318991906, 1.0030650342741023, 1.0622923018476964, 1.0757630589853848, 1.0714550291883043, 1.0058135321524955, 1.0347903833201815, 1.096987374889187, 1.0525773655375619, 1.0431141378113886, 0.9398593871148855, 0.9876910024563611, 1.0143397073470204, 1.0017193682020924, 1.0053153477292942, 0.9934324786633326, 1.103225364843744, 1.09613082043896, 1.021062731353442, 1.0353587356208893, 1.0355613805883603, 1.0341960143441973, 1.035146075648404, 1.0331425724255165, 1.0325083991319493, 0.9524655225469514, 1.0296066069276693, 0.9833937888685567, 1.0186318242088215, 1.0442580009820692, 0.9444462469526337, 0.9914462541963269, 1.0121156537773373, 0.9880613056044423, 1.0122454497107882, 0.9956066165887508, 1.0845331386877752, 0.9559544691697, 1.046784677311328, 1.0624935779688722, 0.9311349336139152, 0.9584276710865471, 1.0356259779430526, 0.9453641030140423, 0.9867143628199314, 1.0030497262330371, 1.000043069838183, 1.0088064009448718, 0.9457629598854078, 0.9644231531534673, 0.9719485428538492, 0.9850903424003371, 0.9193644460947445, 0.9594677576193044, 0.9203728045930677, 1.0434833726580508, 0.9799842361465025, 0.9662379126969523, 0.930052899517683, 0.9399078865985842, 0.9732213561005537, 0.9844358984346033], "worst": [0.4617443736265614, 0.1193411002855187, -0.5951676961037949, -0.3032998654659178, -0.2711245808772311, -0.593771039068173, -0.6314182463732874, -0.33192789140316636, -0.6077616464728004, -0.09478794060745321, -0.3097117445639882, -0.32013994022625436, -0.5250989315630197, -0.0968459842264735, -0.5256617767779376, -0.5950229132000868, -0.46705066257278083, -0.501538508589812, -0.27788811436928307, -0.34404078448356734, -0.2232384123386656, 0.26995810478500293, 0.26814675499663426, -0.46610058251810926, 0.1402713683308332, 0.03618751928552211, 0.14913478192332597, -0.38525539276617693, 0.04870905568843764, 0.010587747814307491, 0.4580546739231177, 0.4260432286574626, 0.5021120093415827, 0.5576090595298444, 0.5868096135824954, 0.6268700102864128, 0.7350039833030891, 0.7089723693533868, 0.681516785715118, 0.716337547954009, 0.6339973408771169, 0.7936344456323955, 0.8822625267090174, 0.9005427366923259, 0.6824138924646461, 0.8519842800618675, 0.8904854894670364, 0.770782957019829, 0.8126470730739027, 0.6882514994664597, 0.7594983225762711, 0.8065517504180146, 0.7717401202880895, 0.7471776398677001, 0.7418571234194072, 0.9515472382483698, 0.9359800465490175, 0.8743755237078444, 0.8697028828650066, 0.8357571423073447, 0.8781629383257735, 0.8199303809669777, 0.9093926120870717, 0.7959558352332343, 0.5009393640785745, 0.8756289685181914, 0.8127594747032669, 0.8410808224112027, 0.9182347810837225, 0.7023135575857613, 0.6603625151174543, 0.8318469539396821, 0.8514978979649699, 0.8250216685160793, 0.8289575897232111, 0.9382464265479878, 0.7924079493221001, 0.8522824632677284, 0.9315821616512285, 0.7217323841787562, 0.8214804730655443, 0.841209297437829, 0.7485024338935693, 0.7101192356338268, 0.8748552619086741, 0.861575153159337, 0.848341863562278, 0.7144931024767797, 0.7430596825886505, 0.7233791423789281, 0.7165777026964655, 0.7110025865826016, 0.8169203854672074, 0.682585916198137, 0.9013843323145676, 0.7994635604907759, 0.8550748972909159, 0.8006234172019191, 0.7390175974436691, 0.854175167837012, 0.728462963575787]}, "accuracy": {"averages": [0.7415, 0.7166, 0.565, 0.6375000000000001, 0.6568999999999999, 0.6301000000000001, 0.6118000000000001, 0.5740000000000001, 0.6174000000000001, 0.6766999999999999, 0.6262000000000001, 0.6658, 0.6858999999999998, 0.6698000000000002, 0.5835, 0.6017000000000001, 0.6157, 0.6354, 0.715, 0.7046999999999999, 0.727, 0.7653000000000002, 0.7356000000000001, 0.7572, 0.7223999999999999, 0.7398, 0.7844, 0.7796999999999998, 0.8262999999999998, 0.8636, 0.8676000000000001, 0.8599, 0.8590999999999999, 0.8746000000000003, 0.856, 0.8511, 0.8706000000000002, 0.8216, 0.8442000000000001, 0.8734000000000001, 0.8675999999999998, 0.8769, 0.9208, 0.9125000000000001, 0.858, 0.8751000000000001, 0.8986, 0.8660999999999999, 0.8778999999999999, 0.8043, 0.8353999999999998, 0.8433999999999997, 0.8566999999999999, 0.8523000000000001, 0.8094, 0.9094, 0.9296000000000001, 0.8440000000000001, 0.8758000000000001, 0.8734999999999999, 0.8750999999999999, 0.8723999999999998, 0.8936000000000002, 0.8598999999999998, 0.83, 0.8808000000000001, 0.8233999999999999, 0.8767999999999999, 0.8918, 0.8314999999999998, 0.8524999999999998, 0.8578999999999999, 0.8192999999999999, 0.8901, 0.8599999999999999, 0.9048000000000002, 0.8384, 0.9059000000000004, 0.9085000000000001, 0.8082, 0.8394999999999999, 0.8994000000000001, 0.8341999999999998, 0.8576999999999998, 0.8857000000000003, 0.8530999999999999, 0.8351000000000001, 0.8219, 0.8155000000000001, 0.8299999999999998, 0.8519000000000001, 0.7968000000000001, 0.8462999999999998, 0.792, 0.8969000000000003, 0.8429999999999999, 0.8591, 0.8131, 0.8173999999999999, 0.8750999999999999, 0.8684000000000001],