{"name": "2021-06-01_08-38-45_lossweights120_1", "configs": {"pop_size": 100, "mutation_rate": 0.01, "emb_layers": ["layer_1_act", "layer_2_act"], "recomb_layers": ["layer_1_linear", "layer_2_linear", "output"], "epochs": 1, "loss_weights": [1, 2, 0]}, "results": {"fitness": {"averages": [0.5940934445839097, 0.4228352890853888, 0.2624879099524901, 0.3435431706446775, 0.19105435239678678, 0.22138656346466398, 0.3353435977822834, 0.30986159965436694, 0.2883207270596948, 0.35662930483146504, 0.41738173970867487, 0.5024806410759041, 0.49116889084980797, 0.513673763202576, 0.5865938978292068, 0.6271930744207709, 0.7207541379413704, 0.7244587539546898, 0.712612247958874, 0.7153311930153179, 0.6703331596543817, 0.7236361539722576, 0.7094425598398062, 0.7327747343300902, 0.6920642252463195, 0.6657013464241863, 0.8303028725286977, 0.749194762784715, 0.7497896374253529, 0.7038521041132999, 0.7260534953305025, 0.7095749217272804, 0.8041717401291212, 0.7603540518098041, 0.8103085715412603, 0.7118452397522261, 0.7464779730437963, 0.8009943615768239, 0.7639355959912447, 0.7590372781517819, 0.8150592985740438, 0.766160693835939, 0.7871240457026623, 0.7438107326111107, 0.7990206774754786, 0.7406882451568307, 0.7554145515588785, 0.7640543057392827, 0.7971576540681212, 0.8274695740518497, 0.7705447226852306, 0.7140624298204661, 0.7917446553555098, 0.758990741727345, 0.7362234788376107, 0.8225099055924575, 0.7673344011565432, 0.7521076137255125, 0.7668584811754812, 0.736291684669809, 0.86735718478073, 0.7600234576484429, 0.773459743145347, 0.8519190449874674, 0.837642915821524, 0.7332299517997637, 0.7514897974055645, 0.7927934135766195, 0.7268169428974065, 0.7914407860802755, 0.810835538964082, 0.7966434943990476, 0.7995912598407028, 0.7536911499967702, 0.7796630067058896, 0.709966876647484, 0.7808280508100774, 0.7915555763625526, 0.8406034223410133, 0.7352631340640221, 0.7408159795755259, 0.8416000503779586, 0.8195829061300833, 0.8461577324419458, 0.7545731345330576, 0.752175848430585, 0.8098956849737705, 0.8029881399523023, 0.7839877535219394, 0.7406201095694267, 0.7167034355444679, 0.7951514461235796, 0.7466499965921642, 0.8034179920900538, 0.7966133511622999, 0.800026036448462, 0.7768254071916112, 0.6459493021568147, 0.8081727509296506, 0.7440488652905567, 0.7619950553898213], "best": [0.8899999512285157, 0.8715542044777576, 0.8558097274028081, 0.8781572253918603, 0.8421635109025195, 0.8121617323280964, 0.8546500401882277, 0.8664297606553785, 0.8035779520174662, 0.824989610599573, 0.8551343659697491, 0.8009180137085669, 0.8167819610081757, 0.859138905901422, 0.8190503141309641, 0.7880216891090207, 0.8641811301862045, 0.8815588799376268, 0.8481835777197119, 0.8496501530296684, 0.8402285743846232, 0.872516975449586, 0.8301438057283383, 0.8319384482320284, 0.8121632532006068, 0.7841337389797062, 0.9056338618430018, 0.8334515738489193, 0.8658853694441241, 0.7846866517655582, 0.8252355579245403, 0.8124060827145273, 0.8860531734378776, 0.8423296774216354, 0.8895499624407809, 0.8084929567840533, 0.8336091071570395, 0.8725438128562548, 0.845939267574459, 0.8425830007679644, 0.8877213067754807, 0.8439515158820832, 0.8538304291600208, 0.8117643366767364, 0.8836427907879837, 0.8107699569140336, 0.8318047237346706, 0.8452985949042526, 0.8529945106932916, 0.8748002378618653, 0.8330238595529899, 0.774321763093558, 0.848705229698754, 0.8238795469101284, 0.803330611018962, 0.8830143315141616, 0.8327325766500054, 0.8116692422807068, 0.8482807169566139, 0.8039072961025745, 0.9195739327110941, 0.8203006998271691, 0.8283737716295265, 0.8891183928042259, 0.8775345201109249, 0.7882816293293128, 0.8165698372714152, 0.8253386040297702, 0.7850891876298708, 0.8439222246352814, 0.855895698360892, 0.8481198149849692, 0.8391188881464584, 0.8191943662238427, 0.8358781206686635, 0.7529635897256727, 0.8435753722322495, 0.8528762523193147, 0.8779749257154604, 0.8071952408386208, 0.7842130225544827, 0.8716964100204709, 0.856448500655582, 0.9057989618192006, 0.7971359824524138, 0.8242534450440463, 0.8549850664072817, 0.8775969657078188, 0.8244286565429741, 0.8131410968530951, 0.7579224066727596, 0.8428664692443811, 0.7944712138584671, 0.8484493989891059, 0.8403483868205741, 0.8407174801186834, 0.8131257309488145, 0.694956706548584, 0.8546531550063076, 0.7939741744897223, 0.8054371852458335], "worst": [-0.2785117554947278, -0.7816584121651298, -1.009911688865647, -0.9871140972811904, -1.2157330786283427, -1.0715526702264073, -0.8600160126041576, -0.4944578947241379, -0.6535816574375848, -0.6536658453489141, -0.8154102409686215, -0.27443174358149264, -0.7116221361304071, -0.5935004751584706, -0.20340037097522756, -0.16374535736118007, 0.39073741540958984, 0.30853891281860585, 0.4220419506978323, 0.3339807897693641, 0.247970965759631, 0.4609033629651836, 0.4699619088225454, 0.5466710191042279, 0.41541833646145293, 0.38712531972751224, 0.5889604855511767, 0.4644688567402061, 0.39546860063944544, 0.5355065002035829, 0.4811160397312524, 0.5794432163384188, 0.631780121535797, 0.5666460773607238, 0.6813543694687201, 0.581940323407191, 0.6301237630160463, 0.6228702919165299, 0.6708797176014375, 0.6647205935326124, 0.7038983615315795, 0.6740371954367705, 0.6963055121185359, 0.6590526979967115, 0.6037934335252992, 0.5464435353622686, 0.6797181922678319, 0.6386010042154091, 0.7379478775905932, 0.7322029090965236, 0.6666511440746594, 0.586865997704877, 0.7103883324348539, 0.6401115431841405, 0.6797741328914572, 0.700688866547952, 0.6693846783048056, 0.6601026865466204, 0.6599358088577283, 0.637420564048775, 0.7785638732673703, 0.65350972700388, 0.6815837633888076, 0.7633746991293726, 0.7500652043066869, 0.6481804588518434, 0.6307247888600058, 0.7197791385681868, 0.549447589863632, 0.711384852724122, 0.7250864018975078, 0.7148181235578086, 0.7394295573848941, 0.5446434658714204, 0.6799386267712124, 0.6480377610596705, 0.5408702872016471, 0.6473189597731293, 0.7719604099880684, 0.6122812351278801, 0.6713607732284894, 0.788522555319446, 0.7431778857203012, 0.7659306134196563, 0.5653824771977023, 0.5354259798106946, 0.7332186889477401, 0.6732832539870738, 0.6885939845233543, 0.5422871335530182, 0.596179312195726, 0.7448794360666005, 0.65706123233292, 0.7371664832094452, 0.7514705001562733, 0.7548363605193329, 0.6723771925166204, 0.5144220533708057, 0.6832007527615136, 0.6808831100321555, 0.6555639901484199]}, "accuracy": {"averages": [0.7828000000000003, 0.6892000000000001, 0.6061, 0.6688999999999998, 0.6196, 0.5978, 0.6406000000000001, 0.6391, 0.6446999999999999, 0.6714999999999999, 0.7271000000000001, 0.7398, 0.7663, 0.7728, 0.7770999999999999, 0.7983999999999999, 0.8596, 0.8523999999999998, 0.8341, 0.8643, 0.8256, 0.8721000000000001, 0.8372999999999999, 0.8581, 0.8173000000000001, 0.7914999999999999, 0.9181999999999999, 0.8761, 0.8747000000000001, 0.8177000000000001, 0.8362, 0.8329, 0.8905, 0.8561999999999999, 0.9092, 0.8277999999999999, 0.8421, 0.8969000000000001, 0.8557000000000001, 0.88, 0.8957, 0.8473, 0.8783000000000001, 0.8195999999999999, 0.9054000000000001, 0.8731, 0.8380999999999997, 0.8745, 0.8852000000000001, 0.8990000000000002, 0.8623999999999998, 0.8190999999999999, 0.8634000000000002, 0.8542000000000001, 0.8224999999999999, 0.9001000000000003, 0.8539999999999998, 0.8549999999999998, 0.8823000000000001, 0.8183000000000001, 0.9505, 0.8442999999999999, 0.8686, 0.9285999999999999, 0.8995000000000002, 0.8333999999999997, 0.8578000000000001, 0.8572, 0.8291999999999997, 0.8705000000000002, 0.8891000000000001, 0.8966000000000001, 0.8751000000000001, 0.8420000000000001, 0.8742999999999997, 0.8371999999999999, 0.8815000000000002, 0.8989000000000001, 0.9128000000000001, 0.8513, 0.8598999999999998, 0.9050999999999999, 0.8939, 0.9164000000000001, 0.8268000000000001, 0.8370999999999998, 0.8936, 0.8913, 0.8432, 0.8306, 0.8189, 0.8597000000000001, 0.8391999999999998, 0.8845999999999999, 0.8737999999999999, 0.8692, 0.8517999999999998, 0.7628, 0.8798999999999999, 0.8387, 0.8819],