{"name": "2021-06-01_lossweights020_10", "configs": {"pop_size": 100, "mutation_rate": 0.01, "emb_layers": ["layer_1_act", "layer_2_act"], "recomb_layers": ["layer_1_linear", "layer_2_linear", "output"], "epochs": 1, "loss_weights": [0, 2, 0]}, "results": {"fitness": {"averages": [-0.17450918322682363, -0.3804982893267163, -0.28974002949170646, -0.3423348265190018, -0.550368468358855, -0.31852498039671284, -0.42545453579578435, -0.32698580634935864, -0.3213799419019097, -0.370671144120826, -0.3957787157544114, -0.39511734686102945, -0.4287688298661969, -0.38051877040083254, -0.39522364299413204, -0.440103908117387, -0.34326704927944446, -0.28331498522879806, -0.33902145648607634, -0.3405645948230592, -0.28750274994066294, -0.27531601842021347, -0.2639043756236312, -0.3583921805629875, -0.23770884268936465, -0.23603651604620274, -0.26294042473377344, -0.29499843080043353, -0.2394253757447553, -0.2620923582076022, -0.19601935055698433, -0.17971011853855362, -0.19793504691029257, -0.22978409822117005, -0.19487195286765438, -0.1835114015540881, -0.19560273560540856, -0.17259716401739958, -0.19028211887224838, -0.16050333315382861, -0.17722548149104195, -0.1879574345524346, -0.15075106793811913, -0.16913755707554082, -0.207452380128627, -0.1312555541330148, -0.13829215013211715, -0.13833577677931058, -0.1559013346890269, -0.14533190204100158, -0.13039946233642521, -0.16806147488792156, -0.1432213565602309, -0.2024304352647784, -0.19793316710297595, -0.13613056146408514, -0.22548824779306778, -0.18524697018448386, -0.1318628937646737, -0.15809962924611282, -0.1407639750007266, -0.1290625054372116, -0.13289819457477975, -0.12767667736370597, -0.10538461857742643, -0.13938210920798721, -0.12544065617494715, -0.12863623564912408, -0.11386022576185129, -0.11646148766810288, -0.1333570904347791, -0.13066992157522078, -0.17245520288013783, -0.12559600870163143, -0.12449302744260382, -0.1318486699034569, -0.11201552277399376, -0.10846437532679776, -0.11748766065326822, -0.12020397438130942, -0.09764533534207917, -0.14794268220740842, -0.10045103370045863, -0.13442687740640416, -0.09881287901192358, -0.10989733698061535, -0.128764623391708, -0.117824076451166, -0.12086701508339842, -0.1309428715906023, -0.11019491086015311, -0.1102217324493226, -0.12030570529068023, -0.1189481687203646, -0.14679249947058956, -0.12490541532860738, -0.11739353004244128, -0.1429685113392163, -0.1634394108984889, -0.09969974262001817, -0.11644719465506821], "best": [-9.520323895469603e-07, -0.0577716762055723, -0.008353037482019194, -0.04161216367464484, -0.11268244289510526, -0.04746748294916083, -0.07060415713966911, -0.07517800189622617, -0.06078041976015797, -0.08536930773617266, -0.08183764924871012, -0.10667571629831936, -0.13708851070705472, -0.12216423753864772, -0.12471209220700472, -0.14610468724841397, -0.1098390419009159, -0.07514050899872915, -0.11416030204467417, -0.09550239667922919, -0.10953937851929896, -0.10311783697589251, -0.09011010829113411, -0.14581553260546964, -0.06736076136084813, -0.09202394723764484, -0.10568255483599198, -0.13118317391206918, -0.1132496110446406, -0.10294024186087808, -0.09052011934821079, -0.08438148732197079, -0.08711391628743162, -0.08698813446582102, -0.11570132809815237, -0.0793108667526185, -0.07012049311365964, -0.0955047714415421, -0.088596997212979, -0.09761999896345577, -0.10464496687477884, -0.10961933532212342, -0.08291500755823442, -0.08732166115938549, -0.09769308903600474, -0.06094401574294541, -0.0733614766482499, -0.07037876709515437, -0.0861232389880208, -0.06474549031614067, -0.06649922443935624, -0.0895573759365432, -0.07954299228995534, -0.13038601577250428, -0.10714351684384704, -0.07275546932107368, -0.11737958010328803, -0.10786399944841334, -0.07346264123637641, -0.09000915866047347, -0.07457896682127936, -0.0633491253340073, -0.07903724728800007, -0.06863387078549757, -0.06098983041626791, -0.08246574610891234, -0.08052645767028889, -0.07272713878812892, -0.07082101086720594, -0.08183548519417898, -0.08771771029799127, -0.08451402715710343, -0.10786097317499174, -0.08132838417563665, -0.08355976743476015, -0.07885385633588421, -0.075038481523067, -0.06778183704643059, -0.07755316109528258, -0.08666928213541421, -0.06794044605887696, -0.0962983190039127, -0.06583391359334109, -0.08634539726927307, -0.06754372390597806, -0.07112243934400622, -0.09467661466703274, -0.0758230716874843, -0.09020710407079371, -0.09396129085921812, -0.07962077025166771, -0.08278861904739095, -0.09439582600032993, -0.09175431729727075, -0.09488825998044317, -0.09778242460901757, -0.08034630613004169, -0.09696955704889888, -0.115491193443382, -0.08026310833053157, -0.09668879800538012], "worst": [-0.7215013083224546, -1.5504295090747997, -1.0361863342149527, -1.089482484873166, -1.6624419693781947, -0.915523533054188, -1.1296366886510492, -0.751643169187273, -0.7320881874622313, -0.7951981020987955, -1.004035181154931, -0.9336720758970902, -1.0089161568031586, -1.1964491564422524, -1.040449340153779, -1.1174533058655212, -1.014703736735215, -1.0454493331084374, -1.0467909291334268, -0.6827695465713428, -0.6720086763211448, -0.6097033018906309, -0.5319293709142544, -0.6868490509966586, -0.5078653558667295, -0.580881994656811, -0.7959586485189167, -0.6840742112220849, -0.5770254765702147, -0.6245230597826377, -0.6268798652315624, -0.524301891868522, -0.7693748163059211, -0.6116406361051322, -0.451447934936683, -0.41018631807803263, -0.3074470813295168, -0.2954675241819523, -0.2786503772667187, -0.3342746566966344, -0.3118254346280519, -0.28667736457201776, -0.23242195854214842, -0.3104280240048059, -0.3090240260669298, -0.24272562479628057, -0.24140016328674052, -0.2507218973624585, -0.2632550449280632, -0.3212155055974565, -0.26338047007150167, -0.31991950283006854, -0.34726619057888913, -0.3527394687791267, -0.3165767605481261, -0.29674252119271266, -0.34596514570747267, -0.33667956159641993, -0.19057883274684922, -0.33032595731113756, -0.21508293642244727, -0.25413504685908617, -0.21813903721553676, -0.2474590525507845, -0.22047784619844069, -0.2658629382787633, -0.30486843938009917, -0.2865109702520648, -0.37744165219162384, -0.17482466776743003, -0.2313544483885589, -0.22515626765734265, -0.30219916633861965, -0.19619914809873212, -0.21823524361025165, -0.25973534355035655, -0.2034920475167588, -0.22000106511851508, -0.2111555848981605, -0.17548067622888353, -0.19513063448957438, -0.27328948150741683, -0.15603334044678563, -0.2637349484929742, -0.1481338856582896, -0.2119681340411153, -0.18911641050749495, -0.24424999027445013, -0.18113260219651103, -0.3480846085742078, -0.15158946541090385, -0.14677841346613757, -0.14867618013916278, -0.1954546656811313, -0.20940939547650966, -0.17673692376503544, -0.22877195797579084, -0.33249478951730427, -0.3100844702742556, -0.1483826008174631, -0.15123424484503115]},