{"name": "2021-06-01_09-03-07_lossweights121_8", "configs": {"pop_size": 100, "mutation_rate": 0.01, "emb_layers": ["layer_1_act", "layer_2_act"], "recomb_layers": ["layer_1_linear", "layer_2_linear", "output"], "epochs": 1, "loss_weights": [1, 2, 1]}, "results": {"fitness": {"averages": [1.0595385306830296, 0.7926489042037297, 0.6877760362230662, 0.633217869537994, 0.5882004861401774, 0.3864288412428503, 0.5799608198283007, 0.5227547555821775, 0.6172912386672237, 0.5296190162368073, 0.5033954822473807, 0.4067802086771834, 0.6306302335351579, 0.52984061403407, 0.570149427074544, 0.6477198241281262, 0.658679842259454, 0.6270538562954079, 0.49255879285850257, 0.521952540757721, 0.5998930954133384, 0.6975095971445259, 0.49949836837477585, 0.6340724078689572, 0.7457410942067952, 0.6442227237705438, 0.7332567734505092, 0.7485650721099937, 0.6100202014018603, 0.7676609734889989, 0.7171304873079382, 0.7641561408661662, 0.6906181929198365, 0.8694473385570824, 0.8539159959466457, 0.8232623262222498, 0.8276805721818932, 0.8847683154738761, 0.9284489261197476, 0.89077545417813, 0.840270692345288, 0.9019510344931646, 0.9753312589785899, 0.9373297391579181, 0.8897509098441567, 0.8600486883625907, 0.8220511047727237, 0.9756568612716251, 0.9233497026468585, 0.9528124826033573, 0.9496765555831114, 0.9012742029170318, 1.0008608781641137, 0.9700140143873394, 0.9714259049809335, 0.9497469994454364, 0.99819131407127, 0.9160658365313141, 0.9921410419523916, 0.9978634247142828, 0.913445682833516, 0.9758870654980052, 0.988692545824992, 1.023273070597313, 0.9607663530508073, 0.994301231511505, 0.9853883653077145, 0.9591113797614547, 0.9780317388406293, 0.9407465898403637, 0.9399007529381229, 0.9783300833911315, 0.9753135463689994, 1.026582968930247, 0.9290590984868419, 1.0201542480708126, 0.975409051415557, 0.9913881960429665, 0.9424678218837623, 0.918549188951162, 0.9165892866552092, 1.044940522366784, 1.009294174756615, 0.9020467371595495, 1.015079833602371, 1.033411011953057, 0.9973539765461201, 1.0610058096404018, 0.955494821238788, 1.0439053410204406, 1.0016292779829958, 1.0091459635308606, 0.9991344480301673, 1.0317444457382983, 1.0299189428807398, 0.959621939293882, 0.9290634032640938, 0.9749984175971987, 1.0552144707897233, 1.0436216712819053, 1.0389467541875559], "best": [1.2485047875961983, 1.272255979583539, 1.0926881088250147, 1.1279813639928724, 1.0120749009587982, 0.9757723080696912, 1.0718894812331017, 0.9940407124082996, 1.0642290048234806, 1.0819299149765778, 1.0039543177023107, 0.8696954218285617, 1.0539519270662079, 1.0628650870353753, 1.0429375006270067, 1.0739317795826748, 1.0766876537980332, 1.0479086153988695, 1.03466462918911, 0.9424386162000273, 1.0847006710277995, 1.043964197377224, 0.9182725858035963, 1.0053960292493007, 1.0556368051759308, 1.0127114816727298, 1.0546321827452094, 1.053779574720367, 1.0049310022473157, 1.0385325127844334, 1.0061264028643002, 0.9690677222076415, 1.0155506035334023, 1.1349831668861698, 1.0604182450833775, 1.00893622919858, 1.053177644213776, 1.0485472149335648, 1.0380246401894784, 1.0737366339500956, 1.0025475850888212, 1.0205396226807744, 1.114278627337129, 1.0847045713309895, 1.0280711968164669, 0.9969958530739478, 0.9916171154276672, 1.105735277939334, 1.0626520976719391, 1.0647166401678576, 1.0493716719283834, 1.0580076056392782, 1.1096820081547858, 1.0865668689513144, 1.1013250067392315, 1.0474352900485673, 1.0848882013847763, 1.0156876308738731, 1.1117119065104761, 1.0751976127518397, 1.0251821999123496, 1.0958866454960883, 1.0939590814812177, 1.1341174150163582, 1.0670516692007772, 1.079367551036173, 1.0494179794106366, 1.0614833462713724, 1.0484743926157916, 1.048710013792, 1.0575996882101397, 1.073740020697394, 1.0561082882150066, 1.1256081921418093, 1.0192827613315203, 1.089373873157642, 1.0477845054594874, 1.0624854681334321, 1.0539364764851573, 0.9852708448271394, 0.9783374864538353, 1.1212730488998064, 1.0778627092330904, 0.9629696010143531, 1.0843438971959096, 1.0909877205543277, 1.0635361412797624, 1.1314337856951613, 1.0178585207619775, 1.1068193946656666, 1.0675942340714502, 1.0535686315915134, 1.0738158784392642, 1.1154282615261844, 1.0988454827408798, 1.0286530432068988, 1.0109571132729562, 1.048084830079913, 1.131700970118431, 1.1065387599854013, 1.1017700394509304], "worst": [0.5302012742801481, -0.5284851034305854, -0.6638974608879007, -0.228110649479356, -0.271848534902588, -0.6749685231008922, -0.18692446659187478, -0.3295427609576522, -0.17236991337590912, -0.22597293065620905, -0.27806355484027356, -0.14711515024843103, -0.27572439976719787, -0.39359947407711515, -0.30437658045629257, -0.16125695003834545, -0.0729760631126029, -0.21746111493861842, -0.3832356928528535, -0.376775045950422, -0.20826449826807358, -0.08018982195817631, -0.3789228178690325, -0.5464134330077536, -0.12464391837934385, -0.09767597428738217, 0.00942558793200321, 0.17530891551877825, 0.15473224765394217, 0.24109838960815855, -0.07183277203756289, 0.39786178233838665, 0.0580531032270703, 0.3629114893234364, 0.35859266004096935, 0.27202886915635693, 0.34050560710522093, 0.5086065126222967, 0.4091195775030627, 0.14406320211309787, 0.46904862169883793, 0.6202126328895012, 0.7821426333493295, 0.6982471093281769, 0.7113982468065437, 0.5832092118682937, 0.6041062013755251, 0.7448414279069904, 0.7216663886858616, 0.7452346268929482, 0.645423315509259, 0.5731971817606091, 0.707603550546027, 0.8118502216197651, 0.8328438312666073, 0.7415771285673081, 0.9062366119779061, 0.7508246798448084, 0.8544985372930074, 0.7205266497296675, 0.7535691331406867, 0.8540765973864193, 0.824872855030873, 0.8821471491207948, 0.8466703406195635, 0.891476599054261, 0.8563660952963603, 0.822093738745768, 0.7994032735088099, 0.825859902581806, 0.8045650854303251, 0.8516711239869303, 0.8615727032415283, 0.8300608788695826, 0.8423702013034908, 0.9230150502876775, 0.8511723755288211, 0.9077553286177815, 0.8484859808219163, 0.8125796849766704, 0.8159688096180497, 0.9219366531399131, 0.9140499375555903, 0.8172622619310749, 0.9170712622984245, 0.9661454948090589, 0.9338639709510468, 0.956060011024821, 0.7953264725385787, 0.9469356350220642, 0.8028189143225669, 0.9421484369238958, 0.85926463205361, 0.9571286469197504, 0.9450144961682406, 0.8522602774778216, 0.7899638447778013, 0.8920244142022921, 0.931538566139409, 0.9799449719636797, 0.9075890427013138]}, "accuracy": {"averages": [0.7959999999999999, 0.6552999999999999, 0.6339, 0.6035, 0.5718, 0.5251000000000001, 0.5274, 0.5703999999999999, 0.5937, 0.5545, 0.5304, 0.5075000000000001, 0.6442999999999999, 0.616, 0.6100999999999999, 0.6435000000000001, 0.6496, 0.629, 0.6123999999999999, 0.6163, 0.6530000000000001, 0.7205999999999999, 0.6437, 0.6639, 0.7465, 0.6806, 0.7222000000000002, 0.7191, 0.6244999999999999, 0.7309, 0.6716, 0.7434000000000001, 0.7100000000000002, 0.7835000000000001, 0.7641, 0.7558, 0.7437999999999999, 0.7696, 0.8195, 0.8186, 0.7352, 0.8030999999999999, 0.8487, 0.8234999999999999, 0.7907000000000002, 0.7584000000000001, 0.7536999999999999, 0.8400000000000002, 0.8203, 0.8270000000000002, 0.8132, 0.7945, 0.8593, 0.8085999999999999, 0.8417, 0.8116000000000002, 0.8487, 0.8144999999999998, 0.8325999999999999, 0.8561999999999999, 0.7817000000000001, 0.8062, 0.8511, 0.8575999999999999, 0.8259000000000001, 0.8280000000000001, 0.8297000000000001, 0.8273, 0.8219999999999998, 0.7859999999999998, 0.826, 0.8288000000000001, 0.8327, 0.8776999999999999, 0.7906999999999997, 0.8721000000000002, 0.8354999999999998, 0.8493999999999998, 0.809, 0.8181999999999999, 0.7734000000000002, 0.8733999999999998, 0.8473, 0.7749000000000001, 0.8551999999999998, 0.8620999999999998, 0.8231, 0.8909000000000001, 0.7942000000000001, 0.8634999999999999, 0.8225, 0.8556, 0.8194, 0.8575, 0.858, 0.8136999999999999, 0.8272999999999999, 0.8187000000000001, 0.879, 0.8735999999999998, 0.8533999999999999],