{"name": "2021-06-01_08-45-08_lossweights121_3", "configs": {"pop_size": 100, "mutation_rate": 0.01, "emb_layers": ["layer_1_act", "layer_2_act"], "recomb_layers": ["layer_1_linear", "layer_2_linear", "output"], "epochs": 1, "loss_weights": [1, 2, 1]}, "results": {"fitness": {"averages": [1.0109670910779907, 0.7889620839852582, 0.6902343483132465, 0.7071040667588937, 0.6490888386455751, 0.6698043677005246, 0.634450315975556, 0.5839198438542436, 0.48755055098352, 0.5099086470185579, 0.4350312230825672, 0.6597330776578987, 0.6075342192913914, 0.6537641270660576, 0.5311426574080736, 0.6007252376983644, 0.5864275815133291, 0.5763234072798816, 0.49410798959073715, 0.5191093766395959, 0.5784993167155708, 0.5392467995562837, 0.40314118185836356, 0.37219545436265383, 0.5244920641736354, 0.5177427725131362, 0.5182432566843156, 0.6516228609304326, 0.6190930145266378, 0.7810840823875786, 0.7490708040953008, 0.6915065229731365, 0.6887095500701794, 0.8178335367481843, 0.7042570953548304, 0.8321602435535962, 0.6631552067820727, 0.7655595982144942, 0.7273575733742639, 0.8112142214791388, 0.7966335333972048, 0.7324918843573688, 0.7915655325395133, 0.7529806308974064, 0.7644237445492402, 0.8376112988884461, 0.8496631595705806, 0.8639245804143766, 0.7211385979644507, 0.7412007257531361, 0.7857807282497064, 0.8154683553035299, 0.8840378219442107, 0.8212254038750867, 0.8701758277685637, 0.8196698203558493, 0.8020946203362256, 0.8077092687741307, 0.8592051422520018, 0.7849476001327227, 0.8548803818882597, 0.8781416903798747, 0.7861078419836829, 0.8664104132444201, 0.7634421608753528, 0.777048261514575, 0.7708457717335183, 0.9338048621568261, 0.7310175165655672, 0.7941823352323851, 0.8660715356436931, 0.9012344707537322, 0.852614882337988, 0.7329754780365496, 0.8518072570807671, 0.8407024242105224, 0.7659077057470551, 0.8190794508397771, 0.843525323697389, 0.7339187956437679, 0.78820828110466, 0.7784107983821253, 0.8079068202069205, 0.9056566244596402, 0.7924460892813125, 0.8853349109033729, 0.769360274120629, 0.778309793936227, 0.8857833333514707, 0.818385695391063, 0.8205065804628461, 0.8702281751776532, 0.876967970166154, 0.8468310407146379, 0.8498851765048059, 0.8333022814937813, 0.8397151006120231, 0.9328420264612041, 0.8261274534036509, 0.8130595519243525, 0.7848399057137287], "best": [1.194171042136012, 1.1959107425463853, 1.0884729765927375, 1.2067150307718546, 1.1795951042335697, 1.1375135981589528, 1.1385673153693063, 1.0731038312255994, 1.006040745839254, 1.111107867333689, 1.0364138299022148, 1.0247392350174302, 0.9979795403821834, 0.9868253758759561, 0.9787950608950984, 1.0592422946819011, 0.9269126853464947, 0.9704137341327869, 0.8800141014582734, 0.9372939704025315, 0.9238884925817477, 0.8649640413336728, 0.7968619119421763, 0.8329429808228013, 0.9449856339152097, 0.8855403238723428, 0.8692586964429755, 0.9161064251200657, 0.8797010828033951, 1.0041922483123837, 0.9622081883259144, 0.8366703319970474, 0.8771010881069241, 0.9581869415194452, 0.8884807269404983, 0.9559345341763303, 0.8471151836777712, 0.9289128734227473, 0.891447802978702, 0.9279301982678219, 0.903426223306969, 0.8515655605943058, 0.9199604617067656, 0.8971597178065608, 0.8656709002024465, 0.9185673972944695, 0.9193523941234949, 0.9419444206168206, 0.8336014653955914, 0.8272102115596309, 0.9019984249509275, 0.9030983986038581, 0.969964202278627, 0.9158495969581122, 0.9346203801062574, 0.9030854406263941, 0.9016982504929434, 0.9104685700040303, 0.9323892690644436, 0.8714667712743095, 0.9190772305609176, 0.9508778781854264, 0.8850425217877624, 0.9424932005429462, 0.8805196987421078, 0.8580418454258846, 0.8940777240033269, 0.9922549402443994, 0.8413051049540836, 0.8848658883334997, 0.9314669527395223, 0.9742940269520819, 0.9312881933629746, 0.8554528795403893, 0.9297850727446011, 0.9332037663234373, 0.8349904070807811, 0.9209268209852147, 0.90315584048508, 0.8194311319537042, 0.863342972335815, 0.8788719710520312, 0.8895494563527031, 0.9602897243211548, 0.8456490567289289, 0.9578765855383735, 0.8322096220539897, 0.8781273408758961, 0.9570495419150616, 0.9069365632747493, 0.8855906660128088, 0.9160827592529044, 0.9473071905399679, 0.9105693340936655, 0.9264016571371092, 0.9048681542840116, 0.9012775040385909, 0.9995359655088097, 0.9075119848512998, 0.9063789484066894, 0.8508280893243785], "worst": [0.5573883142572957, -0.30566640409679435, -0.6918748276900057, -0.28568965179717154, -0.3947326255675869, -1.0007033795981375, -0.2901131590294048, -0.47837496706190663, -0.4570189599364751, -0.404238468377523, -0.7911411374052626, -0.6837920790598848, -0.30278967267095647, 0.06437274144079774, -0.18037772177907974, -0.17255897640503537, -0.12327056993203345, -0.28716529467153973, -0.43348998594304344, -0.39002510366348486, -0.23588616490951142, -0.3714623135334586, -0.303131514570655, -0.30260322436634857, -0.26839095765546683, -0.5040561503996935, -0.2777794580036633, -0.39824250637807523, 0.17908340212847584, 0.21998240351001697, -0.13630061282262024, -0.09175248777442635, 0.12571477509574824, 0.30503038598395954, 0.1242657210974738, 0.42610361421207943, 0.06713974332094019, 0.2677317916868622, -0.010874541845713015, 0.22265003366459118, 0.5763470448909152, 0.5193549654220935, 0.5979721272910918, 0.5910083858828359, 0.4396279799688072, 0.6500124341757024, 0.7157105223930085, 0.691703171889011, 0.4845541288784709, 0.566311934566618, 0.5137292822242614, 0.6520600830130449, 0.7220792293512025, 0.6659217814183189, 0.7626411149598755, 0.674269720409538, 0.5902183539689554, 0.6548861940439279, 0.7086681620661452, 0.6648512602193841, 0.7525965143562542, 0.7571457538894428, 0.6282839837598845, 0.7299458045947547, 0.6292868546901571, 0.6402165983057223, 0.6549678270254966, 0.8516697526573671, 0.6030019236780264, 0.6790763763491879, 0.7404438532700682, 0.7995895477829824, 0.7468846630627903, 0.5773551872855253, 0.7866959406247374, 0.7158862814685789, 0.674633987088928, 0.6214977894729741, 0.7453121208331834, 0.573881917163309, 0.6945888517098154, 0.6191632348179441, 0.6521187905711255, 0.7573715813639665, 0.7128261831492149, 0.7659891817575707, 0.6936755034490711, 0.5999258926665402, 0.7254066119421269, 0.676541698252503, 0.7403778934618575, 0.7641966976091815, 0.7873777100928385, 0.707780769819425, 0.7054622258396845, 0.6368969022056421, 0.7028544741977061, 0.8217562302001077, 0.7140239710786322, 0.7061809484754479, 0.6273452660204129]}, "accuracy": {"averages": [0.742, 0.6359999999999999, 0.6345000000000001, 0.6585, 0.6531999999999999, 0.6724, 0.618, 0.6382, 0.5682, 0.5968000000000001, 0.5925999999999999, 0.6628000000000001, 0.6243, 0.6483, 0.6464, 0.6452000000000001, 0.6343, 0.6187999999999999, 0.6323, 0.677, 0.6775999999999999, 0.7054, 0.6363, 0.5405000000000001, 0.6749, 0.6661000000000001, 0.6476999999999999, 0.7484000000000002, 0.7381, 0.8168000000000001, 0.7948999999999999, 0.757, 0.7787000000000001, 0.838, 0.7810000000000001, 0.8478, 0.7919999999999999, 0.8021, 0.7609, 0.8489, 0.8557999999999999, 0.7833999999999998, 0.7913000000000001, 0.8388999999999999, 0.782, 0.8579000000000001, 0.8564000000000002, 0.8692, 0.8, 0.8190999999999997, 0.8390000000000002, 0.8311999999999999, 0.8625, 0.8377, 0.8589, 0.8552, 0.8273999999999999, 0.8136999999999999, 0.8722999999999999, 0.8035999999999999, 0.8740999999999999, 0.8763000000000001, 0.8067, 0.8607999999999998, 0.8062999999999999, 0.8107000000000001, 0.7896, 0.8975000000000003, 0.7766, 0.8369999999999999, 0.8622, 0.8879000000000002, 0.8689999999999999, 0.7789, 0.8398, 0.8404999999999998, 0.8037000000000002, 0.8196000000000001, 0.8432, 0.8165, 0.8196000000000001, 0.8583, 0.8308999999999999, 0.8747, 0.8086999999999999, 0.8864000000000002, 0.8314999999999999, 0.8279, 0.8756999999999999, 0.8378, 0.9016000000000003, 0.8695000000000002, 0.8652999999999998, 0.8822, 0.8427, 0.879, 0.8493, 0.9018000000000004, 0.845, 0.8614, 0.8633],