{"name": "2021-06-01_08-50-16_lossweights120_4", "configs": {"pop_size": 100, "mutation_rate": 0.01, "emb_layers": ["layer_1_act", "layer_2_act"], "recomb_layers": ["layer_1_linear", "layer_2_linear", "output"], "epochs": 1, "loss_weights": [1, 2, 0]}, "results": {"fitness": {"averages": [0.5213148918990133, 0.4086048438292595, 0.312918263124156, 0.36575109801214895, 0.38254492612740654, 0.28945159483932836, 0.371435517441188, 0.270262579061636, 0.39297376170817794, 0.21474983759579472, 0.3800665212167639, 0.35798091969601237, 0.34405839717544984, 0.40807592999082226, 0.44293964907775923, 0.527118579680932, 0.5256451863397935, 0.5484124859378843, 0.5596635037854241, 0.6230571390720848, 0.5110155432921768, 0.629987959185564, 0.6605814345026815, 0.5556329770640255, 0.6679424233238744, 0.695612030649801, 0.697957407173278, 0.678956474511626, 0.6762643903938597, 0.6053632115984954, 0.6528175456729913, 0.6740996886042245, 0.6853368293976214, 0.6797492670241833, 0.7072364998292351, 0.6788353193529387, 0.7927318103784851, 0.6808520218324613, 0.7183353080229392, 0.6783661081137308, 0.7436250416536998, 0.7394362936241025, 0.6967586818413174, 0.708931587482147, 0.7274515171297032, 0.7099690338128974, 0.6291625402495294, 0.7954062686280065, 0.7042155704358867, 0.7365660535822792, 0.641788260178745, 0.7963238303689184, 0.722538236312496, 0.8057786935935454, 0.6776299923913767, 0.742618512594879, 0.7366323128964153, 0.6325088473357561, 0.7175515902557816, 0.7437824876626701, 0.7500303524963923, 0.7217959715393317, 0.7190420455915991, 0.6578592380257585, 0.7125459909565004, 0.69921972731668, 0.7283069084623406, 0.6871146022598761, 0.7195293639153543, 0.6906501607821114, 0.7309526662770903, 0.7602740295987512, 0.6100082073642582, 0.5754671472235693, 0.7092581346440678, 0.6619160126387811, 0.7702749824590888, 0.7215833062068555, 0.691200014631348, 0.71456841490014, 0.7601601944262295, 0.6635764293942897, 0.7856929935858381, 0.7299903420035514, 0.7327535024355921, 0.744454705778061, 0.7297077822280901, 0.6803001912136655, 0.7502605666316698, 0.7463101819594951, 0.7376088536001952, 0.7504693753147826, 0.6361517442949818, 0.7446228285942389, 0.7321468512922494, 0.8069360968625925, 0.6982160809924816, 0.7390330006631177, 0.7530542514530455, 0.7683889700405951, 0.716998102998208], "best": [0.8059203292099211, 0.8919531680684604, 0.8472549675195887, 0.9235609750896416, 0.8718741609228755, 0.8278513649851064, 0.8892236155149366, 0.8524269148585014, 0.8396861562603435, 0.789116878603686, 0.8245088294640986, 0.7790552834838673, 0.7456545446447064, 0.7966711944837155, 0.7622380533158503, 0.795003055909799, 0.80838528546949, 0.7177765268840565, 0.769756858720322, 0.8130807776335488, 0.722782908056977, 0.8209813932755068, 0.8019446280092779, 0.7416437970702627, 0.8141643942465034, 0.8648971995306798, 0.8121577587908659, 0.8066950803043388, 0.8051565005561706, 0.7680150071825785, 0.7876980941568402, 0.80479789637607, 0.8246827064337987, 0.8174866836726401, 0.8567153318042677, 0.819093239886, 0.8806151206906709, 0.8066661776138517, 0.798097353010517, 0.7635431402881615, 0.8191869387621286, 0.8351496362842821, 0.7870620408254919, 0.7898756816240486, 0.822456139185136, 0.7785663032528433, 0.7302464408582054, 0.8639429249691999, 0.8060589148923485, 0.804497051718307, 0.7512285375127503, 0.8796581713015867, 0.7826092568625795, 0.8758314080773868, 0.7643671900064395, 0.8253198043583494, 0.8210394864878506, 0.7861476061189229, 0.8271023241404567, 0.8300149759306836, 0.8661793690520303, 0.8031315272908112, 0.7849938396903208, 0.7552926035928664, 0.7936690599005279, 0.7687723374746676, 0.7999747378184718, 0.7869705382274061, 0.7915583689781304, 0.7707016972127588, 0.800609488372204, 0.830025874028769, 0.7065038674314965, 0.6991990677956219, 0.799729626132961, 0.7380492624343623, 0.8535267975218391, 0.8120760607475576, 0.7723124978405138, 0.7853070242858052, 0.8283551412940601, 0.7632617715791721, 0.8728784089629056, 0.8212526601662052, 0.8160337390862518, 0.834414372689815, 0.8464218481675699, 0.7734291048324464, 0.8103474727919096, 0.8067631971389831, 0.8191218517640793, 0.8422201649387713, 0.7556517393128408, 0.8171552720650992, 0.8147696106481906, 0.879640316353124, 0.7508207141634777, 0.8119581316755516, 0.8192634226228758, 0.8339406987921396, 0.7735024587057915], "worst": [-0.3724707184633422, -1.0059304124187824, -0.857357974308084, -0.8974019857966594, -0.8610544031463802, -0.7613543636789074, -0.8740750776918377, -0.7013803131826725, -0.5809329046495275, -0.7074576947687967, -0.511294228871334, -0.6791863195164205, -0.6590364217639594, -0.5272686968786996, -0.420417819596127, -0.4418306459342703, -0.6389961463345413, -0.1538327416273756, -0.006925094192497205, 0.15034509066503826, 0.16337053258613599, -0.2531173848888211, 0.12055691138981373, 0.22007777887182683, 0.42195647332643965, 0.4866572863965555, 0.48848342579562654, 0.4642403961682987, 0.45383811284019415, 0.2954203847596966, 0.42141881628701516, 0.5379251359133845, 0.47955187492955875, 0.46102903224365366, 0.5277753125406697, 0.4431546265157106, 0.5153410908200644, 0.4917384124976636, 0.5796438274530364, 0.47653548730105666, 0.641940392672265, 0.6314047127835596, 0.5790094008811681, 0.6042541892694246, 0.576280454563661, 0.5659427872344783, 0.49671832781866015, 0.6137065973082085, 0.6167200436597284, 0.6245453542102752, 0.5221923992830191, 0.6661663156205478, 0.5883323079622399, 0.7263878618308564, 0.5293016629366022, 0.5647376321189541, 0.5640302982861277, 0.46416449900739815, 0.5906846310745295, 0.6156211237269487, 0.5914946914723345, 0.5926999037469316, 0.6121434189988227, 0.5238878279113792, 0.6022764933200893, 0.5605476372846425, 0.6098982135250124, 0.5055298863215665, 0.6300063772394152, 0.6004788598016559, 0.6446865602114349, 0.6884356022371976, 0.4848963774333598, 0.17536916184874507, 0.5657536224940019, 0.5589974562699942, 0.6991535585131166, 0.6432632527985873, 0.5910965477392403, 0.5943985112201196, 0.6588545614381011, 0.41589599736121496, 0.6772046908631102, 0.6412723377327973, 0.6395802398436818, 0.6527970130762972, 0.5594740477661684, 0.4824436709444651, 0.6226877669725844, 0.6626931961679718, 0.583618631902322, 0.6428819898737844, 0.5091708949401819, 0.6840211985297262, 0.6357917119411551, 0.7436694190907126, 0.5264587746325798, 0.5893031307595666, 0.67015676209301, 0.6956315254312879, 0.6369266083576576]}, "accuracy": {"averages": [0.7066, 0.7097, 0.6298, 0.7040000000000002, 0.6869999999999997, 0.6674999999999999, 0.6936, 0.6759999999999999, 0.6902000000000001, 0.6626000000000001, 0.6975000000000001, 0.6587999999999999, 0.6591, 0.679, 0.7459, 0.741, 0.7556, 0.7844999999999999, 0.7768999999999999, 0.8444999999999999, 0.7454999999999999, 0.8371999999999999, 0.8217, 0.8068, 0.8289, 0.8756, 0.8486, 0.8478999999999999, 0.8429999999999999, 0.8046999999999999, 0.8358999999999999, 0.8261999999999997, 0.8454999999999999, 0.8508999999999999, 0.8626000000000001, 0.8527999999999998, 0.9133, 0.863, 0.8845000000000001, 0.8499000000000001, 0.8722, 0.8625999999999999, 0.8590000000000001, 0.8273999999999999, 0.8573999999999999, 0.8693000000000001, 0.7998999999999999, 0.9072000000000001, 0.8497999999999999, 0.8523, 0.8268000000000001, 0.9023, 0.8375, 0.9102, 0.8451, 0.8653999999999997, 0.9014000000000002, 0.8248000000000001, 0.8549, 0.8794, 0.8919, 0.8557999999999999, 0.8661999999999997, 0.8542000000000001, 0.8791, 0.8410999999999998, 0.8634, 0.8589999999999999, 0.8504, 0.8397, 0.8693, 0.8925, 0.815, 0.8092999999999998, 0.8599999999999999, 0.8190999999999999, 0.8832000000000001, 0.8610999999999999, 0.8453999999999999, 0.8353999999999998, 0.8645, 0.8239, 0.9164000000000001, 0.8654, 0.8619, 0.8583, 0.8623000000000001, 0.839, 0.8691999999999999, 0.8708, 0.8853, 0.8928000000000003, 0.8091000000000003, 0.8493999999999999, 0.8759, 0.8948000000000002, 0.8224999999999999, 0.8493999999999998, 0.8735, 0.875, 0.8544999999999997],