{"name": "2021-06-01_lossweights100_4", "configs": {"pop_size": 100, "mutation_rate": 0.01, "emb_layers": ["layer_1_act", "layer_2_act"], "recomb_layers": ["layer_1_linear", "layer_2_linear", "output"], "epochs": 1, "loss_weights": [1, 0, 0]}, "results": {"fitness": {"averages": [0.7824000000000001, 0.7117, 0.6642, 0.613, 0.5740000000000001, 0.6134000000000001, 0.5839, 0.5882, 0.5698000000000001, 0.6273000000000001, 0.634, 0.6544, 0.6856, 0.6830999999999997, 0.7151, 0.7397, 0.6779999999999999, 0.6371, 0.6836000000000001, 0.7187999999999998, 0.7409, 0.6965999999999998, 0.7587999999999999, 0.7265999999999999, 0.7084999999999999, 0.7725, 0.7567999999999999, 0.7763, 0.8194, 0.8579999999999999, 0.7858999999999999, 0.8146, 0.8217, 0.8372999999999999, 0.8064999999999999, 0.8273999999999999, 0.7927999999999998, 0.8508000000000001, 0.8494999999999997, 0.8035000000000002, 0.8203999999999999, 0.8140999999999999, 0.8425, 0.8639999999999999, 0.8321, 0.8582, 0.8367999999999999, 0.8094, 0.8326, 0.8351999999999999, 0.7938, 0.8666000000000003, 0.7841000000000001, 0.8720000000000002, 0.8876000000000001, 0.8258, 0.8774000000000001, 0.8229, 0.902, 0.8297999999999999, 0.8669999999999999, 0.8339, 0.8361000000000002, 0.8717000000000001, 0.8607, 0.8802000000000001, 0.8676, 0.8462999999999999, 0.8538999999999999, 0.8535999999999998, 0.8219, 0.8678000000000001, 0.8730000000000001, 0.8343999999999998, 0.8552, 0.8678000000000001, 0.8918000000000003, 0.8651000000000001, 0.8235999999999999, 0.8611999999999999, 0.8759999999999998, 0.8071, 0.8947000000000003, 0.8635, 0.834, 0.8733999999999998, 0.8972, 0.8888000000000001, 0.8478000000000001, 0.8539999999999999, 0.8613, 0.9152, 0.8061000000000001, 0.8783, 0.8323000000000002, 0.8556, 0.8718000000000002, 0.8745000000000002, 0.8656999999999999, 0.9061000000000001, 0.8248000000000001], "best": [0.93, 0.92, 0.92, 0.86, 0.86, 0.94, 0.83, 0.91, 0.9, 0.92, 0.89, 0.92, 0.93, 0.9, 0.92, 0.9, 0.86, 0.84, 0.89, 0.89, 0.92, 0.89, 0.89, 0.88, 0.83, 0.89, 0.86, 0.89, 0.88, 0.93, 0.85, 0.92, 0.89, 0.92, 0.89, 0.89, 0.88, 0.92, 0.91, 0.89, 0.9, 0.91, 0.91, 0.93, 0.92, 0.93, 0.9, 0.86, 0.89, 0.89, 0.87, 0.93, 0.84, 0.94, 0.94, 0.88, 0.92, 0.88, 0.94, 0.88, 0.91, 0.89, 0.89, 0.92, 0.92, 0.92, 0.91, 0.91, 0.89, 0.9, 0.86, 0.92, 0.91, 0.89, 0.9, 0.94, 0.93, 0.91, 0.86, 0.89, 0.92, 0.86, 0.93, 0.92, 0.89, 0.91, 0.93, 0.94, 0.89, 0.9, 0.9, 0.94, 0.84, 0.91, 0.88, 0.88, 0.91, 0.9, 0.9, 0.94, 0.87], "worst": [0.48, 0.07, 0.09, 0.15, 0.01, 0.1, 0.14, 0.09, 0.04, 0.13, 0.24, 0.16, 0.22, 0.18, 0.16, 0.1, 0.32, 0.16, 0.17, 0.24, 0.18, 0.15, 0.06, 0.03, 0.07, 0.08, 0.25, 0.31, 0.67, 0.67, 0.67, 0.58, 0.65, 0.65, 0.57, 0.72, 0.59, 0.66, 0.72, 0.64, 0.63, 0.64, 0.68, 0.71, 0.63, 0.7, 0.61, 0.67, 0.64, 0.74, 0.62, 0.67, 0.67, 0.65, 0.68, 0.64, 0.78, 0.72, 0.86, 0.74, 0.78, 0.78, 0.76, 0.81, 0.79, 0.82, 0.75, 0.74, 0.81, 0.71, 0.77, 0.78, 0.82, 0.78, 0.79, 0.8, 0.85, 0.81, 0.76, 0.82, 0.84, 0.77, 0.84, 0.79, 0.75, 0.83, 0.85, 0.83, 0.8, 0.8, 0.81, 0.88, 0.76, 0.83, 0.78, 0.79, 0.82, 0.83, 0.82, 0.86, 0.78]}, "accuracy": {"averages": [0.7824000000000001, 0.7117, 0.6642, 0.613, 0.5740000000000001, 0.6134000000000001, 0.5839, 0.5882, 0.5698000000000001, 0.6273000000000001, 0.634, 0.6544, 0.6856, 0.6830999999999997, 0.7151, 0.7397, 0.6779999999999999, 0.6371, 0.6836000000000001, 0.7187999999999998, 0.7409, 0.6965999999999998, 0.7587999999999999, 0.7265999999999999, 0.7084999999999999, 0.7725, 0.7567999999999999, 0.7763, 0.8194, 0.8579999999999999, 0.7858999999999999, 0.8146, 0.8217, 0.8372999999999999, 0.8064999999999999, 0.8273999999999999, 0.7927999999999998, 0.8508000000000001, 0.8494999999999997, 0.8035000000000002, 0.8203999999999999, 0.8140999999999999, 0.8425, 0.8639999999999999, 0.8321, 0.8582, 0.8367999999999999, 0.8094, 0.8326, 0.8351999999999999, 0.7938, 0.8666000000000003, 0.7841000000000001, 0.8720000000000002, 0.8876000000000001, 0.8258, 0.8774000000000001, 0.8229, 0.902, 0.8297999999999999, 0.8669999999999999, 0.8339, 0.8361000000000002, 0.8717000000000001, 0.8607, 0.8802000000000001, 0.8676, 0.8462999999999999, 0.8538999999999999, 0.8535999999999998, 0.8219, 0.8678000000000001, 0.8730000000000001, 0.8343999999999998, 0.8552, 0.8678000000000001, 0.8918000000000003, 0.8651000000000001, 0.8235999999999999, 0.8611999999999999, 0.8759999999999998, 0.8071, 0.8947000000000003, 0.8635, 0.834, 0.8733999999999998, 0.8972, 0.8888000000000001, 0.8478000000000001, 0.8539999999999999, 0.8613, 0.9152, 0.8061000000000001, 0.8783, 0.8323000000000002, 0.8556, 0.8718000000000002, 0.8745000000000002, 0.8656999999999999, 0.9061000000000001, 0.8248000000000001], "best": [0.93, 0.92, 0.92, 0.86, 0.86, 0.94, 0.83, 0.91, 0.9, 0.92, 0.89, 0.92, 0.93, 0.9, 0.92, 0.9, 0.86, 0.84, 0.89, 0.89, 0.92, 0.89, 0.89, 0.88, 0.83, 0.89, 0.86, 0.89, 0.88, 0.93, 0.85, 0.92, 0.89, 0.92, 0.89, 0.89, 0.88, 0.92, 0.91, 0.89, 0.9, 0.91, 0.91, 0.93, 0.92, 0.93, 0.9, 0.86, 0.89, 0.89, 0.87, 0.93, 0.84, 0.94, 0.94, 0.88, 0.92, 0.88, 0.94, 0.88, 0.91, 0.89, 0.89, 0.92, 0.92, 0.92, 0.91, 0.91, 0.89, 0.9, 0.86, 0.92, 0.91, 0.89, 0.9, 0.94, 0.93, 0.91, 0.86, 0.89, 0.92, 0.86, 0.93, 0.92, 0.89, 0.91, 0.93, 0.94, 0.89, 0.9, 0.9, 0.94, 0.84, 0.91, 0.88, 0.88, 0.91, 0.9, 0.9, 0.94, 0.87], "worst": [0.48, 0.07, 0.09, 0.15, 0.01, 0.1, 0.14, 0.09, 0.04, 0.13, 0.24, 0.16, 0.22, 0.18, 0.16, 0.1, 0.32, 0.16, 0.17, 0.24, 0.18, 0.15, 0.06, 0.03, 0.07, 0.08, 0.25, 0.31, 0.67, 0.67, 0.67, 0.58, 0.65, 0.65, 0.57, 0.72, 0.59, 0.66, 0.72, 0.64, 0.63, 0.64, 0.68, 0.71, 0.63, 0.7, 0.61, 0.67, 0.64, 0.74, 0.62, 0.67, 0.67, 0.65, 0.68, 0.64, 0.78, 0.72, 0.86, 0.74, 0.78, 0.78, 0.76, 0.81, 0.79, 0.82, 0.75, 0.74, 0.81, 0.71, 0.77, 0.78, 0.82, 0.78, 0.79, 0.8, 0.85, 0.81, 0.76, 0.82, 0.84, 0.77, 0.84, 0.79, 0.75, 0.83, 0.85, 0.83, 0.8, 0.8, 0.81, 0.88, 0.76, 0.83, 0.78, 0.79, 0.82, 0.83, 0.82, 0.86, 0.78]}, "loss": {"averages": [0.09928847257338458, 0.1676300399592907, 0.2368455695077306, 0.2208523553375387, 0.20646336223265407, 0.24142291793653317, 0.2668349888284234, 0.21086187334523654, 0.2664978040151295, 0.22704323101025226, 0.2317524608931672, 0.194097201828912, 0.22220059823632834, 0.17793834171459483, 0.16401535114638371, 0.1819479548441953, 0.19422311788870808, 0.2254055440606063, 0.16687518694580963, 0.13153571098905847, 0.11516392149821118, 0.1944448073528782, 0.12235204252527479, 0.11672776303810029, 0.12117888346955132, 0.14615806836201475, 0.13097803030144195, 0.12333566320283135, 0.11343907967408748, 0.11215434727033735, 0.10131025743333277, 0.09472914532476569, 0.09015736828404991, 0.10645832355941294, 0.10647119689145285, 0.08956514996406803, 0.09120488371012397, 0.08531453345116204, 0.08987350343561497, 0.11199318918658607, 0.0934159045001221, 0.10790714642262783, 0.11006835534280973, 0.08715146124487529, 0.09673042913198246, 0.0810591531477028, 0.08565758573200195, 0.10289831430213196, 0.08580568839286752, 0.07653059528549791, 0.09453777528943885, 0.11567007654931453, 0.09187249676799646, 0.06373101014115663, 0.06699508391965714, 0.08902531433182702, 0.10521552205192451, 0.09658304100953964, 0.0793293208824342, 0.1103309441557958, 0.08478856990197742, 0.10443379047075318, 0.09705002143457328, 0.09368919932274172, 0.10723547709963127, 0.07939426591326545, 0.11118020356948427, 0.09093446613364438, 0.09344989444952959, 0.09390518812961864, 0.09796338856502304, 0.08066323476131754, 0.09096683083482167, 0.10337951347171832, 0.08434770964091902, 0.07038456826675543, 0.061420278054910786, 0.06547235246261371, 0.09410966619892092, 0.07396962188673185, 0.09993373953888872, 0.07682047012995857, 0.08198939562500324, 0.0768904474797985, 0.0963578213536138, 0.09585859265894633, 0.07597392362575064, 0.08978323694637486, 0.08378860663628007, 0.07757172609596244, 0.10530485841483622, 0.05460318777406526, 0.11357221592812372, 0.07407185492054405, 0.06527184660951851, 0.09662560532268155, 0.0653058593643085, 0.060225680100293166, 0.08500862576696454, 0.07091953322367557, 0.10870489644116593],