{"name": "2021-06-01_08-57-37_lossweights101_9", "configs": {"pop_size": 100, "mutation_rate": 0.01, "emb_layers": ["layer_1_act", "layer_2_act"], "recomb_layers": ["layer_1_linear", "layer_2_linear", "output"], "epochs": 1, "loss_weights": [1, 0, 1]}, "results": {"fitness": {"averages": [1.2406703124999998, 1.0728859375, 1.0840421875, 1.0107515624999996, 1.0224578125, 1.0193734375, 1.0270140625, 0.9638234374999999, 0.8702531249999998, 0.9183703125, 0.886565625, 0.9061203125000001, 0.8742078124999999, 0.8945796875, 0.9222015624999998, 0.8945687499999999, 0.8800906249999998, 0.9528859374999997, 0.9317984375, 0.9226578124999999, 0.9175687499999999, 0.9662796874999998, 0.9423609375, 0.99759375, 0.9869812499999999, 0.9778109374999999, 1.0166796875, 1.0032078125, 1.0085703124999998, 0.9957296875, 0.9467656249999998, 1.0024671874999997, 0.979553125, 1.0088421875000002, 0.9898468749999999, 0.9786671874999999, 1.0107765624999998, 0.993834375, 1.0359625, 1.0334640625000002, 0.9976640625000001, 1.0076640625, 0.9870171875000001, 1.0287593750000001, 1.0295281249999997, 1.0000390625, 1.0519234375000002, 1.03388125, 1.0360234375000001, 1.0642812499999998, 1.0175656250000003, 1.0291078125000002, 0.9937078125, 1.0490234374999998, 0.9818812499999998, 1.04888125, 1.0788812499999998, 0.9961390625, 1.1191078125000002, 1.01655, 1.03395, 1.0821500000000002, 1.04685, 1.10935, 1.08995, 1.06855, 1.07145, 1.07825, 1.04505, 1.15075, 1.0678500000000002, 1.08925, 1.0934499999999998, 1.11485, 1.07785, 1.11975, 1.11775, 1.0526499999999999, 1.1268500000000001, 1.08135, 1.04315, 1.06255, 1.10255, 1.12065, 1.14215, 1.08725, 1.0401500000000001, 1.12385, 1.11025, 0.98175, 1.0664500000000001, 1.12645, 1.12385, 1.08555, 1.08905, 1.1083499999999997, 1.08335, 1.1231499999999999, 1.15785, 1.04615, 1.08215], "best": [1.39171875, 1.3190625, 1.34609375, 1.25390625, 1.3239062499999998, 1.29390625, 1.3239062499999998, 1.279375, 1.15125, 1.214375, 1.214375, 1.18125, 1.1412499999999999, 1.144375, 1.2112500000000002, 1.18125, 1.0970312500000001, 1.1712500000000001, 1.13703125, 1.10703125, 1.1359375, 1.1712500000000001, 1.16125, 1.20125, 1.15125, 1.1859375, 1.1859375, 1.2059375, 1.18125, 1.1712500000000001, 1.1159375, 1.1712500000000001, 1.18125, 1.1259375, 1.1359375, 1.13125, 1.13125, 1.18125, 1.1712500000000001, 1.15125, 1.1412499999999999, 1.15125, 1.13125, 1.15125, 1.15125, 1.1212499999999999, 1.15125, 1.1412499999999999, 1.1412499999999999, 1.18125, 1.1212499999999999, 1.13125, 1.1012499999999998, 1.16125, 1.09125, 1.16125, 1.22125, 1.1212499999999999, 1.2112500000000002, 1.11125, 1.1412499999999999, 1.1912500000000001, 1.1412499999999999, 1.22125, 1.16125, 1.15125, 1.1412499999999999, 1.1912500000000001, 1.1412499999999999, 1.22125, 1.15125, 1.16125, 1.1712500000000001, 1.20125, 1.1412499999999999, 1.20125, 1.18125, 1.16125, 1.22125, 1.16125, 1.1412499999999999, 1.15125, 1.1912500000000001, 1.18125, 1.20125, 1.16125, 1.1412499999999999, 1.18125, 1.16125, 1.08125, 1.16125, 1.1712500000000001, 1.2112500000000002, 1.15125, 1.1412499999999999, 1.1912500000000001, 1.16125, 1.20125, 1.24125, 1.1012499999999998, 1.1712500000000001], "worst": [1.03765625, 0.5237499999999999, 0.49671875, 0.48375, 0.61390625, 0.6459375, 0.481875, 0.5784374999999999, 0.2809375, 0.44125000000000003, 0.3678125, 0.4559375, 0.40125, 0.52125, 0.46125, 0.37859375, 0.43125, 0.48125, 0.44125000000000003, 0.6285937500000001, 0.4559375, 0.6059375, 0.5559375, 0.5459375, 0.49593750000000003, 0.4659375, 0.6159375, 0.5359375, 0.5159374999999999, 0.5359375, 0.5359375, 0.7059375, 0.68125, 0.81703125, 0.6559375000000001, 0.49593750000000003, 0.75125, 0.76703125, 0.75703125, 0.86125, 0.80703125, 0.75125, 0.78125, 0.79703125, 0.76703125, 0.77125, 0.74125, 0.76125, 0.84703125, 0.78703125, 0.81703125, 0.86703125, 0.78703125, 0.79703125, 0.79703125, 0.78703125, 0.78703125, 0.76703125, 0.79703125, 0.84125, 0.75125, 0.95125, 0.91125, 0.98125, 0.98125, 0.90125, 0.93125, 0.81125, 0.90125, 0.84125, 0.92125, 1.01125, 0.90125, 0.91125, 0.98125, 1.02125, 1.03125, 0.88125, 1.03125, 0.98125, 0.92125, 0.96125, 1.01125, 1.02125, 1.04125, 0.95125, 0.86125, 1.03125, 1.05125, 0.88125, 0.91125, 1.04125, 1.02125, 1.02125, 1.03125, 1.03125, 0.98125, 1.03125, 1.04125, 0.97125, 0.99125]}, "accuracy": {"averages": [0.7960999999999998, 0.6398, 0.6358, 0.5754, 0.5957, 0.6066, 0.6101, 0.5423, 0.48330000000000006, 0.5488, 0.5168, 0.5303000000000001, 0.48370000000000013, 0.5054, 0.5430999999999999, 0.49160000000000004, 0.48969999999999997, 0.5548, 0.4984, 0.48840000000000006, 0.4571, 0.5346, 0.5249, 0.5865, 0.5887, 0.5766, 0.6075, 0.5977, 0.619, 0.5828, 0.537, 0.5986, 0.5650999999999999, 0.5981000000000001, 0.5743, 0.5473, 0.5698000000000001, 0.5735999999999999, 0.6593999999999999, 0.6878000000000003, 0.652, 0.662, 0.6419, 0.6879000000000001, 0.7056999999999998, 0.6975, 0.7579, 0.7356000000000001, 0.7420000000000002, 0.7659999999999998, 0.7278, 0.7436000000000001, 0.7082, 0.755, 0.6835999999999999, 0.7505999999999999, 0.7806000000000001, 0.6935999999999999, 0.8336000000000001, 0.7353000000000001, 0.7526999999999999, 0.8009000000000002, 0.7656000000000001, 0.8281000000000002, 0.8086999999999999, 0.7873, 0.7901999999999998, 0.797, 0.7638000000000001, 0.8694999999999999, 0.7866000000000003, 0.8079999999999999, 0.8121999999999998, 0.8336, 0.7966, 0.8385000000000001, 0.8364999999999999, 0.7713999999999999, 0.8456, 0.8001, 0.7619000000000001, 0.7813000000000001, 0.8212999999999999, 0.8393999999999999, 0.8608999999999999, 0.8059999999999999, 0.7589000000000001, 0.8425999999999999, 0.829, 0.7005, 0.7852, 0.8452000000000001, 0.8425999999999999, 0.8042999999999999, 0.8078000000000002, 0.8270999999999998, 0.8020999999999999, 0.8419, 0.8766000000000002, 0.7648999999999999, 0.8009000000000001], "best": [0.95, 0.9, 0.92, 0.88, 0.91, 0.87, 0.91, 0.87, 0.87, 0.91, 0.89, 0.9, 0.86, 0.86, 0.93, 0.9, 0.81, 0.89, 0.84, 0.8, 0.84, 0.89, 0.88, 0.92, 0.87, 0.89, 0.89, 0.89, 0.9, 0.89, 0.83, 0.89, 0.9, 0.82, 0.84, 0.85, 0.85, 0.9, 0.89, 0.87, 0.86, 0.87, 0.85, 0.87, 0.87, 0.84, 0.87, 0.86, 0.86, 0.9, 0.84, 0.85, 0.82, 0.88, 0.81, 0.88, 0.94, 0.84, 0.93, 0.83, 0.86, 0.91, 0.86, 0.94, 0.88, 0.87, 0.86, 0.91, 0.86, 0.94, 0.87, 0.88, 0.89, 0.92, 0.86, 0.92, 0.9, 0.88, 0.94, 0.88, 0.86, 0.87, 0.91, 0.9, 0.92, 0.88, 0.86, 0.9, 0.88, 0.8, 0.88, 0.89, 0.93, 0.87, 0.86, 0.91, 0.88, 0.92, 0.96, 0.82, 0.89], "worst": [0.45, 0.06, 0.11, 0.06, 0.07, 0.04, 0.03, 0.05, 0.06, 0.1, 0.05, 0.07, 0.05, 0.05, 0.0, 0.01, 0.07, 0.05, 0.08, 0.1, 0.01, 0.07, 0.05, 0.07, 0.07, 0.1, 0.12, 0.09, 0.18, 0.1, 0.06, 0.06, 0.05, 0.11, 0.18, 0.08, 0.09, 0.06, 0.05, 0.18, 0.1, 0.1, 0.09, 0.09, 0.06, 0.12, 0.13, 0.1, 0.14, 0.08, 0.11, 0.16, 0.08, 0.09, 0.09, 0.08, 0.08, 0.06, 0.09, 0.56, 0.47, 0.67, 0.63, 0.7, 0.7, 0.62, 0.65, 0.53, 0.62, 0.56, 0.64, 0.73, 0.62, 0.63, 0.7, 0.74, 0.75, 0.6, 0.75, 0.7, 0.64, 0.68, 0.73, 0.74, 0.76, 0.67, 0.58, 0.75, 0.77, 0.6, 0.63, 0.76, 0.74, 0.74, 0.75, 0.75, 0.7, 0.75, 0.76, 0.69, 0.71]},