{"name": "2021-06-01_09-01-31_lossweights120_7", "configs": {"pop_size": 100, "mutation_rate": 0.01, "emb_layers": ["layer_1_act", "layer_2_act"], "recomb_layers": ["layer_1_linear", "layer_2_linear", "output"], "epochs": 1, "loss_weights": [1, 2, 0]}, "results": {"fitness": {"averages": [0.5830146373297171, 0.4067597537039605, 0.38201096006951024, 0.5955689095745649, 0.39605678125696414, 0.29403902879544513, 0.3786402005275559, 0.2509041799078115, 0.3019191326316455, 0.3505255229855562, 0.2760589697906493, 0.3423510548221466, 0.24538739055107478, 0.25363050007270665, 0.36940251582412587, 0.32893469504013867, 0.37926441241924813, 0.3189297087167726, 0.30069738434307136, 0.3250600207383205, 0.5109732415735642, 0.4614031421604472, 0.5688442252515779, 0.5274230620510334, 0.5477499217202422, 0.7142959799229165, 0.6533230383058295, 0.6258241578217459, 0.6658957704750929, 0.7046118216240729, 0.6285114926850176, 0.6356984434671901, 0.7580250713112312, 0.6665067659601631, 0.7057704976504546, 0.6332141737186633, 0.602152257520465, 0.693023898159172, 0.7194153291178793, 0.7273767643581498, 0.7162468837435206, 0.64327583916829, 0.6971410040728496, 0.6741401502644362, 0.7255327189570372, 0.6866367740464383, 0.7001430170607615, 0.7123089925893697, 0.6997604838499091, 0.6283971804580767, 0.7463601883259271, 0.7199725752717222, 0.6812063335848435, 0.6936900356430141, 0.6969064483003092, 0.6894001019004687, 0.6706312184608849, 0.6914552906942419, 0.6980924847416722, 0.616478149182354, 0.5705895442525191, 0.6650317495672247, 0.717421065598524, 0.6538533401113367, 0.6810298775676782, 0.6904691606592936, 0.7054240215284457, 0.6567070945198199, 0.6864240568337843, 0.6554477004413037, 0.5929690391034399, 0.6975107938355903, 0.7120380583821668, 0.6446147121476525, 0.7107343361495785, 0.6210558544608012, 0.6502953643430491, 0.6374609246290401, 0.7164948099909176, 0.6795934543204101, 0.6345091006840424, 0.6896878293260807, 0.715832447903622, 0.6955911862790393, 0.6143421267222603, 0.6438895001387511, 0.6793836782869949, 0.6557380211450279, 0.7430031017615297, 0.6523330545977437, 0.6873183658248972, 0.7247402183011686, 0.6787684142486676, 0.7038543558075459, 0.7314740357437305, 0.755365866356286, 0.7017326256370936, 0.6774988063665214, 0.5882884606941694, 0.7112460962405884, 0.7065970180816055], "best": [0.909043064907919, 0.8799420866209317, 0.8961733835922249, 0.9210570969695296, 0.8438406856735923, 0.8125128556455118, 0.8122416840651105, 0.7989556044202124, 0.849831999740104, 0.7995330153338995, 0.7018355755887682, 0.7732811334428209, 0.7338598026767211, 0.7118876424401697, 0.7876287359963335, 0.7867289959693902, 0.7870062520918799, 0.7830875625517382, 0.6918675200128349, 0.6971098255915258, 0.7708507215669946, 0.6931476300977226, 0.7606421099703329, 0.6984683456311194, 0.7074056322324315, 0.8125287967969659, 0.7653426120192472, 0.7327949364749488, 0.7997690224470292, 0.8369101543555086, 0.7026256928449788, 0.7160979168672296, 0.8679621693630349, 0.766016968735804, 0.7620689188522763, 0.7101361737610193, 0.6863573224965328, 0.7629042762634051, 0.7986388374393514, 0.8299592980524999, 0.7928494625975057, 0.7360727404489583, 0.8103664798276696, 0.7553092297790904, 0.8050278982508318, 0.7659498586912978, 0.7953173728303807, 0.7823786596122848, 0.7952555836833772, 0.7420022863132277, 0.8369862943652931, 0.820889421241063, 0.765343395494841, 0.7510331688781196, 0.7600623766676575, 0.7814981248611711, 0.749260514092098, 0.7715695477518445, 0.747333662215603, 0.7045264806720231, 0.6325816529378167, 0.7330461247564838, 0.7843806297276348, 0.7161070798370233, 0.7622037765781438, 0.7595005418611038, 0.7843889637502073, 0.7134259205584039, 0.7475713924862595, 0.7488550322397819, 0.6867509170068562, 0.7656650402502855, 0.7905190927993777, 0.7209662237267319, 0.7691584431954808, 0.7014394057326454, 0.7268930381904711, 0.7497246571769071, 0.792096352200665, 0.7355537415157924, 0.698519294219242, 0.7789335773833052, 0.7758247699239436, 0.8004698046430838, 0.6974192040561138, 0.7257853953144344, 0.7585605993212964, 0.7328443256628605, 0.7933888656322345, 0.7605975170517821, 0.7394752735941557, 0.7930911484344021, 0.7411774265072849, 0.7619102534192919, 0.8026968686759325, 0.8126835308362668, 0.779587201318181, 0.752034951277192, 0.6629314732250636, 0.7782314177485505, 0.7791573641425369], "worst": [-0.4553507319738254, -1.372624792574972, -1.3260674221003188, -0.503799234589398, -0.7231184678465771, -1.013508101898873, -0.8544432877136326, -0.9695001676409782, -0.7022450581788959, -0.7085134572687138, -0.7862624489558436, -0.7622541821150228, -0.6344536814041107, -0.5418900108314288, -0.43496161646462034, -0.41786444401145884, -0.5859140326232138, -0.7058944299656379, -0.6376875424053547, -0.9711407459636116, -0.4529064850686946, -0.44651342397233396, -0.06640101775873353, -0.15347027760470705, -0.14362020334954695, 0.3065436469645797, 0.184409376853633, 0.0010933130328348861, 0.1293272611117003, 0.11330635510640275, 0.530630182754116, 0.4787469942093613, 0.6340581111536123, 0.5206714280426477, 0.6538831888140784, 0.5347423415371587, 0.5249073300074021, 0.6016133672650064, 0.6426348491715939, 0.5836767521292376, 0.6021744565682858, 0.5432818809604516, 0.6011523743527298, 0.5505623630108334, 0.6238857449558357, 0.5799218483945863, 0.6224753410478284, 0.582066607071511, 0.5280937334319359, 0.4754743980548113, 0.6073463521003515, 0.5513559909049738, 0.5690005742871018, 0.6069571590107041, 0.5425016161437881, 0.573717996094024, 0.4532435579830025, 0.5939360397449818, 0.5713640928793902, 0.4920719233672185, 0.48345590101095676, 0.5813736133970182, 0.6225666576452045, 0.47365628173090324, 0.5412942352160398, 0.5979822538206796, 0.5806027035544128, 0.6089600883218135, 0.6032347362646037, 0.56155738017233, 0.4258867127733495, 0.5932943510063146, 0.6254166131242569, 0.48144133019515206, 0.6108166836150287, 0.5224040276357149, 0.5685381869261608, 0.5574436714048918, 0.6092244225987584, 0.6086140006846026, 0.5303662313171517, 0.5720574697417826, 0.6443711693642211, 0.5684946786300276, 0.5028511678940815, 0.5893094919366129, 0.5465556109203149, 0.5589517939232991, 0.645441575285802, 0.48655307272747794, 0.6208510907243721, 0.6222926992281432, 0.5773760590175745, 0.623389334655707, 0.6268350260298867, 0.6623106533807738, 0.46921222357350284, 0.5952024595334046, 0.4098160200031212, 0.6388068179551301, 0.6282144210561025]},