{"name": "2021-06-01_08-59-41_lossweights121_7", "configs": {"pop_size": 100, "mutation_rate": 0.01, "emb_layers": ["layer_1_act", "layer_2_act"], "recomb_layers": ["layer_1_linear", "layer_2_linear", "output"], "epochs": 1, "loss_weights": [1, 2, 1]}, "results": {"fitness": {"averages": [1.0294357435284565, 0.8071305681585532, 0.6924894832362027, 0.7914729761914576, 0.7493035540007162, 0.688978335888645, 0.6722583793316825, 0.6940481733255008, 0.6744023903288897, 0.7988352555550533, 0.754681680719138, 0.8324806054455194, 0.7809728866751092, 0.8897560108484096, 0.8977778697152972, 0.8872182039450182, 0.9629532342031059, 0.8924659429419739, 0.9121374867434213, 1.0299718526589545, 0.8905407692862382, 0.8784758528502594, 0.9010983673999533, 0.8889580229021035, 0.887350505724545, 1.0157023359501247, 0.9366035410275352, 0.9794618002433085, 0.9895806646118936, 0.9718358838415445, 1.0545412637258347, 1.0227497645336632, 1.0427087268407436, 1.0489757890341767, 1.0263003888702988, 1.007301626289822, 0.9726086368904077, 0.982861388541537, 1.07700500083406, 1.1050091924845733, 0.9922527271994706, 1.0318123155847605, 1.0389456652429352, 1.0073877189032516, 1.0248180498143273, 1.039256552022419, 1.022636299554351, 1.0392447678723686, 0.9118488166439872, 1.0649596923319538, 1.0617407717696006, 1.0586887746073963, 1.0951888044090676, 1.0357004702105583, 1.051236139317971, 0.9944211929789394, 1.009042438487357, 1.0171193778652041, 1.054511017914588, 1.066372879670116, 1.018560081488185, 1.0347055125855968, 0.9995312584523931, 1.0590387998305313, 0.9681021203654947, 1.1101013185140598, 1.0417425631362456, 1.0722134993012091, 1.0427524833442003, 1.086831518952914, 1.0425546645536647, 1.0482329492237126, 0.9884380880391368, 1.0346936040485146, 0.9788420199692554, 1.0622669968171494, 1.1137577382196528, 1.025232923900854, 1.0515923440805781, 1.0401670797311517, 1.0564062685718418, 1.0821190511088608, 1.0023777414928623, 1.0161750322888534, 1.0339349934830475, 1.0476884590218807, 1.0952390940354342, 1.008946530770038, 1.0259503780270627, 1.046038771436506, 1.0186153309487818, 1.0769776025772844, 1.0200376032314633, 1.0086762726484884, 0.9672748967557558, 0.9969615485259324, 1.0019060570753293, 1.05613492273071, 1.077969262329086, 1.0103443268780459, 1.0383401023737975], "best": [1.2298005597050312, 1.2051911803270596, 1.1350591492216962, 1.2167086047230506, 1.1794878050351796, 1.0920842685585501, 1.0879337504743782, 1.1129370184113982, 1.0911684330627842, 1.1080919002980802, 1.076014265636659, 1.1768682118334082, 1.1307455093469905, 1.1795748866191875, 1.1591336660759293, 1.1077773247754021, 1.132171689469708, 1.0713033006894708, 1.0771990187750946, 1.209859668117547, 1.0522583353728177, 1.0771271961857323, 1.0476204244398168, 1.0245175293425752, 0.9888187835141021, 1.0935804505927011, 1.0672368033537072, 1.1239863169833293, 1.0980610942739975, 1.0614950252543136, 1.1442468528619907, 1.1149118538579224, 1.1379879195837046, 1.1539204813574526, 1.1003442154271226, 1.1032829819342902, 1.0704058136663825, 1.065694759440087, 1.1736388260860715, 1.1776540025111304, 1.121212815759956, 1.1184346454060974, 1.1084531515842495, 1.0968056691804215, 1.120560315588199, 1.1110525277878671, 1.09223372833815, 1.129929679173456, 0.9927216175538969, 1.1334957105044163, 1.1291151685347927, 1.1312303489981959, 1.1375731620138751, 1.103507869798757, 1.141226897466824, 1.0803613278978628, 1.0756375516592234, 1.090410130453015, 1.1148644057906203, 1.1288617172473434, 1.1122527553619828, 1.0958871066203861, 1.080578522742933, 1.1096269618657308, 1.0535806213131116, 1.1699672609672067, 1.1271605830678708, 1.146882588213102, 1.1460431061010699, 1.137289296890867, 1.1062599143000271, 1.1324230388460115, 1.0845098778251305, 1.1136893459251787, 1.0477948237397112, 1.1138451231888071, 1.1467750182196517, 1.0945293340012867, 1.150290505503464, 1.1052469948016095, 1.131871882372829, 1.1346060287487625, 1.0598679154714716, 1.098256917808949, 1.1184696809158063, 1.1076061609880872, 1.141053850767279, 1.088041556202882, 1.0964591911596129, 1.1133211250463821, 1.0919352187859914, 1.1277308146105252, 1.0743068293217695, 1.0651074919922547, 1.0265394836629307, 1.0613710615903718, 1.0758605728623798, 1.1151834741159234, 1.1355169301274461, 1.06519047590566, 1.0846910624664199], "worst": [0.3448046887922609, -0.40406795604135537, -0.1565134146894841, -0.30885666619913166, -0.30208271448614343, -0.36707559255195554, -0.3218636872717099, -0.37902391171248584, -0.3014434584205744, -0.3538577904061859, -0.45672472878567316, -0.21537460739638636, 0.03978817061500722, 0.04558654253398253, 0.13917608321702488, 0.2816442951011455, 0.39236915336504424, 0.4470934968402679, 0.515766308836826, 0.5331805974121882, 0.4351857729562879, 0.5022253744973098, 0.38634135729301794, 0.5820150740547608, 0.7139325571239842, 0.7535464728708581, 0.566157173500668, 0.44788054785767395, 0.7533535727506768, 0.8023048367179059, 0.84976627596462, 0.9069322996179044, 0.9290726884652919, 0.8748936267202546, 0.8361618203786816, 0.867467899606337, 0.7840788735170113, 0.7846476057257642, 0.9011690403730093, 1.0033410927520596, 0.8310041691423689, 0.9213081233617411, 0.9303116901379087, 0.8922783142658264, 0.7998609827804755, 0.9146755373691916, 0.876043650980653, 0.957997412791319, 0.6039067272833353, 0.988955185439726, 0.9613361083838541, 0.9862017767453145, 1.0183063670502444, 0.8941169405523158, 0.9005453108596314, 0.8623142842141982, 0.8903890644462815, 0.9021322382756451, 0.955945586150284, 0.9288785197845606, 0.9171469939190328, 0.9294406211963826, 0.9204959243053534, 0.9843743592185749, 0.8544142486153723, 1.0421626532685693, 0.9117743048775035, 0.9829996528938107, 0.9318406365467463, 0.9954150995280002, 0.9237957523503444, 0.9755154544401798, 0.9002206382144815, 0.8191051887293771, 0.8247644944172188, 1.0125825059426694, 1.0720707448925855, 0.9712748944380569, 0.9701883172788743, 0.8996453326379428, 0.975200928561959, 1.0283278788208683, 0.8313059721948421, 0.9196007653684095, 0.9746121439083827, 0.9627113248865236, 1.036390908217466, 0.9522399525887671, 0.9219933576405099, 0.9784894097193112, 0.9734865539657709, 0.9933291850571645, 0.9454327360418443, 0.9459643077637375, 0.8075442710908394, 0.9141345972974835, 0.8205888743273704, 1.0153613207824472, 1.0267095199657748, 0.9220628698661693, 0.9961736278032312]},