{"name": "2021-06-01_08-46-26_lossweights120_3", "configs": {"pop_size": 100, "mutation_rate": 0.01, "emb_layers": ["layer_1_act", "layer_2_act"], "recomb_layers": ["layer_1_linear", "layer_2_linear", "output"], "epochs": 1, "loss_weights": [1, 2, 0]}, "results": {"fitness": {"averages": [0.5585983910569966, 0.4751670233210817, 0.4126054697227396, 0.3430057695849942, 0.33153483418637836, 0.332850945421441, 0.26862610896246986, 0.2509206750743663, 0.3227108441589692, 0.3231891551925939, 0.2809000674731726, 0.29412028976622684, 0.2749139604977449, 0.3482912080603404, 0.22222062070196283, 0.23761777838043432, 0.2967132216871286, 0.3868483556281464, 0.38249697400739807, 0.2881276640892865, 0.353293467392535, 0.3564294020324377, 0.39536851283074, 0.41368134715197696, 0.503427946820577, 0.32002477598788365, 0.31614240446629305, 0.4841071556781664, 0.522725683004922, 0.5180664839143235, 0.49949364672804897, 0.5131759361308114, 0.349891069819125, 0.4831579157887663, 0.36383613594624964, 0.47688024983451865, 0.5091972846887934, 0.5681019922867101, 0.43801063191566825, 0.6174744258512688, 0.5928486844705588, 0.628609301129229, 0.5871004259055055, 0.6486297437327481, 0.6019438948940516, 0.6603365167627557, 0.6373195572427598, 0.5226770274744326, 0.5078177179658694, 0.6575697722953309, 0.6535616100452869, 0.6567228061310507, 0.6341981287111106, 0.6082829631239127, 0.6290054027050465, 0.6190476603091022, 0.6735224143630323, 0.6827854833231787, 0.644787048268753, 0.5451130249980204, 0.6795641311717011, 0.6281501496458455, 0.6401693810399675, 0.5848029637211272, 0.5147425004430307, 0.6951153989987415, 0.6490855351459289, 0.7448377864169633, 0.6149345998814721, 0.6607825139339798, 0.5425989199888004, 0.6736933781019775, 0.7561341200121864, 0.6150203586583054, 0.66551171038145, 0.6714013574208684, 0.7394981553844131, 0.6361888428120296, 0.5914913423071329, 0.7215319124349213, 0.6887099495774904, 0.6682913190392391, 0.709517640859111, 0.5807736098080291, 0.6251315627666787, 0.6171386412389546, 0.6263309382962676, 0.755360441238538, 0.6699883061829313, 0.6844765475673097, 0.629163274641179, 0.7446428876891779, 0.6149815045606054, 0.6719848709698586, 0.6247632629048759, 0.6247242333057396, 0.582327021640946, 0.6830395926950474, 0.6973262129548113, 0.6585983299851282, 0.7156162884528249], "best": [0.8872050528573977, 0.9365316211237164, 0.8811227437111345, 0.8458840787519567, 0.8133255144282284, 0.8461261173011925, 0.8571137601357494, 0.8066952538940148, 0.7478922215570395, 0.7911748237197236, 0.7019353891303959, 0.7909989034143168, 0.7929395377427048, 0.8077179507279777, 0.7195527073007567, 0.6890136563069493, 0.6449340025351491, 0.7055349401657283, 0.6492438302338663, 0.6245676050363456, 0.6824315817532669, 0.7311991651003558, 0.7159601810442876, 0.7626373973319738, 0.7082484172371666, 0.6985692660706172, 0.6699026693693124, 0.7648731006133611, 0.759531655732371, 0.784327314668603, 0.7582836319160325, 0.7129796981630991, 0.6206430251379537, 0.7080912958367355, 0.6531993282206767, 0.6693665600436374, 0.7091675740733422, 0.7243597196588134, 0.6533850517044912, 0.7596220150490018, 0.74636206413081, 0.7272650913392809, 0.7107686549256212, 0.770023332456174, 0.7122365602415849, 0.7396855354668458, 0.7258256676205225, 0.6763940113159574, 0.6129979214452596, 0.7715472787067617, 0.7739385566907699, 0.7936982143625575, 0.7555936522644414, 0.7026495490512885, 0.716504151338994, 0.7298654962003172, 0.7503272504622298, 0.778723245484675, 0.7600035528700022, 0.678666139773388, 0.7588988343946653, 0.7100886693304771, 0.7239497828858249, 0.6831146569294786, 0.633917901513286, 0.7842257310179046, 0.744187702077016, 0.8360301237494343, 0.7433221518123805, 0.7530138792452363, 0.6349990749805006, 0.773333670448907, 0.8237922249014166, 0.6972995766712746, 0.7335232156765856, 0.7197693243721623, 0.7859360133676179, 0.715940493575338, 0.6610077836600489, 0.7924339464408757, 0.7506870017219656, 0.7262580008529224, 0.7695651762194029, 0.65800516474165, 0.7071471106414744, 0.726194238361025, 0.6931216024464377, 0.8180851364157222, 0.7256102848587599, 0.7662870618997054, 0.703636905256137, 0.783889919209961, 0.6947179867964848, 0.7320320745150234, 0.7153575317253843, 0.697723786583667, 0.6761248222898211, 0.7668123155868798, 0.7758957032557618, 0.7091360748510256, 0.7803726655113397], "worst": [-0.35007939765249657, -1.2059107819497064, -0.5189864515850158, -1.083238267062867, -0.7929352399761713, -0.935205844832096, -0.8321732200852137, -0.6906462701510234, -0.9952853710485337, -0.7340536702289227, -0.5498684227252227, -0.6881116358229693, -0.6616782343522363, -0.7582154217651704, -0.6829662800265541, -0.5717761125325058, -0.5070282182040795, -0.23165947165587414, -0.4702393541493596, -0.5008199577119351, -0.5617359275257541, -0.35860683861123044, -0.40005062877375114, -0.5770849609761682, -0.34968760964452156, -0.4610289054972969, -0.43703316044933604, -0.43170117904195704, -0.14793840006566733, -0.38318193440845627, -0.2766709292905387, -0.5651552616773973, -0.5887105489050599, -0.381185805251729, -0.4351674431993958, -0.20894497989527694, -0.3555863667460879, 0.2222001373831981, -0.012481889870004592, 0.22049455024725617, -0.08874897708639723, 0.4217559116107971, 0.3561890356512782, 0.4296010611501542, 0.44712131082356155, 0.48719276067087003, 0.46555957419497684, 0.33416584505230934, 0.33469056818428833, 0.4728516902289761, 0.3856141880478252, 0.46981955404165326, 0.4551411859916645, 0.4330239893995852, 0.5071728114932865, 0.4220339411305594, 0.5487023611732262, 0.5033416494896785, 0.4371369247077647, 0.37292152609061646, 0.5640269648302746, 0.46176126001691076, 0.5139827407914976, 0.41524523317357587, 0.3594283068810016, 0.543841745436447, 0.5371071603028258, 0.6465775524221545, 0.4985667422730847, 0.48420183562699304, 0.37549453217561746, 0.4404908423900695, 0.6195832247320958, 0.46604997928575964, 0.5350569820238784, 0.5830994732998348, 0.6610963195265467, 0.4981364844238032, 0.46057480889475333, 0.6333895083631783, 0.5504954342731035, 0.5566103189919216, 0.613618125654196, 0.48774723629295713, 0.4971514308193116, 0.5412174167906002, 0.5400251923816675, 0.6663306839552724, 0.5579843626480778, 0.5458912618502672, 0.5074751462686227, 0.6851768822147911, 0.4505685984750324, 0.5821429289335326, 0.5361179690926401, 0.5615255940275419, 0.45493079903933814, 0.5342626740070088, 0.5260339120089256, 0.5893688745535499, 0.6621930698296217]}, "accuracy": {"averages": [0.7348, 0.7337, 0.7086000000000001, 0.6579999999999999, 0.6565000000000001, 0.6544, 0.6635000000000001, 0.6602000000000001, 0.6940999999999999, 0.6580000000000001, 0.6279, 0.633, 0.6074999999999999, 0.687, 0.6465999999999998, 0.6417999999999999, 0.6435, 0.7216, 0.6945, 0.6708, 0.6877, 0.6819, 0.6800999999999999, 0.7169, 0.7572999999999998, 0.6670999999999999, 0.6639999999999999, 0.7702000000000001, 0.7501000000000001, 0.7655, 0.7752, 0.7816, 0.6923, 0.7538999999999997, 0.7011999999999999, 0.7555000000000001, 0.7805999999999998, 0.8215999999999998, 0.7719, 0.8332999999999998, 0.8682000000000001, 0.823, 0.853, 0.8943000000000002, 0.7971, 0.8608000000000001, 0.8515999999999999, 0.7621999999999999, 0.7482000000000002, 0.8565999999999999, 0.8251, 0.8498, 0.8475000000000001, 0.8247, 0.8284, 0.8342, 0.8523, 0.8521, 0.8279, 0.7844000000000001, 0.8827000000000003, 0.8066999999999999, 0.8669, 0.8318999999999999, 0.7815000000000001, 0.8814, 0.8595999999999999, 0.8843000000000001, 0.8299, 0.8325, 0.8061999999999999, 0.8799000000000001, 0.9215000000000001, 0.8240999999999999, 0.8637999999999998, 0.8420999999999996, 0.8852000000000001, 0.85, 0.8490000000000001, 0.8934999999999998, 0.8778, 0.8592999999999997, 0.8553000000000001, 0.8190000000000001, 0.8219999999999998, 0.8599, 0.8543, 0.9337999999999999, 0.8634999999999999, 0.8781, 0.8553999999999999, 0.8816999999999999, 0.8304, 0.8380999999999998, 0.8364, 0.8357999999999999, 0.7948999999999999, 0.8624, 0.8869, 0.8753000000000002, 0.8694999999999999],