{"name": "2021-06-01_09-00-40_lossweights101_10", "configs": {"pop_size": 100, "mutation_rate": 0.01, "emb_layers": ["layer_1_act", "layer_2_act"], "recomb_layers": ["layer_1_linear", "layer_2_linear", "output"], "epochs": 1, "loss_weights": [1, 0, 1]}, "results": {"fitness": {"averages": [1.2266703125, 1.10614375, 1.0778468749999999, 1.02484375, 1.0686453125000002, 1.0214593749999998, 1.0395375, 1.0073609375, 0.9555953125000001, 1.0144671875, 0.9750281249999999, 0.9881249999999998, 0.988246875, 0.9090578125000001, 0.9495015625, 0.9117234374999998, 0.9702640625, 0.9341765625, 0.9746859374999999, 1.0027875000000002, 1.0270609374999997, 0.980090625, 0.9905484375000002, 1.023365625, 1.0130109374999998, 0.9797625000000001, 1.0649593750000002, 1.0387296874999998, 0.9582171874999998, 1.0382125, 0.951053125, 0.9854390625, 1.0384078125, 1.0162375, 0.9974031249999998, 1.050715625, 1.016171875, 1.0236750000000001, 1.0919937499999999, 1.0587171874999999, 1.0638187499999998, 1.0114578124999998, 0.99856875, 0.9810390625, 1.046009375, 1.025909375, 1.0465515625000001, 1.0010015625000002, 1.0595, 1.1105374999999997, 1.0726203124999998, 1.0292500000000002, 1.058509375, 1.0961578125000002, 1.004028125, 1.0572359375, 1.1360250000000003, 1.117384375, 1.0306828125, 1.095234375, 1.0679953125, 1.1139468750000001, 1.0652359375000002, 1.1481750000000002, 1.087575, 1.093575, 1.072775, 1.113275, 1.152375, 1.1635750000000002, 1.1232749999999998, 1.137575, 1.2065750000000002, 1.105375, 1.101575, 1.157575, 1.189075, 1.1529749999999999, 1.1256750000000002, 1.150175, 1.164975, 1.1472749999999998, 1.244775, 1.090175, 1.1437749999999998, 1.144575, 1.166075, 1.112575, 1.1222750000000001, 1.1692749999999998, 1.159175, 1.056375, 1.134175, 1.1337750000000002, 1.160575, 1.156075, 1.132375, 1.118375, 1.145575, 1.096475, 1.149775], "best": [1.3365624999999999, 1.30734375, 1.321875, 1.30125, 1.2818749999999999, 1.24125, 1.3318750000000001, 1.2418749999999998, 1.20390625, 1.2689062500000001, 1.301875, 1.2618749999999999, 1.2418749999999998, 1.171875, 1.211875, 1.13890625, 1.191875, 1.2189062499999999, 1.171875, 1.201875, 1.201875, 1.22890625, 1.17890625, 1.15890625, 1.2189062499999999, 1.131875, 1.231875, 1.271875, 1.191875, 1.271875, 1.171875, 1.191875, 1.2418749999999998, 1.201875, 1.151875, 1.211875, 1.151875, 1.161875, 1.2618749999999999, 1.191875, 1.201875, 1.161875, 1.141875, 1.171875, 1.211875, 1.211875, 1.161875, 1.181875, 1.2418749999999998, 1.2418749999999998, 1.211875, 1.181875, 1.201875, 1.231875, 1.141875, 1.211875, 1.2418749999999998, 1.231875, 1.201875, 1.231875, 1.151875, 1.201875, 1.161875, 1.2818749999999999, 1.211875, 1.191875, 1.151875, 1.191875, 1.291875, 1.301875, 1.271875, 1.221875, 1.3118750000000001, 1.251875, 1.231875, 1.271875, 1.3118750000000001, 1.291875, 1.231875, 1.271875, 1.3118750000000001, 1.2618749999999999, 1.3318750000000001, 1.171875, 1.231875, 1.271875, 1.2618749999999999, 1.201875, 1.191875, 1.2418749999999998, 1.231875, 1.121875, 1.221875, 1.221875, 1.251875, 1.221875, 1.191875, 1.221875, 1.2618749999999999, 1.171875, 1.251875], "worst": [0.99765625, 0.70390625, 0.360625, 0.3671875, 0.5371874999999999, 0.60359375, 0.56359375, 0.55359375, 0.60625, 0.64625, 0.61921875, 0.56921875, 0.58921875, 0.55515625, 0.58515625, 0.59390625, 0.60625, 0.55625, 0.61890625, 0.74390625, 0.77390625, 0.6839062499999999, 0.70390625, 0.7889062499999999, 0.76890625, 0.69390625, 0.8089062499999999, 0.71390625, 0.65390625, 0.77984375, 0.6989062500000001, 0.73890625, 0.761875, 0.76890625, 0.8089062499999999, 0.88984375, 0.74890625, 0.69984375, 0.90890625, 0.83890625, 0.84890625, 0.76890625, 0.74890625, 0.73890625, 0.8089062499999999, 0.77890625, 0.81984375, 0.77890625, 0.79984375, 0.83984375, 0.78984375, 0.77890625, 0.7698437499999999, 0.78984375, 0.70984375, 0.77984375, 0.81984375, 0.71984375, 0.73984375, 0.86984375, 0.77984375, 0.84984375, 0.80984375, 1.011875, 0.981875, 0.9918750000000001, 0.971875, 1.021875, 1.021875, 1.021875, 0.971875, 1.0318749999999999, 1.0318749999999999, 0.951875, 0.951875, 1.021875, 1.0318749999999999, 0.9918750000000001, 1.021875, 1.001875, 1.051875, 1.051875, 1.121875, 1.021875, 1.0618750000000001, 1.021875, 1.081875, 0.981875, 1.011875, 1.101875, 1.081875, 0.981875, 1.001875, 1.041875, 1.071875, 1.071875, 1.091875, 1.0318749999999999, 1.0618750000000001, 1.011875, 1.041875]}, "accuracy": {"averages": [0.7820999999999999, 0.6688, 0.6448, 0.56, 0.5747, 0.5206, 0.5586000000000001, 0.5174, 0.43290000000000006, 0.5031, 0.48369999999999996, 0.49, 0.4402, 0.3697999999999999, 0.38040000000000007, 0.33520000000000005, 0.3821, 0.3282, 0.3690999999999999, 0.4106000000000001, 0.4521, 0.38720000000000004, 0.3784, 0.4111, 0.3943, 0.3632, 0.45660000000000006, 0.43080000000000007, 0.3606, 0.4429, 0.34909999999999997, 0.37290000000000006, 0.4403999999999999, 0.4228, 0.40169999999999995, 0.44720000000000004, 0.425, 0.4268, 0.48340000000000005, 0.4436, 0.4421, 0.38470000000000004, 0.3881, 0.3735, 0.4489, 0.4213, 0.4437, 0.4019, 0.4645, 0.4996000000000001, 0.46929999999999994, 0.4305000000000001, 0.4539000000000001, 0.4844, 0.38769999999999993, 0.42040000000000005, 0.4904, 0.4659, 0.3758000000000001, 0.44, 0.4103, 0.46340000000000003, 0.4059, 0.47629999999999995, 0.4157, 0.4217, 0.4009000000000001, 0.4414, 0.48050000000000004, 0.4917, 0.4513999999999999, 0.4657, 0.5347000000000001, 0.4335, 0.42969999999999997, 0.4856999999999999, 0.5172, 0.48109999999999997, 0.45380000000000004, 0.47830000000000006, 0.49309999999999987, 0.47540000000000004, 0.5729000000000001, 0.4183, 0.4719, 0.4727, 0.49420000000000003, 0.4407000000000001, 0.4504000000000001, 0.49740000000000006, 0.48729999999999996, 0.3845, 0.4623, 0.46190000000000014, 0.4886999999999999, 0.4842, 0.46049999999999996, 0.44650000000000006, 0.47369999999999995, 0.42460000000000003, 0.4779], "best": [0.91, 0.88, 0.95, 0.88, 0.91, 0.88, 0.91, 0.88, 0.84, 0.89, 0.88, 0.88, 0.81, 0.85, 0.88, 0.86, 0.84, 0.88, 0.86, 0.86, 0.84, 0.87, 0.81, 0.81, 0.84, 0.74, 0.78, 0.82, 0.73, 0.86, 0.73, 0.76, 0.78, 0.76, 0.76, 0.72, 0.72, 0.78, 0.76, 0.78, 0.7, 0.75, 0.73, 0.72, 0.74, 0.71, 0.73, 0.61, 0.77, 0.82, 0.76, 0.69, 0.77, 0.76, 0.75, 0.73, 0.81, 0.78, 0.7, 0.66, 0.74, 0.77, 0.72, 0.61, 0.54, 0.52, 0.48, 0.52, 0.62, 0.63, 0.6, 0.55, 0.64, 0.58, 0.56, 0.6, 0.64, 0.62, 0.56, 0.6, 0.64, 0.59, 0.66, 0.5, 0.56, 0.6, 0.59, 0.53, 0.52, 0.57, 0.56, 0.45, 0.55, 0.55, 0.58, 0.55, 0.52, 0.55, 0.59, 0.5, 0.58], "worst": [0.48, 0.16, 0.14, 0.13, 0.14, 0.17, 0.1, 0.11, 0.07, 0.15, 0.12, 0.11, 0.14, 0.07, 0.09, 0.09, 0.05, 0.07, 0.09, 0.09, 0.11, 0.09, 0.04, 0.1, 0.15, 0.09, 0.23, 0.11, 0.15, 0.18, 0.14, 0.15, 0.09, 0.1, 0.17, 0.23, 0.15, 0.08, 0.23, 0.2, 0.25, 0.22, 0.16, 0.17, 0.24, 0.21, 0.23, 0.26, 0.19, 0.25, 0.2, 0.2, 0.18, 0.2, 0.12, 0.19, 0.23, 0.13, 0.15, 0.28, 0.19, 0.26, 0.22, 0.34, 0.31, 0.32, 0.3, 0.35, 0.35, 0.35, 0.3, 0.36, 0.36, 0.28, 0.28, 0.35, 0.36, 0.32, 0.35, 0.33, 0.38, 0.38, 0.45, 0.35, 0.39, 0.35, 0.41, 0.31, 0.34, 0.43, 0.41, 0.31, 0.33, 0.37, 0.4, 0.4, 0.42, 0.36, 0.39, 0.34, 0.37]},