{"name": "2021-06-01_08-57-53_lossweights120_6", "configs": {"pop_size": 100, "mutation_rate": 0.01, "emb_layers": ["layer_1_act", "layer_2_act"], "recomb_layers": ["layer_1_linear", "layer_2_linear", "output"], "epochs": 1, "loss_weights": [1, 2, 0]}, "results": {"fitness": {"averages": [0.5699778900859771, 0.3462936502446821, 0.3626786380068594, 0.3340603064641897, 0.27815310030389534, 0.3720868754427564, 0.31723871521762237, 0.3147903727754519, 0.25224513208566857, 0.3833959600668896, 0.31738388015888064, 0.3596618441949469, 0.28842881963954875, 0.40742883643562683, 0.41106355108858006, 0.4806978173181518, 0.31316098786298396, 0.42660565192599625, 0.49646504888302706, 0.5109738313935598, 0.5415680619718994, 0.5789060972760529, 0.5937281699052442, 0.6239980335308476, 0.5648124979489029, 0.6146476110783741, 0.6028324785618316, 0.6373680707353989, 0.6286588514741035, 0.6781735745280295, 0.6713091358505926, 0.6343514226306026, 0.6874616313262563, 0.6988559173472343, 0.6841982289458848, 0.7098607466448155, 0.7788816806366289, 0.696968965781091, 0.6614089309831336, 0.6867558772103574, 0.6870715458863066, 0.7092532512142113, 0.7408388055353538, 0.73185229239244, 0.7334014347289838, 0.7296546680947725, 0.7379822765503596, 0.708370986038647, 0.7698242964124007, 0.7216530273720013, 0.6823165529438794, 0.7133140946414761, 0.727884728856655, 0.6272102363012119, 0.7817415172163754, 0.7743486789500048, 0.7525708425809512, 0.7798291630295866, 0.7524108412971552, 0.7197561589278432, 0.6988748596401235, 0.7544900577373371, 0.7160842281387312, 0.7334812682956854, 0.7707184597097484, 0.7570869399626382, 0.7056081406982989, 0.7255240919385412, 0.683502629574317, 0.7534846114615621, 0.6580782996117885, 0.7704206685237893, 0.7458299543010025, 0.7379304658832888, 0.8050550384798129, 0.7412073354071326, 0.7868501637521439, 0.7457789021032712, 0.757654863390826, 0.6907288423781875, 0.7746974911055194, 0.7557871025076078, 0.7077979004086978, 0.7573501629741837, 0.7678751384056071, 0.7404604537522035, 0.7379051212912777, 0.7629857750592159, 0.7297376282729554, 0.7899187238434857, 0.7493950079527305, 0.774712524146534, 0.7347757277415891, 0.6908576990645598, 0.7819864864412532, 0.829104528789914, 0.7402214896778123, 0.7491095503772268, 0.728143069383985, 0.7410094889034567, 0.8235455216311424], "best": [0.8999999640683883, 0.8872550322544122, 0.8702049512072387, 0.8877917411331951, 0.8942490089281652, 0.8236318751219945, 0.8258703392983842, 0.8497631492403199, 0.8088016428889441, 0.8392776619679265, 0.7774360328990453, 0.7512378356797825, 0.8051923301824836, 0.806062727879095, 0.8036529721478725, 0.791004172434782, 0.7215964417232321, 0.7860937121701168, 0.8393415759253398, 0.8524397792597036, 0.8030236467949917, 0.8056452051000432, 0.819282624784671, 0.805968210329264, 0.7973732993729955, 0.8032077094298229, 0.7995457789757763, 0.8153680923911611, 0.7718855779689009, 0.8115305404641113, 0.8052988444372033, 0.7803442831688399, 0.8064489968340998, 0.8091042514179294, 0.7975478933327969, 0.7965101098811717, 0.8433654230425146, 0.8097687640280224, 0.7663297513819166, 0.8021445631260999, 0.8010405054673837, 0.8066833681506033, 0.8066937328073631, 0.862876915480613, 0.8267178185807529, 0.8182302650582804, 0.8458663167313446, 0.8087588143138642, 0.8959377301677899, 0.8214554492103515, 0.7820884834415925, 0.8076546667715383, 0.8229685472348172, 0.7593539033417337, 0.8890283411229011, 0.8399231008560262, 0.8391619538985053, 0.8695330195230602, 0.8619733045958017, 0.803971116702551, 0.789185981940494, 0.8509668181649033, 0.805843201947802, 0.8126465025807619, 0.8602390510531003, 0.8368301237435489, 0.7838037379776908, 0.8066198101288343, 0.7835980299555052, 0.8443446795874034, 0.7442550540010607, 0.8380151841513352, 0.8522739641898474, 0.8337144500142718, 0.8965821363787121, 0.8102003875838072, 0.8751002271807795, 0.8271796843887088, 0.8400005923706262, 0.7592197402003609, 0.8350695441331009, 0.8217113161406085, 0.8018287979730431, 0.8124438201623942, 0.8385705816425156, 0.7981848589749432, 0.814008140420734, 0.8213035196284586, 0.7997297069784751, 0.8404580631284964, 0.8007551588588795, 0.8526944365935326, 0.8031547442440239, 0.7562887406652153, 0.8433940264401225, 0.8721009998726542, 0.7840990685136912, 0.8350318238994117, 0.7970996837438875, 0.8094393143459121, 0.891855723663089], "worst": [-0.3207523190464856, -1.1299850571227317, -1.014198741446827, -1.0461978723102319, -1.2143983203823505, -0.6288051610927987, -0.9298477946616465, -0.7884564014027842, -0.9982169477634729, -0.6143270997521856, -0.7887764760875503, -0.5481865702450011, -0.857413005913629, -1.0071320385425202, -0.9368811950665947, -0.3994258660391757, -0.45694580444355465, -0.495256232972253, -0.44739890994486886, -0.16972624520038293, -0.06152368858648327, -0.2554701432607713, -0.2848649595390323, -0.06813588899880979, -0.11648812834454236, -0.34205725052469405, 0.3472402926763709, 0.37776523481843255, 0.37644903460379003, 0.5283591919347648, 0.07690259648831166, 0.4393929121051786, 0.48811529570978757, 0.4968188348610949, 0.4328748073582521, 0.561354520530786, 0.6495266551912499, 0.5068419943009479, 0.39560702681569504, 0.44368197506942403, 0.5285016976535337, 0.5034686093852454, 0.6155585543388022, 0.5751651010448517, 0.5581289488673865, 0.6144647139539521, 0.5048749913780826, 0.5833679771934931, 0.47420613327910804, 0.562437524633191, 0.5743580477946545, 0.6089056072984577, 0.3800647775085973, 0.4832157500427564, 0.6750614330098617, 0.536779339025765, 0.6384275969960879, 0.6627212515199239, 0.5667381117527697, 0.6213745629771221, 0.5689633801220282, 0.5977102988149591, 0.5925096443412332, 0.589187943367522, 0.654485326584612, 0.6423269540239649, 0.5408383719769634, 0.619226175039236, 0.5374191125002221, 0.5473369745043681, 0.4778825390356224, 0.573184700438045, 0.5997857147779968, 0.5398250426508185, 0.6581698111889815, 0.6407732480173274, 0.6619066530751272, 0.6120765128387681, 0.6373089544175521, 0.5609075031485584, 0.7017984791704286, 0.6514542284740167, 0.5591871865257044, 0.6408496654631631, 0.6596715305073577, 0.6015127752011757, 0.6477964786123726, 0.6239166418695198, 0.5795688747667014, 0.7065280063996593, 0.6570300037047566, 0.6960051171739837, 0.5953548769588669, 0.6111413262139811, 0.6949836900343176, 0.7555842362624303, 0.6741069648251812, 0.6310460424953626, 0.6346158699474264, 0.6468888422961552, 0.6642584373170526]}, "accuracy": {"averages": [0.7644, 0.6673, 0.6611999999999999, 0.6705, 0.6516, 0.6830999999999999, 0.69, 0.6794, 0.6418, 0.6868000000000001, 0.6874000000000001, 0.6626000000000001, 0.6516000000000001, 0.6932, 0.7205000000000001, 0.7222000000000002, 0.6347, 0.7212000000000001, 0.7562000000000001, 0.7291999999999998, 0.7453000000000002, 0.7855999999999999, 0.7994, 0.8007, 0.7717000000000002, 0.7703, 0.7855, 0.7795000000000001, 0.8060999999999998, 0.8286000000000001, 0.8305, 0.8067, 0.8027999999999998, 0.8469000000000001, 0.8219, 0.8586, 0.8739, 0.8503999999999999, 0.8119999999999998, 0.8314, 0.8345999999999999, 0.8233, 0.8512999999999998, 0.8595999999999997, 0.8532999999999998, 0.8395, 0.8609, 0.8181999999999999, 0.8758000000000001, 0.84, 0.7889, 0.8414999999999999, 0.8917999999999999, 0.7784, 0.8763999999999998, 0.8775000000000002, 0.8564999999999999, 0.8775999999999999, 0.8798, 0.8546, 0.8082, 0.8635, 0.8360999999999997, 0.8630000000000001, 0.8716000000000003, 0.8552000000000001, 0.8126000000000001, 0.8730999999999999, 0.8287, 0.8724, 0.8022000000000001, 0.8755, 0.8746, 0.8640000000000001, 0.8991, 0.8609, 0.8905, 0.863, 0.8590000000000001, 0.8351000000000001, 0.8573000000000001, 0.8608, 0.8162, 0.8615999999999999, 0.8658999999999999, 0.8630999999999999, 0.8454999999999999, 0.8549, 0.8278, 0.8725000000000002, 0.8437999999999998, 0.8712000000000001, 0.8269, 0.8303999999999999, 0.875, 0.9112, 0.8401, 0.8515, 0.8188000000000001, 0.8553999999999999, 0.9243000000000001],