{"name": "2021-06-01_lossweights001_7", "configs": {"pop_size": 100, "mutation_rate": 0.01, "emb_layers": ["layer_1_act", "layer_2_act"], "recomb_layers": ["layer_1_linear", "layer_2_linear", "output"], "epochs": 1, "loss_weights": [0, 0, 1]}, "results": {"fitness": {"averages": [0.4445703125, 0.515390625, 0.5161328125, 0.5375390625, 0.529921875, 0.5652734375, 0.601015625, 0.6245703125, 0.65609375, 0.653125, 0.671796875, 0.6841015625, 0.700703125, 0.7037890625, 0.7140625, 0.7180859375, 0.7245703125, 0.7354296875, 0.7379296875, 0.7387109375, 0.74046875, 0.7395703125, 0.743828125, 0.7443359375, 0.748125, 0.7537109375, 0.7571875, 0.759375, 0.75796875, 0.7608203125, 0.757421875, 0.7620703125, 0.76046875, 0.763828125, 0.7661328125, 0.768671875, 0.768984375, 0.767734375, 0.77109375, 0.773671875, 0.775, 0.7768359375, 0.7768359375, 0.77734375, 0.77734375, 0.77734375, 0.77734375, 0.77734375, 0.77734375, 0.77734375, 0.77734375, 0.77734375, 0.77734375, 0.77734375, 0.77734375, 0.77734375, 0.77734375, 0.77734375, 0.77734375, 0.77734375, 0.77734375, 0.77734375, 0.77734375, 0.77734375, 0.77734375, 0.77734375, 0.77734375, 0.77734375, 0.77734375, 0.77734375, 0.77734375, 0.77734375, 0.77734375, 0.77734375, 0.77734375, 0.77734375, 0.77734375, 0.77734375, 0.77734375, 0.77734375, 0.77734375, 0.77734375, 0.77734375, 0.77734375, 0.77734375, 0.77734375, 0.77734375, 0.77734375, 0.77734375, 0.77734375, 0.77734375, 0.77734375, 0.77734375, 0.77734375, 0.77734375, 0.77734375, 0.77734375, 0.77734375, 0.77734375, 0.77734375, 0.77734375], "best": [0.79296875, 0.79296875, 0.79296875, 0.79296875, 0.77734375, 0.77734375, 0.77734375, 0.77734375, 0.77734375, 0.77734375, 0.77734375, 0.77734375, 0.77734375, 0.77734375, 0.77734375, 0.77734375, 0.77734375, 0.77734375, 0.77734375, 0.77734375, 0.77734375, 0.77734375, 0.77734375, 0.77734375, 0.77734375, 0.77734375, 0.77734375, 0.77734375, 0.77734375, 0.77734375, 0.77734375, 0.77734375, 0.77734375, 0.77734375, 0.77734375, 0.77734375, 0.77734375, 0.77734375, 0.77734375, 0.77734375, 0.77734375, 0.77734375, 0.77734375, 0.77734375, 0.77734375, 0.77734375, 0.77734375, 0.77734375, 0.77734375, 0.77734375, 0.77734375, 0.77734375, 0.77734375, 0.77734375, 0.77734375, 0.77734375, 0.77734375, 0.77734375, 0.77734375, 0.77734375, 0.77734375, 0.77734375, 0.77734375, 0.77734375, 0.77734375, 0.77734375, 0.77734375, 0.77734375, 0.77734375, 0.77734375, 0.77734375, 0.77734375, 0.77734375, 0.77734375, 0.77734375, 0.77734375, 0.77734375, 0.77734375, 0.77734375, 0.77734375, 0.77734375, 0.77734375, 0.77734375, 0.77734375, 0.77734375, 0.77734375, 0.77734375, 0.77734375, 0.77734375, 0.77734375, 0.77734375, 0.77734375, 0.77734375, 0.77734375, 0.77734375, 0.77734375, 0.77734375, 0.77734375, 0.77734375, 0.77734375, 0.77734375], "worst": [0.09765625, 0.11328125, 0.11328125, 0.11328125, 0.1875, 0.1875, 0.1875, 0.1875, 0.30078125, 0.30078125, 0.3515625, 0.3515625, 0.5390625, 0.5390625, 0.5390625, 0.58984375, 0.58984375, 0.58984375, 0.58984375, 0.65234375, 0.65234375, 0.65234375, 0.65234375, 0.65234375, 0.65234375, 0.65234375, 0.65234375, 0.69921875, 0.69921875, 0.69921875, 0.69921875, 0.69921875, 0.69921875, 0.69921875, 0.69921875, 0.69921875, 0.69921875, 0.69921875, 0.69921875, 0.69921875, 0.7265625, 0.7265625, 0.7265625, 0.77734375, 0.77734375, 0.77734375, 0.77734375, 0.77734375, 0.77734375, 0.77734375, 0.77734375, 0.77734375, 0.77734375, 0.77734375, 0.77734375, 0.77734375, 0.77734375, 0.77734375, 0.77734375, 0.77734375, 0.77734375, 0.77734375, 0.77734375, 0.77734375, 0.77734375, 0.77734375, 0.77734375, 0.77734375, 0.77734375, 0.77734375, 0.77734375, 0.77734375, 0.77734375, 0.77734375, 0.77734375, 0.77734375, 0.77734375, 0.77734375, 0.77734375, 0.77734375, 0.77734375, 0.77734375, 0.77734375, 0.77734375, 0.77734375, 0.77734375, 0.77734375, 0.77734375, 0.77734375, 0.77734375, 0.77734375, 0.77734375, 0.77734375, 0.77734375, 0.77734375, 0.77734375, 0.77734375, 0.77734375, 0.77734375, 0.77734375, 0.77734375]}, "accuracy": {"averages": [0.7473000000000001, 0.6395000000000001, 0.5972, 0.4832, 0.46179999999999993, 0.37620000000000003, 0.43729999999999997, 0.3335, 0.32730000000000004, 0.2951, 0.23639999999999997, 0.2241, 0.2311, 0.26890000000000003, 0.2644, 0.2343, 0.24710000000000001, 0.23689999999999997, 0.2304, 0.278, 0.20929999999999999, 0.2619, 0.22510000000000002, 0.22540000000000002, 0.2158, 0.2451, 0.24170000000000008, 0.22089999999999999, 0.25830000000000003, 0.22989999999999994, 0.22970000000000002, 0.2413, 0.29100000000000004, 0.1801, 0.21489999999999998, 0.22889999999999996, 0.2954, 0.27310000000000006, 0.1934, 0.2175, 0.24920000000000006, 0.21409999999999996, 0.2076, 0.25849999999999995, 0.19390000000000002, 0.19140000000000001, 0.27330000000000004, 0.19849999999999998, 0.23929999999999998, 0.1937, 0.21530000000000002, 0.2303, 0.2214, 0.19340000000000004, 0.1752, 0.20660000000000003, 0.1495, 0.19029999999999997, 0.1539, 0.1979, 0.20740000000000003, 0.15619999999999998, 0.15639999999999998, 0.20329999999999998, 0.20829999999999996, 0.18630000000000002, 0.1972, 0.21849999999999997, 0.17700000000000002, 0.23499999999999996, 0.128, 0.22450000000000003, 0.22399999999999998, 0.2903, 0.15899999999999997, 0.1968, 0.1689, 0.23020000000000004, 0.1932, 0.18000000000000005, 0.17820000000000003, 0.2228, 0.20660000000000003, 0.17380000000000004, 0.18589999999999995, 0.15739999999999998, 0.18259999999999998, 0.1875, 0.16330000000000003, 0.2628, 0.17379999999999998, 0.1523, 0.2262, 0.1986, 0.2298, 0.2328, 0.23439999999999997, 0.14240000000000003, 0.23, 0.20670000000000002, 0.18170000000000003], "best": [0.9, 0.92, 0.96, 0.89, 0.87, 0.83, 0.82, 0.82, 0.71, 0.68, 0.62, 0.7, 0.71, 0.7, 0.58, 0.55, 0.53, 0.52, 0.42, 0.51, 0.43, 0.47, 0.39, 0.47, 0.39, 0.44, 0.46, 0.41, 0.38, 0.43, 0.38, 0.39, 0.46, 0.32, 0.41, 0.4, 0.54, 0.46, 0.39, 0.41, 0.4, 0.37, 0.37, 0.43, 0.35, 0.35, 0.45, 0.32, 0.37, 0.34, 0.39, 0.4, 0.39, 0.35, 0.42, 0.35, 0.29, 0.32, 0.29, 0.34, 0.38, 0.31, 0.35, 0.44, 0.36, 0.35, 0.35, 0.37, 0.29, 0.35, 0.23, 0.36, 0.39, 0.43, 0.24, 0.27, 0.26, 0.4, 0.3, 0.3, 0.31, 0.35, 0.39, 0.29, 0.32, 0.3, 0.29, 0.31, 0.27, 0.46, 0.31, 0.26, 0.42, 0.36, 0.34, 0.36, 0.32, 0.23, 0.3, 0.32, 0.31], "worst": [0.43, 0.1, 0.05, 0.08, 0.0, 0.03, 0.14, 0.05, 0.05, 0.01, 0.02, 0.03, 0.04, 0.09, 0.02, 0.09, 0.04, 0.1, 0.05, 0.1, 0.01, 0.04, 0.03, 0.06, 0.08, 0.09, 0.07, 0.07, 0.13, 0.07, 0.09, 0.07, 0.12, 0.08, 0.07, 0.11, 0.12, 0.11, 0.07, 0.08, 0.12, 0.08, 0.12, 0.12, 0.09, 0.06, 0.1, 0.02, 0.07, 0.07, 0.12, 0.11, 0.12, 0.07, 0.05, 0.11, 0.07, 0.07, 0.05, 0.09, 0.09, 0.07, 0.04, 0.06, 0.08, 0.08, 0.1, 0.12, 0.06, 0.11, 0.07, 0.13, 0.08, 0.14, 0.07, 0.08, 0.08, 0.12, 0.1, 0.09, 0.07, 0.09, 0.07, 0.07, 0.08, 0.08, 0.08, 0.1, 0.04, 0.09, 0.07, 0.04, 0.09, 0.07, 0.08, 0.14, 0.1, 0.06, 0.12, 0.11, 0.08]},