{"name": "2021-06-01_lossweights100_5", "configs": {"pop_size": 100, "mutation_rate": 0.01, "emb_layers": ["layer_1_act", "layer_2_act"], "recomb_layers": ["layer_1_linear", "layer_2_linear", "output"], "epochs": 1, "loss_weights": [1, 0, 0]}, "results": {"fitness": {"averages": [0.7292000000000001, 0.6549, 0.6422000000000001, 0.5804, 0.6489999999999999, 0.6584, 0.6586, 0.6342, 0.6165999999999999, 0.6028, 0.6478, 0.5756, 0.6776000000000002, 0.6568999999999999, 0.6354, 0.6454, 0.6073999999999999, 0.6089, 0.6312000000000001, 0.6634, 0.6603, 0.6773999999999998, 0.6875, 0.7561, 0.7206000000000001, 0.714, 0.7550000000000001, 0.6758, 0.7735, 0.7476999999999999, 0.7875, 0.7921, 0.7719000000000001, 0.7732000000000001, 0.8386, 0.8349000000000001, 0.7602, 0.709, 0.8425999999999999, 0.8086, 0.7859999999999999, 0.7761999999999999, 0.8227999999999999, 0.7842999999999999, 0.8236, 0.7940999999999997, 0.8445, 0.7848, 0.7720000000000001, 0.7972999999999998, 0.8714, 0.7992999999999999, 0.7877000000000001, 0.8302999999999998, 0.8133, 0.7774, 0.8163000000000001, 0.7832999999999999, 0.8236000000000001, 0.8198000000000001, 0.8632, 0.8140999999999999, 0.8392000000000001, 0.8445999999999999, 0.8214, 0.7691999999999999, 0.8302999999999998, 0.8637, 0.8434999999999999, 0.8281000000000001, 0.7680999999999998, 0.7985000000000001, 0.7753999999999999, 0.8026000000000001, 0.8117, 0.8417999999999999, 0.8003999999999999, 0.862, 0.8151, 0.7777000000000001, 0.8025, 0.7938999999999998, 0.7862, 0.8208, 0.8076000000000001, 0.797, 0.7667999999999998, 0.7561, 0.7707000000000002, 0.8212000000000002, 0.8553000000000002, 0.8066000000000001, 0.7649999999999999, 0.7911999999999999, 0.7847999999999999, 0.7639000000000001, 0.8452, 0.8075999999999999, 0.7958, 0.8508000000000001, 0.8453999999999999], "best": [0.89, 0.88, 0.89, 0.92, 0.96, 0.9, 0.9, 0.89, 0.86, 0.86, 0.89, 0.85, 0.88, 0.88, 0.84, 0.85, 0.86, 0.84, 0.88, 0.85, 0.84, 0.84, 0.85, 0.91, 0.9, 0.88, 0.91, 0.83, 0.92, 0.87, 0.87, 0.92, 0.87, 0.85, 0.92, 0.92, 0.82, 0.81, 0.93, 0.88, 0.9, 0.88, 0.92, 0.89, 0.92, 0.9, 0.92, 0.85, 0.87, 0.86, 0.94, 0.9, 0.91, 0.91, 0.88, 0.86, 0.9, 0.87, 0.93, 0.89, 0.93, 0.9, 0.91, 0.93, 0.91, 0.82, 0.88, 0.91, 0.92, 0.89, 0.84, 0.89, 0.85, 0.86, 0.89, 0.9, 0.87, 0.91, 0.88, 0.83, 0.87, 0.87, 0.87, 0.89, 0.88, 0.87, 0.82, 0.82, 0.83, 0.9, 0.93, 0.85, 0.82, 0.87, 0.88, 0.84, 0.92, 0.9, 0.87, 0.93, 0.9], "worst": [0.42, 0.08, 0.1, 0.06, 0.02, 0.05, 0.18, 0.1, 0.12, 0.12, 0.13, 0.08, 0.1, 0.12, 0.17, 0.21, 0.09, 0.09, 0.1, 0.16, 0.18, 0.1, 0.09, 0.09, 0.14, 0.11, 0.13, 0.09, 0.16, 0.4, 0.46, 0.39, 0.58, 0.49, 0.49, 0.64, 0.65, 0.56, 0.74, 0.71, 0.62, 0.6, 0.67, 0.62, 0.67, 0.59, 0.74, 0.68, 0.66, 0.68, 0.69, 0.69, 0.67, 0.75, 0.72, 0.68, 0.58, 0.66, 0.7, 0.71, 0.74, 0.71, 0.76, 0.71, 0.7, 0.7, 0.73, 0.78, 0.7, 0.73, 0.68, 0.68, 0.67, 0.74, 0.7, 0.75, 0.7, 0.77, 0.75, 0.72, 0.72, 0.69, 0.68, 0.73, 0.75, 0.72, 0.71, 0.67, 0.69, 0.71, 0.73, 0.73, 0.69, 0.68, 0.64, 0.68, 0.76, 0.7, 0.72, 0.76, 0.78]}, "accuracy": {"averages": [0.7292000000000001, 0.6549, 0.6422000000000001, 0.5804, 0.6489999999999999, 0.6584, 0.6586, 0.6342, 0.6165999999999999, 0.6028, 0.6478, 0.5756, 0.6776000000000002, 0.6568999999999999, 0.6354, 0.6454, 0.6073999999999999, 0.6089, 0.6312000000000001, 0.6634, 0.6603, 0.6773999999999998, 0.6875, 0.7561, 0.7206000000000001, 0.714, 0.7550000000000001, 0.6758, 0.7735, 0.7476999999999999, 0.7875, 0.7921, 0.7719000000000001, 0.7732000000000001, 0.8386, 0.8349000000000001, 0.7602, 0.709, 0.8425999999999999, 0.8086, 0.7859999999999999, 0.7761999999999999, 0.8227999999999999, 0.7842999999999999, 0.8236, 0.7940999999999997, 0.8445, 0.7848, 0.7720000000000001, 0.7972999999999998, 0.8714, 0.7992999999999999, 0.7877000000000001, 0.8302999999999998, 0.8133, 0.7774, 0.8163000000000001, 0.7832999999999999, 0.8236000000000001, 0.8198000000000001, 0.8632, 0.8140999999999999, 0.8392000000000001, 0.8445999999999999, 0.8214, 0.7691999999999999, 0.8302999999999998, 0.8637, 0.8434999999999999, 0.8281000000000001, 0.7680999999999998, 0.7985000000000001, 0.7753999999999999, 0.8026000000000001, 0.8117, 0.8417999999999999, 0.8003999999999999, 0.862, 0.8151, 0.7777000000000001, 0.8025, 0.7938999999999998, 0.7862, 0.8208, 0.8076000000000001, 0.797, 0.7667999999999998, 0.7561, 0.7707000000000002, 0.8212000000000002, 0.8553000000000002, 0.8066000000000001, 0.7649999999999999, 0.7911999999999999, 0.7847999999999999, 0.7639000000000001, 0.8452, 0.8075999999999999, 0.7958, 0.8508000000000001, 0.8453999999999999], "best": [0.89, 0.88, 0.89, 0.92, 0.96, 0.9, 0.9, 0.89, 0.86, 0.86, 0.89, 0.85, 0.88, 0.88, 0.84, 0.85, 0.86, 0.84, 0.88, 0.85, 0.84, 0.84, 0.85, 0.91, 0.9, 0.88, 0.91, 0.83, 0.92, 0.87, 0.87, 0.92, 0.87, 0.85, 0.92, 0.92, 0.82, 0.81, 0.93, 0.88, 0.9, 0.88, 0.92, 0.89, 0.92, 0.9, 0.92, 0.85, 0.87, 0.86, 0.94, 0.9, 0.91, 0.91, 0.88, 0.86, 0.9, 0.87, 0.93, 0.89, 0.93, 0.9, 0.91, 0.93, 0.91, 0.82, 0.88, 0.91, 0.92, 0.89, 0.84, 0.89, 0.85, 0.86, 0.89, 0.9, 0.87, 0.91, 0.88, 0.83, 0.87, 0.87, 0.87, 0.89, 0.88, 0.87, 0.82, 0.82, 0.83, 0.9, 0.93, 0.85, 0.82, 0.87, 0.88, 0.84, 0.92, 0.9, 0.87, 0.93, 0.9], "worst": [0.42, 0.08, 0.1, 0.06, 0.02, 0.05, 0.18, 0.1, 0.12, 0.12, 0.13, 0.08, 0.1, 0.12, 0.17, 0.21, 0.09, 0.09, 0.1, 0.16, 0.18, 0.1, 0.09, 0.09, 0.14, 0.11, 0.13, 0.09, 0.16, 0.4, 0.46, 0.39, 0.58, 0.49, 0.49, 0.64, 0.65, 0.56, 0.74, 0.71, 0.62, 0.6, 0.67, 0.62, 0.67, 0.59, 0.74, 0.68, 0.66, 0.68, 0.69, 0.69, 0.67, 0.75, 0.72, 0.68, 0.58, 0.66, 0.7, 0.71, 0.74, 0.71, 0.76, 0.71, 0.7, 0.7, 0.73, 0.78, 0.7, 0.73, 0.68, 0.68, 0.67, 0.74, 0.7, 0.75, 0.7, 0.77, 0.75, 0.72, 0.72, 0.69, 0.68, 0.73, 0.75, 0.72, 0.71, 0.67, 0.69, 0.71, 0.73, 0.73, 0.69, 0.68, 0.64, 0.68, 0.76, 0.7, 0.72, 0.76, 0.78]}, "loss": {"averages": [0.0884613455745701, 0.15797315185685384, 0.17178773922865154, 0.16658792638952463, 0.16735265856468076, 0.20510240486199904, 0.1876724690252069, 0.23012531827738755, 0.2846168728199567, 0.21707125836422672, 0.2104051470841464, 0.2232451715077607, 0.17550159420393766, 0.19549192706637641, 0.20620834711090663, 0.15142752781192667, 0.2028047505992559, 0.22460766569980828, 0.1957139931559271, 0.22390623505864327, 0.15431404858400538, 0.179030061617874, 0.19176473897264845, 0.1555282083240229, 0.18380971787791472, 0.1785558986108179, 0.1927748697494018, 0.18465303241330763, 0.13179512561921114, 0.12646331284203854, 0.14984193802991644, 0.18253545458131312, 0.12285690793931563, 0.13911168359591372, 0.1386839732659713, 0.13015364229646773, 0.12764791769212425, 0.14625224620931104, 0.09755679641589862, 0.12560980241556785, 0.12809743058935855, 0.1332766513522915, 0.1169528653355736, 0.1146359485025222, 0.11374174569350243, 0.11366124864824126, 0.10766886514770167, 0.1124639576256637, 0.11941485833030738, 0.1092010794802682, 0.10574416089668817, 0.13020059742860313, 0.12234159183696208, 0.12337085409464145, 0.10990186992487948, 0.1137150634398185, 0.10612837688696608, 0.11672563755659902, 0.12279669351306625, 0.1361562710232717, 0.10273009509383928, 0.10926849037152939, 0.09231059869966358, 0.11593415461790499, 0.0927097797587933, 0.10258361329499714, 0.09424401282981848, 0.08563721640284759, 0.11111549218180604, 0.08816610896435863, 0.1113497938859787, 0.13387710686032506, 0.1489220754855236, 0.11507392629180417, 0.10427762999743076, 0.09960533101910414, 0.11776636208608611, 0.13697541262222104, 0.13197287536685404, 0.10930507835442599, 0.10121723221214539, 0.09708700501484716, 0.12046166225050571, 0.10245238416723323, 0.10076661163606175, 0.08816665112274695, 0.09825882319865607, 0.11062576103209373, 0.12433972143867462, 0.09976122903528971, 0.1171960046332449, 0.11098509619619841, 0.1311762753643852, 0.11344743269540636, 0.13147721019056996, 0.1501071449768937, 0.11412022477528856, 0.1468048898232583, 0.09838292361496206, 0.12308640961992635, 0.10915637705779693],