{"name": "2021-06-01_08-30-55_lossweights101_1", "configs": {"pop_size": 100, "mutation_rate": 0.01, "emb_layers": ["layer_1_act", "layer_2_act"], "recomb_layers": ["layer_1_linear", "layer_2_linear", "output"], "epochs": 1, "loss_weights": [1, 0, 1]}, "results": {"fitness": {"averages": [1.1778703125, 1.0709062499999997, 1.0632203125000002, 1.0521875, 0.9960484375, 1.0354015625, 0.9921921874999998, 1.00741875, 0.9919187500000001, 0.9466296875000001, 0.949771875, 1.0074984375, 0.9844375, 1.0264625, 0.9723906250000001, 1.0477546875, 0.9851828125000002, 1.0455890625000002, 1.0699421875, 1.0133828125000002, 1.0013578125, 0.9965718750000001, 1.0294812500000001, 1.0443203125, 1.0453421875, 1.0434796875, 1.0600796875, 1.055403125, 1.0561109375000002, 1.1047703125000001, 1.10454375, 1.1453234374999999, 1.0674984375, 1.0698921874999998, 1.138584375, 1.1972437500000002, 1.142740625, 1.1381374999999998, 1.1155374999999998, 1.1020374999999998, 1.1363375000000002, 1.1290375, 1.1441374999999998, 1.1222375, 1.1301375, 1.0758375, 1.1346375, 1.1178374999999998, 1.1226375000000002, 1.1469375000000002, 1.1097375, 1.1286375000000002, 1.1654375, 1.1328375000000002, 1.0887375, 1.1733375, 1.1581375, 1.1842375, 1.1050375, 1.2219375000000001, 1.1455375, 1.1132375, 1.1633375, 1.1461375, 1.1480375, 1.1329375, 1.1718374999999999, 1.1683375, 1.1823374999999998, 1.0982375, 1.0951374999999999, 1.0752374999999998, 1.1048375, 1.2229375000000002, 1.1936375, 1.1697375, 1.1464374999999998, 1.1112375, 1.1686375, 1.1326375000000002, 1.1607375, 1.1180375, 1.1331375000000001, 1.2247375, 1.1763374999999998, 1.1195375, 1.1391374999999997, 1.1342375, 1.1408375000000002, 1.0814375, 1.1752375, 1.1374375, 1.1908375, 1.1710375, 1.1506375000000002, 1.1408375000000002, 1.1756375, 1.1948375, 1.1298375, 1.1814375, 1.1665374999999998], "best": [1.31140625, 1.334375, 1.39609375, 1.3360937499999999, 1.30609375, 1.34859375, 1.25171875, 1.29171875, 1.2778125, 1.24171875, 1.2178125, 1.27171875, 1.18171875, 1.1859375, 1.22171875, 1.27171875, 1.1517187500000001, 1.28171875, 1.2359375, 1.1659375, 1.1959374999999999, 1.1659375, 1.1759374999999999, 1.1959374999999999, 1.1759374999999999, 1.1759374999999999, 1.1578125, 1.1759374999999999, 1.1859375, 1.2259375000000001, 1.1959374999999999, 1.2659375000000002, 1.1659375, 1.1859375, 1.2359375, 1.2859375, 1.2059375, 1.2059375, 1.2159375, 1.1759374999999999, 1.1759374999999999, 1.1859375, 1.2059375, 1.1659375, 1.2159375, 1.1659375, 1.2059375, 1.1859375, 1.1559374999999998, 1.1859375, 1.1759374999999999, 1.1859375, 1.2159375, 1.2059375, 1.1359375, 1.2459375000000001, 1.2059375, 1.2259375000000001, 1.1659375, 1.2559375, 1.1959374999999999, 1.1659375, 1.1959374999999999, 1.2059375, 1.2159375, 1.1959374999999999, 1.2259375000000001, 1.2259375000000001, 1.2159375, 1.1559374999999998, 1.1559374999999998, 1.1259375, 1.1659375, 1.2459375000000001, 1.2359375, 1.2259375000000001, 1.2259375000000001, 1.1659375, 1.2359375, 1.1859375, 1.2159375, 1.1659375, 1.1859375, 1.2559375, 1.2159375, 1.1859375, 1.1959374999999999, 1.1759374999999999, 1.1759374999999999, 1.1359375, 1.2259375000000001, 1.1759374999999999, 1.2259375000000001, 1.2159375, 1.1959374999999999, 1.1759374999999999, 1.2259375000000001, 1.2259375000000001, 1.1559374999999998, 1.2159375, 1.2159375], "worst": [0.95765625, 0.3734375, 0.3934375, 0.62109375, 0.6917187499999999, 0.41375, 0.55078125, 0.74875, 0.55375, 0.5059375, 0.4859375, 0.5559375, 0.57171875, 0.73171875, 0.6159375, 0.48375, 0.73921875, 0.46328125, 0.65171875, 0.49593750000000003, 0.56375, 0.5259375, 0.5459375, 0.5659375, 0.63375, 0.69375, 0.7637499999999999, 0.73375, 0.6637500000000001, 0.69625, 0.71625, 0.46375, 0.44375, 0.59375, 0.83296875, 0.92625, 1.03625, 0.9459375, 0.9559375, 0.9459375, 1.0159375000000002, 1.0359375, 1.0059375, 0.9659375, 0.9559375, 0.8059375, 1.0459375, 1.0059375, 1.0559375, 1.0859375, 1.0559375, 1.0359375, 1.0859375, 1.0559375, 1.0259375, 1.0359375, 1.0659375, 1.1359375, 1.0159375000000002, 1.1759374999999999, 1.0859375, 1.0259375, 1.1059375, 1.0659375, 1.0459375, 1.0659375, 1.1059375, 1.0859375, 1.1359375, 1.0159375000000002, 1.0059375, 0.9959375, 1.0259375, 1.1759374999999999, 1.1259375, 1.0759375, 1.0559375, 1.0459375, 1.0759375, 1.0759375, 1.0559375, 1.0459375, 1.0659375, 1.1759374999999999, 1.1259375, 1.0459375, 1.0659375, 1.0859375, 1.0959375, 0.9959375, 1.1159375, 1.1059375, 1.1259375, 1.0859375, 1.1059375, 1.0959375, 1.1059375, 1.1059375, 1.0559375, 1.1459375, 1.1059375]}, "accuracy": {"averages": [0.7333, 0.632, 0.6274000000000001, 0.5725, 0.5039, 0.5363, 0.4927, 0.5257000000000001, 0.49269999999999997, 0.39870000000000005, 0.37359999999999993, 0.44910000000000005, 0.4134999999999999, 0.4673999999999999, 0.42199999999999993, 0.5016999999999999, 0.4278, 0.4968, 0.5517, 0.521, 0.5296000000000001, 0.5254, 0.5812, 0.5910000000000001, 0.6121, 0.6118000000000001, 0.6384000000000002, 0.6322000000000001, 0.6374, 0.6977000000000001, 0.7222, 0.7813, 0.7141, 0.7229000000000001, 0.7871000000000001, 0.8549000000000001, 0.8036000000000001, 0.8021999999999998, 0.7796, 0.7661, 0.8004000000000002, 0.7931, 0.8081999999999998, 0.7863000000000001, 0.7941999999999999, 0.7399000000000001, 0.7987000000000001, 0.7818999999999998, 0.7867000000000002, 0.811, 0.7738, 0.7927000000000001, 0.8295, 0.7969000000000002, 0.7527999999999999, 0.8373999999999999, 0.8222000000000002, 0.8482999999999998, 0.7691, 0.8860000000000001, 0.8096, 0.7773, 0.8273999999999999, 0.8101999999999999, 0.8121, 0.797, 0.8358999999999999, 0.8323999999999999, 0.8463999999999998, 0.7622999999999999, 0.7592, 0.7392999999999997, 0.7689000000000001, 0.8870000000000001, 0.8576999999999999, 0.8338, 0.8105000000000001, 0.7753, 0.8327, 0.7967000000000002, 0.8247999999999999, 0.7821000000000001, 0.7972000000000001, 0.8888000000000001, 0.8403999999999998, 0.7836000000000002, 0.8031999999999998, 0.7983, 0.8049000000000001, 0.7454999999999999, 0.8392999999999999, 0.8015000000000002, 0.8549000000000001, 0.8351000000000001, 0.8147000000000001, 0.8049000000000001, 0.8397000000000001, 0.8589, 0.7938999999999998, 0.8454999999999998, 0.8305999999999998], "best": [0.88, 0.9, 0.94, 0.93, 0.86, 0.88, 0.91, 0.88, 0.87, 0.88, 0.82, 0.88, 0.81, 0.85, 0.84, 0.88, 0.79, 0.92, 0.9, 0.83, 0.86, 0.83, 0.84, 0.86, 0.84, 0.84, 0.82, 0.84, 0.85, 0.89, 0.86, 0.93, 0.83, 0.85, 0.9, 0.95, 0.87, 0.87, 0.88, 0.84, 0.84, 0.85, 0.87, 0.83, 0.88, 0.83, 0.87, 0.85, 0.82, 0.85, 0.84, 0.85, 0.88, 0.87, 0.8, 0.91, 0.87, 0.89, 0.83, 0.92, 0.86, 0.83, 0.86, 0.87, 0.88, 0.86, 0.89, 0.89, 0.88, 0.82, 0.82, 0.79, 0.83, 0.91, 0.9, 0.89, 0.89, 0.83, 0.9, 0.85, 0.88, 0.83, 0.85, 0.92, 0.88, 0.85, 0.86, 0.84, 0.84, 0.8, 0.89, 0.84, 0.89, 0.88, 0.86, 0.84, 0.89, 0.89, 0.82, 0.88, 0.88], "worst": [0.41, 0.1, 0.09, 0.12, 0.14, 0.07, 0.18, 0.08, 0.09, 0.1, 0.03, 0.07, 0.06, 0.07, 0.05, 0.04, 0.03, 0.06, 0.03, 0.07, 0.05, 0.11, 0.13, 0.07, 0.08, 0.06, 0.12, 0.1, 0.04, 0.04, 0.06, 0.1, 0.1, 0.05, 0.04, 0.27, 0.38, 0.61, 0.62, 0.61, 0.68, 0.7, 0.67, 0.63, 0.62, 0.47, 0.71, 0.67, 0.72, 0.75, 0.72, 0.7, 0.75, 0.72, 0.69, 0.7, 0.73, 0.8, 0.68, 0.84, 0.75, 0.69, 0.77, 0.73, 0.71, 0.73, 0.77, 0.75, 0.8, 0.68, 0.67, 0.66, 0.69, 0.84, 0.79, 0.74, 0.72, 0.71, 0.74, 0.74, 0.72, 0.71, 0.73, 0.84, 0.79, 0.71, 0.73, 0.75, 0.76, 0.66, 0.78, 0.77, 0.79, 0.75, 0.77, 0.76, 0.77, 0.77, 0.72, 0.81, 0.77]},