{"name": "2021-06-01_lossweights021_5", "configs": {"pop_size": 100, "mutation_rate": 0.01, "emb_layers": ["layer_1_act", "layer_2_act"], "recomb_layers": ["layer_1_linear", "layer_2_linear", "output"], "epochs": 1, "loss_weights": [0, 2, 1]}, "results": {"fitness": {"averages": [0.22376441498774216, 0.08411578545897257, 0.08558997491057399, 0.08511684587465046, 0.0067089068972308345, 0.03647684848867769, -0.015224469189550074, 0.03253786111154109, 0.025988023807660365, 0.05069015862581094, -0.02683729925907749, -0.12024342759061316, -0.04674825021355508, -0.054974671577468506, -0.09382152560901735, 0.003335188362321987, -0.036456564993051034, -0.041814017213174216, -0.10250725125098661, -0.004760494647585903, -0.028217097145254093, -0.022263097469883864, -0.0799168227628433, -0.002606494809143006, 0.04646631546595382, -0.08856643705116016, -0.12440114957931472, -0.07232588739404414, -0.04526791309738492, -0.00010342443392053036, 0.008456566882591303, -0.016635179666887413, -0.024851181246990275, -0.01752332552689381, -0.0644458480377307, -0.042916902806285046, -0.060937943607934614, -0.04809571797422823, 0.0329872847581613, -0.06469262856145433, -0.002572690813004847, 0.00715886976388661, 0.03192470688107273, 0.0072180130494568905, -0.04886462052615971, -0.02078531649002091, 0.008722609355195062, -0.008321202646854469, 0.0080752323897895, -0.054440556688725744, -0.017265737951638514, 0.029805154212775905, 0.03369692738067063, 0.04286492290728818, 0.048878390188891785, 0.012159960916134718, 0.03981244647406528, 0.07604496760746947, -0.02961426602527868, 0.04220028576570776, 0.003367497061243894, 0.02673751319155497, 0.040041156300531434, 0.0779128150570632, 0.04247956271772786, 0.06989364621356656, -0.0010735916291418914, 0.06266588047898204, -0.0023870570108777208, 0.06310436511507317, 0.010127786875584403, 0.04371906757294283, 0.06670920972712248, -0.009729978009573835, 0.011155979435810006, 0.08670978119774976, 0.0009839096043681539, 0.04600557074073922, -0.0016686431129583875, 0.028715159241680745, -0.008967155591086599, 0.04720049772273928, 0.006840217598712963, 0.05393850646795187, 0.04698322716456489, 0.014008088736260417, 0.04170492970669446, 0.05059734021037577, 0.002469400414157191, 0.042650913785681734, 0.010491630212538993, -0.002712207425919274, 0.002323748104841245, 0.012705725096377286, 0.05836330942560615, 0.020391174247374192, 0.02979129322738516, 0.03864904401526641, 0.020799983586976975, 0.010143518685013562, 0.044382218676722894], "best": [0.3408083342894602, 0.3320828928408939, 0.35566190118311547, 0.35910703669859667, 0.3457290506947892, 0.2773136865970125, 0.2477072597495415, 0.3061705045115992, 0.2689716557166759, 0.26096576311762976, 0.23552016531433612, 0.22588625705459975, 0.27437166927595547, 0.16207104028545294, 0.2150632211183628, 0.2780948608202811, 0.2326665876593179, 0.21177569836563592, 0.16332622994493484, 0.22968299385478153, 0.17262711126086694, 0.19320906779480246, 0.13432004241989948, 0.18730922074163886, 0.23214147924361006, 0.10148493045127738, 0.04511239036508985, 0.05332275874141379, 0.0838247826818512, 0.1901452293034933, 0.10621503241609859, 0.13066308010609573, 0.12620517239732854, 0.1075599216048051, 0.0861201352964043, 0.0674697840809014, 0.05524835532972738, 0.06357899922069368, 0.10860356902999138, 0.017062095432434532, 0.09303849071652973, 0.09402043427934723, 0.11634609777790464, 0.07141531804424328, 0.04320894052175034, 0.07377135824400177, 0.07641519445253561, 0.06778559050169936, 0.09271470928888836, 0.03904960875239538, 0.0590870279145298, 0.08120222134081065, 0.09815405039195371, 0.08892061577137478, 0.08648083562651035, 0.054227397629303314, 0.09225931421931025, 0.11357606547185478, 0.028484303917298864, 0.09208035979788923, 0.05329103864325363, 0.06611136603314322, 0.07653335711336395, 0.10563189388659355, 0.07866225363534601, 0.10379656324376357, 0.04473832514511972, 0.09664485135199694, 0.04602445384138851, 0.08814752498299211, 0.05701945633921113, 0.08981716054960237, 0.09210219258885255, 0.047826355989617486, 0.05361131991474599, 0.11916339700040435, 0.053428088874141355, 0.08210775681499921, 0.03167163625601732, 0.07944900315485073, 0.04086409463911228, 0.07663026235687723, 0.06932157880761339, 0.088993134681016, 0.09168494546846426, 0.05064784185316948, 0.07116223113062045, 0.07165575435475796, 0.04041216097375083, 0.07257233686656117, 0.060819370972275355, 0.043915047740777785, 0.043557669386697834, 0.056111331585776164, 0.08558065387307565, 0.07300930794193738, 0.07764894290904584, 0.07564317181731692, 0.06515351673809394, 0.04351328343576791, 0.08954392560848898], "worst": [-0.045777841764444105, -0.3848197315669588, -0.6223460021692192, -0.5943839128711769, -0.5175820373027676, -0.5084586662425319, -0.6881221153646142, -0.5430164948530662, -0.3315027879872954, -0.38485885860714053, -0.5484587566579708, -0.622371127284508, -0.46835445981806356, -0.49215630447180336, -0.5274595642186464, -0.42996211181228805, -0.6426677820176656, -0.5257017214784176, -0.4842433467938021, -0.43224286837815984, -0.3160106666484348, -0.38865393482648125, -0.5025334443313232, -0.5170383719962861, -0.31282386064156575, -0.43875256791004724, -0.6362512787605517, -0.5476415498633904, -0.5183320632886053, -0.3596916611401222, -0.31608927977337986, -0.42764084672346225, -0.3977986561778877, -0.35874913005985487, -0.5663560335249973, -0.6666947086604147, -0.6203686225144911, -0.6229646081376032, -0.28972383976513116, -0.38124671270125443, -0.33763042191132486, -0.32468927478484644, -0.3522361863411997, -0.1142417665176183, -0.43743223192403957, -0.507804988855086, -0.23837568941437492, -0.39025015736767266, -0.3404676983287609, -0.24643033934335262, -0.10193569501757221, -0.03931652236167804, -0.02931052360988534, -0.047466918986764695, -0.017545464858464643, -0.06599800652897808, -0.07857477663065032, -0.03581541384419851, -0.1204768832451234, -0.0950487990135932, -0.24315814369120875, -0.03693081463489184, -0.042551104913585436, 0.01811961398973791, -0.03602203072618826, 0.027445179445107465, -0.04796054907018649, -0.010406797566037213, -0.10292239081552185, 0.016310986788858922, -0.15722686252921614, -0.026858776696874198, 0.010897429132686043, -0.2651857097279483, -0.09261766937453964, 0.04163598825147158, -0.11405151610116515, -0.08325153866528534, -0.045909589076785884, -0.10297579746105279, -0.17525544378231, -0.02087387204640495, -0.22490682519670574, -0.06093074699896672, -0.025553965616944896, -0.03543498532485789, -0.11594057000286662, 0.019762292003378867, -0.05469617704818314, -0.10694101487581342, -0.07184463468510405, -0.06735192308729132, -0.035250898620765025, -0.08636304967159159, 0.028638698877199165, -0.046130881353728725, -0.0549337410318802, -0.08900894008319776, -0.10077614608389118, -0.03595060628276975, -0.0794041975550166]},