{"name": "2021-06-01_09-08-46_lossweights120_9", "configs": {"pop_size": 100, "mutation_rate": 0.01, "emb_layers": ["layer_1_act", "layer_2_act"], "recomb_layers": ["layer_1_linear", "layer_2_linear", "output"], "epochs": 1, "loss_weights": [1, 2, 0]}, "results": {"fitness": {"averages": [0.6253695698186141, 0.523834003474186, 0.4567944271309879, 0.3113439496629502, 0.361619934673246, 0.28989911777300575, 0.36891224817936646, 0.37098190552600696, 0.3256870690827315, 0.3416177734013258, 0.2682564711103295, 0.24971393635178787, 0.21564181888450926, 0.3035941157287182, 0.2817461794551349, 0.3484354467661845, 0.3001838511118998, 0.2916495070311367, 0.24717018618384473, 0.3261738613117785, 0.26227958186461586, 0.26142135418651863, 0.28844110795476857, 0.26135255940858104, 0.3080961999486686, 0.2226890448912285, 0.3414147469886655, 0.2848155121834187, 0.5557713560396348, 0.36740482991266993, 0.39064710850767786, 0.4996298484163924, 0.42878046003799075, 0.4800147842447437, 0.5455047886472887, 0.5486489130176155, 0.4608462483840576, 0.5189386028600882, 0.5233924861082211, 0.5995253913050576, 0.6211478115172047, 0.4368097065225465, 0.5521102339537801, 0.5288747318204348, 0.5516487843627161, 0.6385288309004854, 0.5241791018598473, 0.5051477298339652, 0.5519261922947463, 0.593454617267891, 0.528115982728459, 0.5934192724780499, 0.590766772848, 0.5833614194803579, 0.48191911049817615, 0.710573151647958, 0.526931163240635, 0.6158728943797507, 0.5061387534959741, 0.6168147840881654, 0.549402772019673, 0.6930250204297616, 0.6934966603497539, 0.6515715489003333, 0.6685926964415675, 0.6690372570235462, 0.6886626260820222, 0.6338632692851207, 0.6347012889392086, 0.6273107428228674, 0.6655022809268538, 0.6630249977084081, 0.6575141055143163, 0.6384400655173718, 0.606456911748543, 0.6996764750714489, 0.664075497390658, 0.6659760729679789, 0.6487945894351218, 0.6421925101512299, 0.6477925937299905, 0.5951086116134733, 0.6389138269951552, 0.5699204512516441, 0.7308734228172328, 0.642118335525839, 0.6242230385067551, 0.6219753815625956, 0.7122498871361574, 0.6431493397809337, 0.676689340513818, 0.7176409377166544, 0.695143449624252, 0.7652775075917458, 0.6954295524714843, 0.6296188667510855, 0.6252240214682536, 0.6061772639005629, 0.6523177522013388, 0.6353537203000582, 0.6782824522750421], "best": [0.8943453300910977, 0.8751459205676664, 0.8650598063599548, 0.7378691815076535, 0.7720603869755778, 0.8404048911879919, 0.7893877459862682, 0.8220099538210023, 0.751480082693157, 0.760191752826365, 0.7516435005712763, 0.7562681261276285, 0.712657061331498, 0.7074620242538247, 0.7085690793411116, 0.7492101650531092, 0.7402816102890876, 0.7955342281800795, 0.6766035078722692, 0.7595945068240457, 0.7033384701958214, 0.6455754049067906, 0.6802831534005108, 0.5990149397805571, 0.6656697671612175, 0.5859160428210987, 0.7062709723878469, 0.6589104696422698, 0.8543355753958034, 0.7752879841565753, 0.7210868254396682, 0.7779687971936298, 0.7577802448640628, 0.7475396579422767, 0.7468956052987747, 0.7271646925259675, 0.7133260037590373, 0.7275892854073115, 0.7394102650762736, 0.7389300372750485, 0.7827908347447392, 0.6435151102744819, 0.715339130028137, 0.7090767749532225, 0.7077742959123838, 0.7578706151076907, 0.6758801883414868, 0.6673380683168654, 0.6722524505840716, 0.6920282850094976, 0.6629331851179047, 0.6867562525819277, 0.7220540943974434, 0.7168582193194304, 0.6369370569650833, 0.8041570927927154, 0.6380770558357721, 0.7055986909181893, 0.6023856401569258, 0.7105579901220694, 0.6453453148990913, 0.7757337299662046, 0.7747743333924408, 0.7288394241308903, 0.7578898338629563, 0.7434136350993935, 0.7587138931898063, 0.7179130407450477, 0.7256874617662035, 0.7128968777610623, 0.7340938543047042, 0.7346332907620643, 0.7404263589587075, 0.7430762145129076, 0.6773079523160382, 0.7646249968010519, 0.7381265663478042, 0.7544940233550159, 0.7204638309745076, 0.7448457857731516, 0.738776219258949, 0.6866690844592452, 0.6867424579462236, 0.7015473321857655, 0.7894268056544171, 0.7242243885207809, 0.7104234606904885, 0.6925028772529451, 0.7719754141371912, 0.7477393076934542, 0.7412653729427102, 0.7907995239269063, 0.7575266572514568, 0.8392957959747673, 0.766269972651622, 0.6814584674970798, 0.7095357258764636, 0.6822934390235921, 0.7165093638517355, 0.7056423476813101, 0.7381351051051559], "worst": [-0.2052600645522521, -0.34602198171139814, -1.1072439383975472, -1.0309479174176164, -1.0373911618137703, -1.1500706448853044, -0.7670551348928567, -0.6056881040204983, -0.5632440302950291, -0.5728268376000897, -0.6733456775998539, -0.6489942052389386, -0.4297979951634502, -0.5157946531180815, -0.47480797831607013, -0.5001543794416672, -0.39804268588908837, -0.4908958802352146, -0.5194605260448506, -0.5255919190169142, -0.41065524771712325, -0.4541593090834071, -0.4075182309736615, -0.7543310504530516, -0.6377836461126745, -0.8911577737990747, -0.7127439067490304, -0.6195791942657807, 0.03877559603585501, -0.6192145247451439, -0.26810925326536333, -0.27501350466911323, -0.2263193681633795, -0.34460200739870606, -0.10569301675032877, -0.09390343176552929, 0.039885544300537146, 0.029390300026897576, 0.13295018995862973, 0.2900170723305475, 0.2650107906804657, 0.012479290628157225, 0.13480996456705935, 0.0930287854750122, 0.23155175278012013, 0.43956856190952587, 0.29981296329669405, 0.29438416061217265, 0.40594762085310315, 0.4245182441138911, 0.3529428192033281, 0.4567714503314375, 0.4012978802475371, 0.4205416269469957, 0.2028059356155995, 0.5485675680732667, 0.324536216717714, 0.44914865538884147, 0.39027155708618194, 0.4870739145220877, 0.4000193810310248, 0.5759187169981173, 0.566410908755747, 0.5007183452788887, 0.5416203523709303, 0.5462949151866212, 0.6180069880728685, 0.4665760218129126, 0.5071766100373413, 0.5266906004724214, 0.5837126475205461, 0.44256370052423855, 0.5565098075259609, 0.4064818125055276, 0.45921819576443407, 0.6327003489299798, 0.57092161964444, 0.5143314479935548, 0.5565262935229374, 0.5139405052967614, 0.5417734007844082, 0.4875448899031668, 0.5669154923563204, 0.4698416117675528, 0.6138690993119162, 0.49521913703480336, 0.5425686023399836, 0.5292660479633058, 0.6028125344276971, 0.48729370112090203, 0.5890886454645317, 0.5957282072662695, 0.5764382314077463, 0.694779077062478, 0.5855994691510414, 0.5488074546009996, 0.5248268524340977, 0.47677185906866565, 0.5583241555844193, 0.535311515223307, 0.6240071726160633]}, "accuracy": {"averages": [0.7923000000000002, 0.7258000000000001, 0.7123999999999998, 0.6432000000000001, 0.6592000000000001, 0.6337999999999999, 0.704, 0.6611999999999999, 0.6617000000000001, 0.6679999999999997, 0.6446000000000001, 0.6138, 0.6531999999999999, 0.6365, 0.6314000000000001, 0.6397999999999999, 0.6331, 0.635, 0.6372, 0.7189, 0.6505, 0.6531999999999999, 0.6480000000000001, 0.6575, 0.6919, 0.6377, 0.7071999999999999, 0.6579, 0.8266999999999999, 0.6840000000000002, 0.7004, 0.8081999999999999, 0.7379000000000001, 0.7622999999999999, 0.8029, 0.8307000000000002, 0.7570999999999999, 0.8123, 0.7912999999999998, 0.8121, 0.8314999999999999, 0.7738, 0.8715, 0.8058999999999998, 0.8331000000000001, 0.8593, 0.8227000000000001, 0.7964, 0.8370000000000001, 0.8134, 0.8112000000000001, 0.8251999999999999, 0.8218, 0.8142, 0.7922, 0.8981999999999999, 0.7951999999999999, 0.8152000000000001, 0.7687999999999999, 0.8359000000000002, 0.813, 0.887, 0.8938000000000001, 0.8607, 0.8743, 0.8469, 0.8786, 0.8341, 0.8539000000000001, 0.8329999999999999, 0.8602999999999998, 0.8439999999999999, 0.8567, 0.9180999999999999, 0.8605999999999999, 0.8723000000000001, 0.852, 0.8597000000000002, 0.8603000000000001, 0.8606999999999999, 0.8449999999999999, 0.8243, 0.8658, 0.8275999999999999, 0.8955000000000001, 0.8255999999999999, 0.8164, 0.8351000000000001, 0.8684999999999998, 0.8728, 0.8727999999999997, 0.8963000000000001, 0.8535, 0.8985000000000001, 0.8835, 0.8709999999999998, 0.8214999999999999, 0.8248999999999999, 0.8432999999999998, 0.8635999999999998, 0.8489999999999999],