{"name": "2021-06-01_08-52-30_lossweights121_5", "configs": {"pop_size": 100, "mutation_rate": 0.01, "emb_layers": ["layer_1_act", "layer_2_act"], "recomb_layers": ["layer_1_linear", "layer_2_linear", "output"], "epochs": 1, "loss_weights": [1, 2, 1]}, "results": {"fitness": {"averages": [1.0606908089519929, 0.8676216085097123, 0.7744087767954164, 0.7460336314701208, 0.6822517415497512, 0.5508668830819246, 0.575197675750781, 0.5349776557234621, 0.46786303551155306, 0.6103082017024016, 0.52195979269195, 0.5787548257692312, 0.4938269499208343, 0.5310891840437391, 0.5165456221849609, 0.38638449906916006, 0.44868390091869936, 0.48058059888843085, 0.47075236382478197, 0.47217634616620413, 0.5041244099216667, 0.6077148768083424, 0.5651610363002354, 0.584259375526658, 0.6649960455244305, 0.629377976864588, 0.5226206145593969, 0.6454784493335679, 0.6614481645365838, 0.5248369807107693, 0.6959400831319157, 0.6488229908016558, 0.67269965769395, 0.5698911918357844, 0.6495240457706007, 0.7088911578386256, 0.6445297030725827, 0.5979477437569052, 0.6960340569913974, 0.7308678303692369, 0.6973413273721991, 0.7731009282154284, 0.8358978460428432, 0.6844148379493413, 0.7357879733052541, 0.7639801122622929, 0.7976933664142494, 0.7831992095332736, 0.7749268602685697, 0.8831018326701136, 0.8863796311437535, 0.8874183013215226, 0.8829018720960861, 0.9475458983688989, 0.9253341959962651, 0.8451612416086285, 0.8260780244348633, 0.8416266820247016, 0.9346935245838072, 0.8377530271862338, 0.8721628727253151, 0.8871384202527381, 0.9287629927943654, 0.9462354670333148, 0.9584296973225986, 0.9507716541532558, 0.8489325493466402, 1.0134373423213123, 0.8371965646974945, 1.0216513181742315, 0.9724362992534471, 0.8540871073337618, 0.979975970574538, 0.8339912164908461, 0.8799340767169003, 0.9117134392928015, 0.9291594541676491, 0.8803965494947491, 0.9253457232914308, 0.8513621732323174, 0.8811533062331044, 0.948356503419608, 0.9684014742354031, 0.9381646821245172, 0.9013002763888484, 0.8899989256413208, 0.9049950126630609, 1.0222971684466031, 0.888877626997074, 1.0008929603448613, 0.9518600247864845, 0.9297312366553622, 0.9877333776104232, 0.8884310164667126, 0.909637244949685, 0.8868904708781534, 0.9366844026374291, 0.976014905677664, 0.9340031233679591, 0.8679777842026415, 0.9411296585056315], "best": [1.2427368685928513, 1.268132328087842, 1.221656705431109, 1.249444047375806, 1.1529582007802746, 1.0871469246822372, 1.0446018880358068, 1.047983286626507, 1.0095632338821117, 1.0731325955936484, 0.9293849113479131, 1.000889576486228, 0.9163457790612918, 0.9095750872609226, 0.9701456680861748, 0.9078396660977862, 0.9381505964226022, 0.8917335907473178, 0.9206854020978847, 0.9409400204086054, 0.9153455797786123, 1.0261500229400358, 0.9296699237862491, 0.9342032885689279, 0.9810851587751171, 0.969049878796542, 0.8941088471595116, 0.9947660184329661, 0.9587718415212672, 0.8812364813827056, 0.9634142996401154, 0.9497933461486082, 0.9425481998840475, 0.8704007872781563, 0.958339131903473, 0.9877319190698534, 0.9401395089890349, 0.93086143168881, 0.9364423445279566, 0.9954518758300288, 0.933961946028554, 1.074186367871711, 1.033826084086146, 0.9240615909640109, 1.0495481794659653, 1.0407144242815405, 1.0019415664528586, 1.0232378994269686, 1.0064989283120742, 1.0379034047507552, 1.0569529155808046, 1.0382558730504918, 1.0074495519906452, 1.076471172037603, 1.0285425844231926, 0.9710034585046694, 0.9268139593245683, 0.9564123614355776, 1.0474356888546474, 0.9689900259521954, 1.0099625637574472, 1.0230379280637614, 1.0167162465154838, 1.0478512365542225, 1.0477352567018763, 1.054766982774534, 1.00321141599388, 1.110568114657526, 0.961053671708083, 1.1089965551175243, 1.0814887759917917, 0.9567146082027957, 1.0781819957498575, 0.9459515683128304, 1.0190491337231982, 1.0118024462713961, 1.0194324122796203, 0.984536148148898, 1.0234252333155585, 0.9735687964355458, 1.030880845175736, 1.0601312349032288, 1.0944006117049896, 0.9966054002392983, 1.0196637124441268, 0.9791613560736233, 0.9931590766505257, 1.0926710152300612, 0.9759142902540576, 1.0882151198025944, 1.0130351922953142, 1.0247469036635068, 1.0630442726484095, 0.9978263937946374, 0.969819502201203, 0.9603121768074551, 1.0096868949459852, 1.0359937070357037, 1.0111828612180584, 0.9700144258214511, 1.0082293688780224], "worst": [0.48795653845027, -0.5937221108430428, -0.8721503455943549, -0.5511254626165965, -0.3087091099444814, -0.30048939555923637, -0.251358352312543, -0.4579102717414326, -0.3508316969729457, -0.05905647460286989, -0.31839707085067126, -0.2829833469112042, -0.2994507657287563, -0.22439325749364358, -0.3212289522595859, -0.38962114095212363, -0.34496689565135585, -0.29150749115111685, -0.31648648055330564, -0.45581289313896234, -0.3305921486165493, -0.06835874828016814, -0.33822868770838566, -0.36659583166655785, -0.2843985154563643, -0.2207417393733241, -0.2659314321668925, -0.0940403082918897, -0.16566193917099659, -0.2591832299055673, 0.10360942877187279, -0.1069281576812191, 0.2287396003753155, 0.06504186813812374, 0.15684699350789544, -0.315689706728006, -0.296847935770135, -0.3351329015111285, 0.14647621600402272, 0.26786544559465764, 0.05898674369186935, -0.03679969832666863, 0.20133441850712475, 0.2859737468722767, 0.2082617939720759, 0.18267819628877613, 0.23170053066800156, 0.26026081323326317, 0.2269731003346127, 0.3878090755022139, 0.3899423982677646, 0.44437914460514083, 0.3214231316149454, 0.6677323108992455, 0.7558599968736779, 0.6440367476534457, 0.6631078408759521, 0.650109645130271, 0.772478698192143, 0.6628341607939778, 0.7301155175804521, 0.7058997260105448, 0.8015769233603128, 0.777391493576538, 0.7872579450882273, 0.805250231019191, 0.6775838935279859, 0.8659288337345878, 0.7132958395446942, 0.8897783008186738, 0.8471340690714979, 0.7009144749553996, 0.8773530311077998, 0.7245866120023681, 0.7375252650788205, 0.7800661846605335, 0.8157342991632781, 0.789557387577785, 0.8181954628698132, 0.6876784792321868, 0.6931679698988658, 0.7623180370644784, 0.7141753760219096, 0.8014696658525091, 0.7074111571020116, 0.5676616744631954, 0.7875781423348389, 0.8799178399545609, 0.7727792645711895, 0.884755458974922, 0.8373216289296259, 0.7570857146531573, 0.8884498606674823, 0.7723366052979113, 0.8081091768692414, 0.7584211389621678, 0.7924575630918379, 0.8602148714001595, 0.774300584085212, 0.7832279765280725, 0.8610732731097461]}, "accuracy": {"averages": [0.8086, 0.7511999999999999, 0.6842, 0.6781000000000001, 0.6578999999999999, 0.5891000000000001, 0.5913999999999999, 0.6004000000000002, 0.5219, 0.6265999999999999, 0.5828, 0.585, 0.5737000000000001, 0.5907, 0.5771000000000001, 0.5529999999999999, 0.5624999999999999, 0.5963, 0.6150000000000001, 0.6572, 0.6477, 0.6884000000000001, 0.6809000000000001, 0.6683000000000001, 0.7232, 0.6818999999999998, 0.6618, 0.7132999999999998, 0.723, 0.6986000000000001, 0.7099000000000001, 0.7078, 0.7515000000000001, 0.6408, 0.728, 0.7589, 0.7493, 0.6979000000000001, 0.7263000000000001, 0.7540999999999998, 0.7267, 0.7760000000000002, 0.7955, 0.732, 0.7737999999999999, 0.7862, 0.7275, 0.7828999999999998, 0.7676, 0.8060999999999997, 0.8223999999999999, 0.7743000000000001, 0.8047, 0.8532000000000001, 0.8269, 0.7817000000000003, 0.7927, 0.7988000000000001, 0.8358999999999999, 0.7666999999999998, 0.8043000000000002, 0.7728999999999999, 0.8418000000000001, 0.8384, 0.8462, 0.8269, 0.7824, 0.8681000000000002, 0.7893000000000001, 0.8707, 0.8469999999999999, 0.7673000000000001, 0.8523999999999998, 0.7724000000000002, 0.8071999999999998, 0.8184999999999998, 0.8303, 0.7757999999999999, 0.8258, 0.7984999999999998, 0.8084, 0.8563, 0.8519, 0.8148000000000001, 0.8073999999999999, 0.8103, 0.8168000000000001, 0.8826, 0.8067, 0.8615999999999999, 0.8271999999999999, 0.8556999999999998, 0.8657, 0.7880999999999997, 0.8107000000000001, 0.8210999999999999, 0.8039000000000001, 0.8352999999999998, 0.8286, 0.7963, 0.8272999999999997],