{"name": "2021-06-01_lossweights020_2", "configs": {"pop_size": 100, "mutation_rate": 0.01, "emb_layers": ["layer_1_act", "layer_2_act"], "recomb_layers": ["layer_1_linear", "layer_2_linear", "output"], "epochs": 1, "loss_weights": [0, 2, 0]}, "results": {"fitness": {"averages": [-0.19052281275213934, -0.2669829813331124, -0.3569699608196059, -0.33040679443769755, -0.3493173898018157, -0.3163573629266264, -0.4113708720385866, -0.3893495234263775, -0.339561844604564, -0.3475243900630632, -0.3846105892055343, -0.4842594690469526, -0.41387945100285894, -0.34288236271641037, -0.44097619401851257, -0.3960804951675159, -0.3636566510368448, -0.3232071105283332, -0.285879191680695, -0.298843526250431, -0.2883774235727121, -0.25314080586938575, -0.26730229646389436, -0.21286024637697956, -0.23929411721615146, -0.23015207309706467, -0.24860151354207052, -0.2585580213865272, -0.21548799421429557, -0.204348786569863, -0.2479506785743661, -0.20333127261154244, -0.22110624223492414, -0.17878627455634832, -0.19799896503774952, -0.22356361066780983, -0.20711209300773198, -0.23904268109505064, -0.2738493704765333, -0.22702215440860116, -0.23623136572971126, -0.19629321492190402, -0.22706095586415548, -0.2021759216180373, -0.2113227242488475, -0.21149698940607398, -0.19760129134059412, -0.1945503931536203, -0.20092374058401108, -0.19542158136116117, -0.25102202594113554, -0.2209453189554119, -0.1892669570921251, -0.12020588067234726, -0.24264514787520866, -0.2163595594992742, -0.15174202906318515, -0.23888749546110438, -0.21679930944975864, -0.2579298953443485, -0.1571863959839363, -0.19837744422871853, -0.1819293260961781, -0.16442968781194903, -0.2389869993380848, -0.22153879983211108, -0.19791856123930263, -0.22016075261440787, -0.15242615632902065, -0.1656501065758448, -0.17715228669030647, -0.13365148611046215, -0.14079012639107286, -0.14689922858312474, -0.1755979839195649, -0.1945482578425244, -0.17026281154285136, -0.15282435222164378, -0.14121538172507905, -0.1616449419376561, -0.1706565196062556, -0.19178337871248177, -0.17669511106492689, -0.17876141603783557, -0.17807912544250828, -0.16389183685853928, -0.15857301122027162, -0.14241749736828407, -0.16122633532085826, -0.1362022746076951, -0.14635320231505278, -0.1717672827062233, -0.1425426745211309, -0.11717547405471761, -0.14731759604610953, -0.14476510349619282, -0.1545182733330733, -0.13866697977246387, -0.14615106415367995, -0.1673128147388703, -0.1806106909067956], "best": [-2.336627868425691e-09, -0.006277414734138845, -0.043260433903215746, -0.0374397279558597, -0.03735876346910374, -0.033043792917355416, -0.07281547015851378, -0.11041250889997062, -0.11345395764416087, -0.09434036548531027, -0.061239078528426825, -0.07860274605411786, -0.07704160888313215, -0.07369003835464762, -0.13233133865414656, -0.14104446734145196, -0.15190939548497778, -0.15293907519972635, -0.1313840520526452, -0.12228820543917018, -0.12026209036845745, -0.10100419898469826, -0.09573999376161074, -0.08654896210207723, -0.11369898674747361, -0.11640881990242051, -0.13726917701413535, -0.13702125213633587, -0.09078941203485634, -0.1033247092131004, -0.11530453737655236, -0.11027461526965357, -0.12053334692901763, -0.08865672722619661, -0.10263617178135605, -0.10954535452896358, -0.10122940754419663, -0.11494190248270605, -0.15752289770706246, -0.13216828511822004, -0.1486838807123455, -0.11740686425030622, -0.11472725137744524, -0.10644544697357045, -0.12465096473274248, -0.12906847758865364, -0.11781769671876875, -0.12219679330306776, -0.1158706056573452, -0.11989157817919281, -0.16461420525234657, -0.12959499919086778, -0.12242012103011848, -0.08194819189502624, -0.1620906920157696, -0.14847631866164926, -0.08618973053044178, -0.14191332326942607, -0.15217537217150212, -0.17961575518688835, -0.10557949286124965, -0.13508545217473095, -0.11822852157466819, -0.10140541337746484, -0.14803638671656194, -0.13967933030053636, -0.12412208927338637, -0.11342624927366309, -0.11041124820359308, -0.10829970438008742, -0.12969248505152856, -0.09542283323108414, -0.09802727458613969, -0.1009328290754499, -0.11644070442360044, -0.1317802311240984, -0.12567274663759778, -0.12286858064042272, -0.10839099045154407, -0.12986325001470916, -0.12317676838367553, -0.13978646580718648, -0.14378713942198865, -0.14923964282714874, -0.13941633919690924, -0.1239293420199665, -0.11290854544270501, -0.09754391097630619, -0.12449826586394878, -0.10410010836336102, -0.10908447932512373, -0.13397331087493744, -0.10080117191666504, -0.08730041021283633, -0.11133499081745121, -0.10618324057726422, -0.1208138450385297, -0.10770512956497746, -0.12115468093439172, -0.1432088085528356, -0.12700309903691526], "worst": [-0.8074067947569517, -1.3160887163974324, -1.3100345694959232, -1.4881966720579864, -1.0402146208961227, -0.8510842595763998, -0.9193617364560545, -0.8208593442055641, -0.768087769980266, -0.8197522286456711, -0.8818772406902018, -1.100723123675842, -1.0976055041121615, -0.9477088972024837, -1.1360639263997965, -0.9089592734657248, -0.7647093603842433, -0.7033627972792371, -0.6679590128094997, -0.7039211730157418, -0.7724529672628062, -0.7899915723650343, -0.7364366302207801, -0.6058967039875462, -0.6399093574291883, -0.6382171527185797, -0.5448573249546368, -0.5052947875184756, -0.511630962622887, -0.5616411511944597, -0.520680375820543, -0.42063884461687046, -0.3849320747733105, -0.41209708033249937, -0.3092377737535036, -0.3643572721134801, -0.41273984061318353, -0.46507704542248224, -0.4957676914193331, -0.3494165015248726, -0.3805615429410293, -0.2919673915177483, -0.5146205235924984, -0.27677323815782134, -0.29756095336869237, -0.3372573564738072, -0.29947536403458563, -0.2812464269598497, -0.3530984075251332, -0.3126296608097622, -0.3792187334279711, -0.3332834279592067, -0.3195452824990431, -0.1901488773155136, -0.3697910401436941, -0.36462755902153243, -0.41305388580952496, -0.4491263162619337, -0.335927889843323, -0.43930914801643595, -0.24873965449968843, -0.26797736299542596, -0.24273729459006996, -0.22637838743068595, -0.39767719445219596, -0.4092051124131174, -0.3199548386484772, -0.4718981887248205, -0.23638183215955483, -0.2524507488251342, -0.2653813545497474, -0.18404440767992408, -0.2100219216390569, -0.24216087378952, -0.3555118194392371, -0.31582385012826797, -0.26193130415043175, -0.24788850914226201, -0.19039358863992928, -0.3154547867706462, -0.23623094852165147, -0.2749378553534374, -0.2272138050756032, -0.23511051068654903, -0.24702597408360794, -0.23719023338040243, -0.2524572685459887, -0.21204577200826336, -0.22886503394154983, -0.2550793044012286, -0.2136838954230184, -0.25455208623081, -0.2249740956652328, -0.15435241220315205, -0.30929876296773184, -0.17330880348217664, -0.2526670943244662, -0.27476013179448655, -0.18454765018442276, -0.23711257782122397, -0.30225437051457427]},