{"name": "2021-06-01_lossweights001_2", "configs": {"pop_size": 100, "mutation_rate": 0.01, "emb_layers": ["layer_1_act", "layer_2_act"], "recomb_layers": ["layer_1_linear", "layer_2_linear", "output"], "epochs": 1, "loss_weights": [0, 0, 1]}, "results": {"fitness": {"averages": [0.4445703125, 0.505390625, 0.544453125, 0.5455859375, 0.5767578125, 0.605078125, 0.6386328125, 0.65609375, 0.649296875, 0.662890625, 0.685546875, 0.6911328125, 0.707421875, 0.714453125, 0.709296875, 0.715078125, 0.7269140625, 0.7316796875, 0.7360546875, 0.7391796875, 0.7312890625, 0.7341015625, 0.7375, 0.7405078125, 0.746015625, 0.7496484375, 0.751171875, 0.7501171875, 0.750234375, 0.7538671875, 0.7564453125, 0.757734375, 0.75796875, 0.758203125, 0.7597265625, 0.7601953125, 0.7601953125, 0.7604296875, 0.760546875, 0.760546875, 0.7603125, 0.760546875, 0.760546875, 0.7599609375, 0.75984375, 0.7594921875, 0.759375, 0.7590234375, 0.759609375, 0.7594921875, 0.7592578125, 0.759609375, 0.7597265625, 0.759375, 0.759609375, 0.759609375, 0.760078125, 0.7603125, 0.7597265625, 0.7597265625, 0.758203125, 0.7580859375, 0.75796875, 0.7578515625, 0.7573828125, 0.7583203125, 0.7585546875, 0.758671875, 0.7592578125, 0.760078125, 0.76078125, 0.7606640625, 0.76125, 0.761015625, 0.76125, 0.76125, 0.761484375, 0.7613671875, 0.761484375, 0.7613671875, 0.761484375, 0.76171875, 0.76171875, 0.76171875, 0.76171875, 0.76171875, 0.76171875, 0.76171875, 0.76171875, 0.76171875, 0.76171875, 0.76171875, 0.76171875, 0.76171875, 0.76171875, 0.76171875, 0.76171875, 0.76171875, 0.76171875, 0.76171875, 0.76171875], "best": [0.79296875, 0.79296875, 0.78515625, 0.78515625, 0.78515625, 0.76171875, 0.76171875, 0.76171875, 0.76171875, 0.76171875, 0.76171875, 0.76171875, 0.76171875, 0.76171875, 0.76171875, 0.76171875, 0.76171875, 0.76171875, 0.76171875, 0.76171875, 0.76171875, 0.76171875, 0.76171875, 0.76171875, 0.76171875, 0.76171875, 0.76171875, 0.76171875, 0.76171875, 0.76171875, 0.76171875, 0.76171875, 0.76171875, 0.76171875, 0.76171875, 0.76171875, 0.76171875, 0.76171875, 0.76171875, 0.76171875, 0.76171875, 0.76171875, 0.76171875, 0.76171875, 0.76171875, 0.76171875, 0.76171875, 0.76171875, 0.76171875, 0.76171875, 0.76171875, 0.76171875, 0.76171875, 0.76171875, 0.76171875, 0.76171875, 0.76171875, 0.76171875, 0.76171875, 0.76171875, 0.76171875, 0.76171875, 0.76171875, 0.76171875, 0.76171875, 0.76171875, 0.76171875, 0.76171875, 0.76171875, 0.76171875, 0.76171875, 0.76171875, 0.76171875, 0.76171875, 0.76171875, 0.76171875, 0.76171875, 0.76171875, 0.76171875, 0.76171875, 0.76171875, 0.76171875, 0.76171875, 0.76171875, 0.76171875, 0.76171875, 0.76171875, 0.76171875, 0.76171875, 0.76171875, 0.76171875, 0.76171875, 0.76171875, 0.76171875, 0.76171875, 0.76171875, 0.76171875, 0.76171875, 0.76171875, 0.76171875, 0.76171875], "worst": [0.09765625, 0.09765625, 0.09765625, 0.15234375, 0.15234375, 0.15234375, 0.15234375, 0.34375, 0.34375, 0.34375, 0.34375, 0.34375, 0.36328125, 0.36328125, 0.36328125, 0.36328125, 0.5546875, 0.5546875, 0.5546875, 0.5546875, 0.5546875, 0.5546875, 0.5546875, 0.57421875, 0.57421875, 0.69140625, 0.69140625, 0.69140625, 0.69140625, 0.69140625, 0.69140625, 0.69140625, 0.69140625, 0.69140625, 0.75, 0.75, 0.75, 0.75, 0.75, 0.75, 0.75, 0.75, 0.75, 0.75, 0.75, 0.75, 0.75, 0.75, 0.75, 0.75, 0.75, 0.75, 0.75, 0.75, 0.75, 0.75, 0.75, 0.75, 0.75, 0.75, 0.75, 0.75, 0.75, 0.75, 0.75, 0.75, 0.75, 0.75, 0.75, 0.75, 0.75, 0.75, 0.75, 0.75, 0.75, 0.75, 0.75, 0.75, 0.75, 0.75, 0.75, 0.76171875, 0.76171875, 0.76171875, 0.76171875, 0.76171875, 0.76171875, 0.76171875, 0.76171875, 0.76171875, 0.76171875, 0.76171875, 0.76171875, 0.76171875, 0.76171875, 0.76171875, 0.76171875, 0.76171875, 0.76171875, 0.76171875, 0.76171875]}, "accuracy": {"averages": [0.7856999999999998, 0.6218, 0.547, 0.4804, 0.4129, 0.4689, 0.4145999999999999, 0.2895, 0.32520000000000004, 0.3275, 0.3361, 0.3239, 0.2861, 0.24160000000000004, 0.2108, 0.2858, 0.276, 0.2646, 0.23029999999999998, 0.27869999999999995, 0.2539, 0.26649999999999996, 0.22329999999999994, 0.20339999999999997, 0.19030000000000002, 0.1975, 0.14850000000000002, 0.1515, 0.1534, 0.16, 0.17010000000000003, 0.10700000000000001, 0.13440000000000002, 0.22549999999999998, 0.1551, 0.11220000000000001, 0.13690000000000002, 0.12060000000000003, 0.087, 0.09940000000000002, 0.1432, 0.0891, 0.15810000000000002, 0.09730000000000003, 0.1208, 0.09860000000000003, 0.0776, 0.0675, 0.1418, 0.15630000000000005, 0.067, 0.0932, 0.08380000000000001, 0.10949999999999999, 0.09809999999999999, 0.1322, 0.1398, 0.10120000000000001, 0.13209999999999997, 0.1284, 0.10370000000000001, 0.0998, 0.1327, 0.11810000000000001, 0.1004, 0.1291, 0.1219, 0.11020000000000002, 0.11190000000000001, 0.0916, 0.14900000000000002, 0.11059999999999999, 0.09910000000000002, 0.1061, 0.1045, 0.0858, 0.0875, 0.09849999999999999, 0.0863, 0.1286, 0.1177, 0.0611, 0.09550000000000003, 0.09089999999999998, 0.1251, 0.11090000000000001, 0.08990000000000001, 0.08030000000000001, 0.10279999999999999, 0.1041, 0.11280000000000001, 0.08710000000000001, 0.14130000000000004, 0.0758, 0.0882, 0.07630000000000002, 0.0699, 0.05710000000000001, 0.12390000000000001, 0.1251, 0.11640000000000002], "best": [0.92, 0.92, 0.92, 0.88, 0.89, 0.88, 0.86, 0.83, 0.83, 0.9, 0.84, 0.83, 0.6, 0.64, 0.56, 0.58, 0.59, 0.57, 0.54, 0.63, 0.57, 0.56, 0.53, 0.44, 0.5, 0.37, 0.36, 0.34, 0.34, 0.51, 0.33, 0.31, 0.32, 0.45, 0.35, 0.32, 0.35, 0.32, 0.37, 0.31, 0.4, 0.21, 0.37, 0.25, 0.27, 0.27, 0.31, 0.26, 0.38, 0.35, 0.21, 0.23, 0.19, 0.25, 0.18, 0.25, 0.28, 0.27, 0.3, 0.27, 0.27, 0.29, 0.34, 0.26, 0.24, 0.29, 0.25, 0.25, 0.3, 0.22, 0.26, 0.24, 0.2, 0.2, 0.18, 0.25, 0.19, 0.29, 0.26, 0.28, 0.22, 0.14, 0.23, 0.18, 0.22, 0.23, 0.18, 0.2, 0.18, 0.2, 0.19, 0.17, 0.26, 0.15, 0.18, 0.17, 0.19, 0.17, 0.2, 0.22, 0.27], "worst": [0.49, 0.07, 0.12, 0.02, 0.03, 0.08, 0.1, 0.04, 0.06, 0.07, 0.07, 0.02, 0.01, 0.02, 0.04, 0.06, 0.08, 0.09, 0.03, 0.06, 0.04, 0.04, 0.0, 0.02, 0.03, 0.05, 0.07, 0.01, 0.02, 0.04, 0.04, 0.0, 0.0, 0.04, 0.05, 0.01, 0.04, 0.02, 0.01, 0.01, 0.05, 0.01, 0.05, 0.03, 0.05, 0.04, 0.0, 0.03, 0.03, 0.04, 0.01, 0.04, 0.03, 0.0, 0.02, 0.0, 0.05, 0.03, 0.04, 0.05, 0.04, 0.02, 0.02, 0.01, 0.03, 0.02, 0.01, 0.03, 0.02, 0.0, 0.01, 0.03, 0.03, 0.05, 0.03, 0.02, 0.02, 0.03, 0.03, 0.03, 0.02, 0.01, 0.0, 0.02, 0.06, 0.02, 0.02, 0.02, 0.02, 0.03, 0.03, 0.04, 0.08, 0.03, 0.03, 0.02, 0.02, 0.02, 0.07, 0.05, 0.04]},