{"name": "2021-06-01_08-33-26_lossweights101_2", "configs": {"pop_size": 100, "mutation_rate": 0.01, "emb_layers": ["layer_1_act", "layer_2_act"], "recomb_layers": ["layer_1_linear", "layer_2_linear", "output"], "epochs": 1, "loss_weights": [1, 0, 1]}, "results": {"fitness": {"averages": [1.1934703125, 1.1619015625000002, 1.0918875000000001, 1.0825, 1.0687109375, 1.0207749999999998, 0.9907375, 0.9618296875, 0.9482296875000001, 0.92755, 0.9436171874999999, 1.0005343750000002, 0.9277046875, 1.0141250000000002, 0.9617796874999998, 0.9386265624999998, 0.9576390624999999, 0.8936781250000001, 0.9505406249999999, 0.9212687500000001, 0.9771921875000001, 0.9752046874999999, 0.9144062500000001, 0.9676390625000001, 0.9518125000000001, 0.9439031250000001, 0.9996046874999999, 1.0434671875000001, 0.9945, 1.0246984375, 1.0521890624999999, 1.0311375, 0.9838562499999999, 1.038596875, 1.01241875, 1.0097281249999999, 1.049378125, 0.9815874999999998, 1.0270406250000002, 1.0202687499999998, 1.00690625, 1.06811875, 0.9639687499999999, 0.97149375, 0.99436875, 1.0451187499999999, 1.05295625, 1.0436812500000001, 1.0476187500000003, 1.08110625, 1.07379375, 1.0292812500000001, 1.02746875, 1.01404375, 1.07164375, 1.0326187500000001, 1.0903812500000003, 1.0570812499999998, 1.07253125, 1.0884187499999998, 1.0328687499999998, 1.02711875, 1.1378812499999997, 1.05264375, 1.0554437500000002, 1.08448125, 1.04726875, 1.09380625, 1.04493125, 1.12013125, 1.09659375, 1.08309375, 1.16495625, 1.11799375, 1.09180625, 1.1253312500000001, 1.1214187500000001, 1.09978125, 1.1119437500000002, 1.10980625, 1.16216875, 1.17754375, 1.08523125, 1.1408062499999998, 1.0861187499999998, 1.10745625, 1.12241875, 1.1639687500000002, 1.1948562500000002, 1.17933125, 1.14283125, 1.14923125, 1.1211312500000001, 1.1522312499999998, 1.17963125, 1.1329312499999997, 1.14573125, 1.15523125, 1.20483125, 1.10763125, 1.23063125], "best": [1.2926562499999998, 1.3943750000000001, 1.2946875, 1.26421875, 1.26421875, 1.2610937500000001, 1.2140625, 1.1940625, 1.13828125, 1.21171875, 1.23171875, 1.1859375, 1.15546875, 1.23546875, 1.2359375, 1.17703125, 1.13828125, 1.0782812499999999, 1.21703125, 1.08828125, 1.25703125, 1.1884375, 1.0970312500000001, 1.1684375, 1.13703125, 1.10703125, 1.18703125, 1.2970312499999999, 1.25703125, 1.23703125, 1.21703125, 1.22703125, 1.15703125, 1.18703125, 1.19703125, 1.19703125, 1.18703125, 1.0982812499999999, 1.28703125, 1.13828125, 1.16703125, 1.2770312499999998, 1.08828125, 1.14703125, 1.12703125, 1.20703125, 1.18703125, 1.1682812500000002, 1.19703125, 1.2770312499999998, 1.17703125, 1.22703125, 1.10703125, 1.12703125, 1.21703125, 1.14703125, 1.24703125, 1.16703125, 1.18703125, 1.22703125, 1.10828125, 1.19703125, 1.2770312499999998, 1.16703125, 1.16703125, 1.23703125, 1.16703125, 1.22703125, 1.17703125, 1.25703125, 1.22703125, 1.23703125, 1.33703125, 1.25703125, 1.23703125, 1.2770312499999998, 1.21703125, 1.18703125, 1.19703125, 1.22703125, 1.25703125, 1.3170312499999999, 1.19703125, 1.25703125, 1.24703125, 1.24703125, 1.2770312499999998, 1.32703125, 1.2970312499999999, 1.25703125, 1.25703125, 1.23703125, 1.24703125, 1.24703125, 1.25703125, 1.22703125, 1.22703125, 1.2770312499999998, 1.26703125, 1.19703125, 1.33703125], "worst": [0.96765625, 0.52140625, 0.70578125, 0.68578125, 0.65578125, 0.65578125, 0.65578125, 0.63578125, 0.61984375, 0.66984375, 0.44265625, 0.5526562500000001, 0.67984375, 0.6459375, 0.5526562500000001, 0.38265625000000003, 0.38265625000000003, 0.33265625, 0.35265625, 0.44265625, 0.5784374999999999, 0.48843749999999997, 0.4784375, 0.4759375, 0.42593749999999997, 0.5484375, 0.6259375, 0.7484375, 0.6484375, 0.84828125, 0.8184374999999999, 0.84171875, 0.74828125, 0.86171875, 0.80828125, 0.82828125, 0.8317187500000001, 0.81828125, 0.84828125, 0.84828125, 0.80828125, 0.87828125, 0.83703125, 0.79828125, 0.80703125, 0.85703125, 0.90703125, 0.92828125, 0.92828125, 0.97703125, 0.90828125, 0.77828125, 0.90703125, 0.89828125, 0.8870312499999999, 0.85703125, 0.96703125, 0.94703125, 0.92703125, 0.90703125, 0.86703125, 0.89703125, 1.02703125, 0.91703125, 0.92703125, 0.94703125, 0.90703125, 0.97703125, 0.94703125, 0.98828125, 0.93703125, 0.95703125, 1.03828125, 1.02703125, 0.97703125, 0.92703125, 0.93703125, 0.96703125, 0.94703125, 0.91703125, 1.00703125, 1.01703125, 0.93703125, 0.96703125, 0.90703125, 0.97703125, 0.99703125, 0.98703125, 1.02703125, 1.02703125, 0.94703125, 0.96703125, 0.97703125, 1.01703125, 1.07703125, 0.94703125, 0.97703125, 1.05703125, 1.0670312499999999, 0.91703125, 1.08703125]}, "accuracy": {"averages": [0.7489, 0.7178, 0.6147, 0.605, 0.5824999999999999, 0.5239, 0.5047999999999999, 0.4789, 0.4728, 0.45630000000000004, 0.47100000000000003, 0.5278, 0.4579, 0.5359999999999999, 0.5176000000000001, 0.4864, 0.5176000000000001, 0.4736, 0.5439, 0.5208, 0.5777, 0.5779000000000001, 0.4855, 0.5126, 0.534, 0.4931999999999999, 0.5573, 0.6221, 0.5695, 0.5738, 0.6233999999999998, 0.5851999999999999, 0.5661999999999999, 0.6018000000000001, 0.5657, 0.5833999999999999, 0.6418, 0.5594, 0.6428999999999999, 0.6273, 0.5529999999999999, 0.6188999999999999, 0.49599999999999994, 0.5128999999999999, 0.5264, 0.5584, 0.5428000000000001, 0.5429, 0.5609, 0.6272, 0.6152000000000001, 0.5285, 0.4845000000000001, 0.4617, 0.5193, 0.47090000000000004, 0.5521, 0.5188000000000001, 0.5155000000000001, 0.5267000000000001, 0.4899, 0.5029, 0.5996, 0.5378000000000001, 0.5406, 0.5837000000000001, 0.46680000000000005, 0.5274, 0.48789999999999994, 0.5630999999999999, 0.5255, 0.512, 0.5798, 0.5094, 0.45039999999999997, 0.4932999999999999, 0.4847000000000001, 0.4489999999999999, 0.48459999999999986, 0.4684, 0.5066999999999999, 0.5502000000000001, 0.45319999999999994, 0.4993999999999999, 0.44939999999999997, 0.44730000000000003, 0.4482000000000001, 0.47100000000000003, 0.4972, 0.4723000000000001, 0.43579999999999997, 0.4421999999999999, 0.4140999999999999, 0.44520000000000004, 0.4726000000000001, 0.42590000000000006, 0.4387, 0.44819999999999993, 0.4978000000000001, 0.40059999999999996, 0.5236], "best": [0.87, 0.97, 0.92, 0.9, 0.94, 0.91, 0.87, 0.9, 0.9, 0.88, 0.87, 0.93, 0.88, 0.91, 0.95, 0.91, 0.9, 0.84, 0.87, 0.85, 0.9, 0.95, 0.82, 0.89, 0.89, 0.83, 0.91, 0.92, 0.86, 0.9, 0.89, 0.89, 0.81, 0.91, 0.86, 0.87, 0.92, 0.86, 0.89, 0.9, 0.85, 0.83, 0.85, 0.81, 0.82, 0.89, 0.9, 0.93, 0.84, 0.89, 0.93, 0.88, 0.86, 0.82, 0.87, 0.87, 0.87, 0.87, 0.9, 0.86, 0.87, 0.83, 0.93, 0.86, 0.9, 0.85, 0.86, 0.91, 0.88, 0.84, 0.9, 0.86, 0.85, 0.87, 0.83, 0.86, 0.91, 0.93, 0.85, 0.83, 0.88, 0.86, 0.88, 0.88, 0.85, 0.82, 0.87, 0.85, 0.88, 0.55, 0.55, 0.53, 0.54, 0.54, 0.55, 0.52, 0.52, 0.57, 0.56, 0.49, 0.63], "worst": [0.44, 0.02, 0.18, 0.05, 0.13, 0.04, 0.07, 0.08, 0.03, 0.06, 0.06, 0.08, 0.02, 0.1, 0.05, 0.1, 0.14, 0.07, 0.13, 0.08, 0.11, 0.08, 0.08, 0.09, 0.06, 0.12, 0.11, 0.08, 0.09, 0.15, 0.07, 0.08, 0.13, 0.1, 0.12, 0.09, 0.07, 0.06, 0.1, 0.24, 0.15, 0.28, 0.13, 0.13, 0.1, 0.15, 0.2, 0.23, 0.28, 0.27, 0.28, 0.15, 0.2, 0.2, 0.18, 0.15, 0.26, 0.24, 0.22, 0.2, 0.16, 0.19, 0.32, 0.21, 0.22, 0.24, 0.2, 0.27, 0.24, 0.35, 0.23, 0.25, 0.37, 0.32, 0.27, 0.22, 0.23, 0.26, 0.24, 0.21, 0.3, 0.31, 0.23, 0.26, 0.2, 0.27, 0.29, 0.28, 0.32, 0.32, 0.24, 0.26, 0.27, 0.31, 0.37, 0.24, 0.27, 0.35, 0.36, 0.21, 0.38]},