{"name": "2021-06-01_lossweights020_4", "configs": {"pop_size": 100, "mutation_rate": 0.01, "emb_layers": ["layer_1_act", "layer_2_act"], "recomb_layers": ["layer_1_linear", "layer_2_linear", "output"], "epochs": 1, "loss_weights": [0, 2, 0]}, "results": {"fitness": {"averages": [-0.21562475068463552, -0.35001943964135807, -0.40642603243182257, -0.36548134938986415, -0.45906412554335185, -0.46228036990133536, -0.4285396431916809, -0.4975753521495371, -0.34672859828084585, -0.4539443545006813, -0.4095644527448663, -0.4162355107599424, -0.42312047740224734, -0.3893785543126734, -0.36567401940706645, -0.4139072940423245, -0.37956468113110453, -0.5015172383248088, -0.3756688800906431, -0.40306833141760895, -0.38796991454266866, -0.4436473475785261, -0.4174122381477512, -0.376184673642769, -0.3941830900174728, -0.3237088876235753, -0.42982244594583846, -0.3626367801630621, -0.2780604925165978, -0.37634314543211356, -0.4121766814071538, -0.26986437360731774, -0.3572454287925357, -0.28769825365287094, -0.25844709216337125, -0.2875524774493527, -0.27258800639041303, -0.2937210802926857, -0.2574727707899845, -0.2907225991543961, -0.3737063096092086, -0.361326648059097, -0.2573094030899173, -0.24346422144913607, -0.3137333915521988, -0.32025602407259285, -0.23880811826030562, -0.24885751147138868, -0.22815469069003488, -0.3004970524234673, -0.21193220459579884, -0.24017672456066064, -0.25720694900285346, -0.2669375394061903, -0.20014635863030603, -0.2388439205012242, -0.28647665038492237, -0.20287950752585077, -0.21211393496993813, -0.220678254496512, -0.22579926476507903, -0.23611026808608615, -0.17878514088706587, -0.22776068192513144, -0.16466948503638054, -0.3074452901699241, -0.23561743816080244, -0.20094228314431703, -0.22674667276622473, -0.18486227820021636, -0.21609563519479477, -0.21749761728401104, -0.2104915658427538, -0.19758977808445988, -0.22151875475528152, -0.24671437824198533, -0.18553154580306788, -0.2699899632516177, -0.20350460098080458, -0.17557475166792216, -0.2202191808497775, -0.17069290271321794, -0.1635095713971877, -0.323128462214876, -0.24924562208047743, -0.21724521248429332, -0.17442434527261405, -0.20259780340622452, -0.16069019762124503, -0.2597450611015284, -0.21261175011181244, -0.16988558733715858, -0.24949612995802523, -0.25404348657094106, -0.18048700049382307, -0.15077929924143046, -0.16916656677629124, -0.17466437735509582, -0.22434385980886173, -0.1941293597297727, -0.24664072619152003], "best": [-3.33021355190467e-07, -0.004678697460747846, -0.050498625458466354, -0.04505779912797279, -0.03376325517348721, -0.10724526180813732, -0.10179035900228423, -0.12390487330528512, -0.10808235308491332, -0.15141329050020075, -0.15487021941387585, -0.16554426491772928, -0.14541609778599524, -0.12428607749951304, -0.12653893396436505, -0.14174290776414625, -0.140425428548354, -0.2025872349336465, -0.12794587588021444, -0.179600250318692, -0.16093247473664973, -0.17469375721258135, -0.185562412764264, -0.15201061242897684, -0.17393969432194453, -0.156692133969588, -0.19981893265813827, -0.1631407923012001, -0.12396674422898946, -0.15935627843962596, -0.15310096338288637, -0.12257682580835223, -0.14800742518931775, -0.1348673629997834, -0.13232057267800276, -0.15020595930085862, -0.1691046000207085, -0.18413828097356544, -0.15473461108718725, -0.17136840391088518, -0.22356598822244994, -0.23102703400045016, -0.15757741757951968, -0.1540258694601233, -0.1934634183078969, -0.22613855191901744, -0.1394508903446786, -0.167652274245213, -0.14398053238607875, -0.21444634151475928, -0.12520900940690366, -0.15302363603905472, -0.16915552305343928, -0.16523966236993085, -0.1384504916787042, -0.16548226727770599, -0.19015466467683304, -0.12371282033712658, -0.1460865594422568, -0.1678302900723495, -0.15313229822424912, -0.17607834970299754, -0.12719247680842133, -0.17303311985701358, -0.12045797040856585, -0.23925702051611847, -0.1720153105942252, -0.14354084042368895, -0.15600032205332465, -0.13546822890540858, -0.16969562126869064, -0.16051294113808626, -0.14539569803644575, -0.14369832190039306, -0.17391876861154076, -0.17530063466233714, -0.14328807063049098, -0.18169913686206873, -0.15936859938431958, -0.12453376518580092, -0.14799732664992757, -0.12042054340986466, -0.13013590670401787, -0.2566518988241878, -0.19231306782222443, -0.1662218793006701, -0.14507322628535121, -0.1608324867579334, -0.13267466344185366, -0.20418104338808998, -0.1585833733453325, -0.13540069909627572, -0.1944398265527749, -0.19253431706202503, -0.13475312050648403, -0.12251038301738891, -0.1175600041474734, -0.1289969297462976, -0.18464023865116833, -0.1512667905294493, -0.19056377656294846], "worst": [-0.8876841610670012, -1.253625843241782, -1.1541687963295701, -1.0997197217377594, -1.2838234912558448, -1.261609282716347, -1.2604774059843649, -1.1505419591301447, -0.9321541474249381, -1.0607990140678678, -0.8331411449566595, -0.8979886672673985, -0.9808318808225231, -0.8498172425324468, -0.7866396964160248, -0.8787443034098588, -0.7654134530447675, -0.9921914294453233, -0.6875984652017775, -0.6213687552074245, -0.6851524094191591, -0.9000056395390978, -0.7352464489912771, -0.6217156128609586, -0.7941529220827137, -0.8678933951646678, -0.880373842275468, -0.7826177805638981, -0.5307586749743899, -0.7009305499114439, -0.7633196893101266, -0.557588082533402, -0.6774763825118991, -0.6014485348575842, -0.6902768723370507, -0.5508872808016613, -0.49369679144942613, -0.6825662123539309, -0.4403893029470608, -0.5125045364490799, -0.8625912990958999, -0.7944134853804288, -0.49515054058816965, -0.4377450222962508, -0.6140981172255949, -0.5916941398415774, -0.6354247393848204, -0.4296650506684091, -0.45688680355414707, -0.4228495754259286, -0.3494550182183333, -0.46898532508126, -0.39511127436688576, -0.4707616299743249, -0.33135091826084057, -0.3574813868905305, -0.4329335666310078, -0.42719355714696255, -0.31205610901422476, -0.3741367927297282, -0.30167489778627293, -0.37449079656318945, -0.2625246037338052, -0.3339485170575376, -0.3204941115515284, -0.4815974350965677, -0.3492800938248113, -0.29257762113407454, -0.3525733641737502, -0.30434535463523127, -0.33328048263202825, -0.3144936910502384, -0.3330151445866515, -0.3863767873610381, -0.4011604995999256, -0.36779371484528983, -0.3716301357987938, -0.4237497044893841, -0.2755201708644562, -0.24854016257378603, -0.3589688061950503, -0.2717676278494593, -0.2145647468403644, -0.4081100124729778, -0.3287857728613126, -0.36717897214139705, -0.22943935871302695, -0.33214708896693607, -0.23837504216851702, -0.3963817771205854, -0.3678964189349856, -0.21805397042757108, -0.3709141780892974, -0.4033024869824102, -0.23136130744390765, -0.17802280776402726, -0.250682356715371, -0.20741055160648547, -0.3344974510673118, -0.387994730333293, -0.35389515828571966]},