{"name": "2021-06-01_lossweights100_1", "configs": {"pop_size": 100, "mutation_rate": 0.01, "emb_layers": ["layer_1_act", "layer_2_act"], "recomb_layers": ["layer_1_linear", "layer_2_linear", "output"], "epochs": 1, "loss_weights": [1, 0, 0]}, "results": {"fitness": {"averages": [0.7759000000000001, 0.6565000000000001, 0.6633, 0.6769999999999999, 0.6110000000000001, 0.6452000000000001, 0.6833999999999999, 0.5548, 0.5870000000000001, 0.5451, 0.5485, 0.5787, 0.5591999999999999, 0.5693, 0.5613000000000001, 0.5828, 0.6216999999999999, 0.591, 0.5934000000000001, 0.6280999999999999, 0.6283999999999998, 0.6420999999999999, 0.5741999999999999, 0.5924, 0.6329, 0.5886, 0.6038, 0.5679000000000002, 0.6131, 0.6550999999999999, 0.6923, 0.6241, 0.6836, 0.618, 0.6596999999999998, 0.6392, 0.6415, 0.7154999999999998, 0.6306, 0.7001999999999999, 0.746, 0.7364, 0.7260999999999999, 0.7523000000000001, 0.7875999999999999, 0.7300000000000001, 0.7554000000000002, 0.7482, 0.6938000000000001, 0.7857000000000002, 0.6845, 0.7726000000000001, 0.7604000000000001, 0.7448, 0.7199, 0.821, 0.7278000000000001, 0.73, 0.7092, 0.8036, 0.7666000000000001, 0.8460999999999997, 0.8204, 0.7464000000000002, 0.8021999999999998, 0.7891000000000002, 0.7516999999999999, 0.7973000000000002, 0.7259, 0.7806000000000001, 0.8251999999999999, 0.7866, 0.7617, 0.7397999999999999, 0.8271, 0.7708000000000003, 0.7983, 0.8327999999999999, 0.8081, 0.8000999999999999, 0.806, 0.7928000000000001, 0.8235999999999999, 0.7914, 0.7024999999999999, 0.8059000000000002, 0.7609999999999999, 0.8301999999999999, 0.8132, 0.7742000000000001, 0.7495999999999998, 0.7692999999999999, 0.7813, 0.8047999999999997, 0.7287, 0.8172, 0.8019, 0.8238999999999999, 0.8272999999999999, 0.7901000000000002, 0.7655999999999998], "best": [0.91, 0.91, 0.9, 0.92, 0.86, 0.89, 0.93, 0.87, 0.88, 0.86, 0.85, 0.87, 0.85, 0.88, 0.84, 0.9, 0.89, 0.85, 0.85, 0.87, 0.81, 0.87, 0.83, 0.84, 0.88, 0.78, 0.81, 0.78, 0.84, 0.82, 0.89, 0.78, 0.84, 0.77, 0.83, 0.82, 0.84, 0.86, 0.8, 0.83, 0.87, 0.91, 0.82, 0.87, 0.86, 0.81, 0.87, 0.84, 0.8, 0.86, 0.76, 0.86, 0.86, 0.81, 0.81, 0.9, 0.79, 0.79, 0.78, 0.86, 0.84, 0.93, 0.88, 0.83, 0.87, 0.87, 0.82, 0.86, 0.8, 0.86, 0.87, 0.84, 0.82, 0.79, 0.89, 0.82, 0.86, 0.88, 0.87, 0.87, 0.85, 0.87, 0.88, 0.85, 0.77, 0.86, 0.83, 0.89, 0.85, 0.82, 0.8, 0.86, 0.87, 0.88, 0.81, 0.86, 0.86, 0.9, 0.87, 0.84, 0.85], "worst": [0.5, 0.09, 0.11, 0.07, 0.09, 0.14, 0.11, 0.07, 0.0, 0.03, 0.02, 0.1, 0.07, 0.07, 0.08, 0.08, 0.15, 0.16, 0.18, 0.13, 0.08, 0.21, 0.11, 0.06, 0.04, 0.25, 0.14, 0.14, 0.1, 0.09, 0.23, 0.19, 0.08, 0.08, 0.18, 0.16, 0.19, 0.19, 0.09, 0.34, 0.42, 0.3, 0.35, 0.32, 0.45, 0.49, 0.48, 0.62, 0.59, 0.68, 0.58, 0.66, 0.61, 0.65, 0.57, 0.73, 0.63, 0.66, 0.62, 0.58, 0.57, 0.74, 0.74, 0.63, 0.69, 0.7, 0.65, 0.7, 0.64, 0.69, 0.77, 0.71, 0.7, 0.67, 0.72, 0.67, 0.7, 0.75, 0.67, 0.7, 0.73, 0.69, 0.76, 0.75, 0.58, 0.71, 0.67, 0.78, 0.69, 0.69, 0.68, 0.65, 0.63, 0.67, 0.6, 0.77, 0.72, 0.69, 0.76, 0.74, 0.64]}, "accuracy": {"averages": [0.7759000000000001, 0.6565000000000001, 0.6633, 0.6769999999999999, 0.6110000000000001, 0.6452000000000001, 0.6833999999999999, 0.5548, 0.5870000000000001, 0.5451, 0.5485, 0.5787, 0.5591999999999999, 0.5693, 0.5613000000000001, 0.5828, 0.6216999999999999, 0.591, 0.5934000000000001, 0.6280999999999999, 0.6283999999999998, 0.6420999999999999, 0.5741999999999999, 0.5924, 0.6329, 0.5886, 0.6038, 0.5679000000000002, 0.6131, 0.6550999999999999, 0.6923, 0.6241, 0.6836, 0.618, 0.6596999999999998, 0.6392, 0.6415, 0.7154999999999998, 0.6306, 0.7001999999999999, 0.746, 0.7364, 0.7260999999999999, 0.7523000000000001, 0.7875999999999999, 0.7300000000000001, 0.7554000000000002, 0.7482, 0.6938000000000001, 0.7857000000000002, 0.6845, 0.7726000000000001, 0.7604000000000001, 0.7448, 0.7199, 0.821, 0.7278000000000001, 0.73, 0.7092, 0.8036, 0.7666000000000001, 0.8460999999999997, 0.8204, 0.7464000000000002, 0.8021999999999998, 0.7891000000000002, 0.7516999999999999, 0.7973000000000002, 0.7259, 0.7806000000000001, 0.8251999999999999, 0.7866, 0.7617, 0.7397999999999999, 0.8271, 0.7708000000000003, 0.7983, 0.8327999999999999, 0.8081, 0.8000999999999999, 0.806, 0.7928000000000001, 0.8235999999999999, 0.7914, 0.7024999999999999, 0.8059000000000002, 0.7609999999999999, 0.8301999999999999, 0.8132, 0.7742000000000001, 0.7495999999999998, 0.7692999999999999, 0.7813, 0.8047999999999997, 0.7287, 0.8172, 0.8019, 0.8238999999999999, 0.8272999999999999, 0.7901000000000002, 0.7655999999999998], "best": [0.91, 0.91, 0.9, 0.92, 0.86, 0.89, 0.93, 0.87, 0.88, 0.86, 0.85, 0.87, 0.85, 0.88, 0.84, 0.9, 0.89, 0.85, 0.85, 0.87, 0.81, 0.87, 0.83, 0.84, 0.88, 0.78, 0.81, 0.78, 0.84, 0.82, 0.89, 0.78, 0.84, 0.77, 0.83, 0.82, 0.84, 0.86, 0.8, 0.83, 0.87, 0.91, 0.82, 0.87, 0.86, 0.81, 0.87, 0.84, 0.8, 0.86, 0.76, 0.86, 0.86, 0.81, 0.81, 0.9, 0.79, 0.79, 0.78, 0.86, 0.84, 0.93, 0.88, 0.83, 0.87, 0.87, 0.82, 0.86, 0.8, 0.86, 0.87, 0.84, 0.82, 0.79, 0.89, 0.82, 0.86, 0.88, 0.87, 0.87, 0.85, 0.87, 0.88, 0.85, 0.77, 0.86, 0.83, 0.89, 0.85, 0.82, 0.8, 0.86, 0.87, 0.88, 0.81, 0.86, 0.86, 0.9, 0.87, 0.84, 0.85], "worst": [0.5, 0.09, 0.11, 0.07, 0.09, 0.14, 0.11, 0.07, 0.0, 0.03, 0.02, 0.1, 0.07, 0.07, 0.08, 0.08, 0.15, 0.16, 0.18, 0.13, 0.08, 0.21, 0.11, 0.06, 0.04, 0.25, 0.14, 0.14, 0.1, 0.09, 0.23, 0.19, 0.08, 0.08, 0.18, 0.16, 0.19, 0.19, 0.09, 0.34, 0.42, 0.3, 0.35, 0.32, 0.45, 0.49, 0.48, 0.62, 0.59, 0.68, 0.58, 0.66, 0.61, 0.65, 0.57, 0.73, 0.63, 0.66, 0.62, 0.58, 0.57, 0.74, 0.74, 0.63, 0.69, 0.7, 0.65, 0.7, 0.64, 0.69, 0.77, 0.71, 0.7, 0.67, 0.72, 0.67, 0.7, 0.75, 0.67, 0.7, 0.73, 0.69, 0.76, 0.75, 0.58, 0.71, 0.67, 0.78, 0.69, 0.69, 0.68, 0.65, 0.63, 0.67, 0.6, 0.77, 0.72, 0.69, 0.76, 0.74, 0.64]}, "loss": {"averages": [0.08938091206764144, 0.170108235072102, 0.1830378708440731, 0.1605943751266339, 0.18310532513924133, 0.18756774337893262, 0.17225206199888582, 0.23428590734128035, 0.20857589882730657, 0.24084687244992906, 0.3088258542714187, 0.19617736156622737, 0.20724181777816028, 0.2274928066944189, 0.22247810512348298, 0.23340399345206964, 0.24316249203245757, 0.2572836967714004, 0.2129748391793999, 0.20352145497505095, 0.2049928804776666, 0.21510619803198716, 0.24502526183236256, 0.2265847457432514, 0.21421240664223312, 0.2561044667125054, 0.22592566736369968, 0.2613125523525647, 0.21853654918398513, 0.26629494998266007, 0.2390748316138573, 0.23864290804984603, 0.21551581319132856, 0.19656112067441142, 0.2146077228423014, 0.22651114597419236, 0.22499940435565569, 0.16075899668025667, 0.23216021650106577, 0.2118418756939553, 0.1902831585729773, 0.17739021350420459, 0.21121828449488877, 0.16734042390282958, 0.16546290245388456, 0.1711602308185885, 0.132948024271205, 0.19289200792189976, 0.17758081413505888, 0.1541992103607293, 0.20280055286135948, 0.20989142067108607, 0.1695157894485496, 0.14896992529523545, 0.20452304254775808, 0.13378095076885516, 0.1619222505006742, 0.1718061953075491, 0.151639607103072, 0.1585700473640449, 0.14111270888229063, 0.1313032428679675, 0.11526636326183767, 0.16629673215532226, 0.16470503718536894, 0.15072722906836222, 0.13397731940691635, 0.13874985998562392, 0.15900660628603025, 0.1504313840995067, 0.1340350632838836, 0.1321112909635405, 0.19056372335332053, 0.1601796394825061, 0.13526422179134343, 0.16483368370187043, 0.14475003956545518, 0.1309481921056338, 0.14129352069110926, 0.183243622436255, 0.16590367865916597, 0.14157323951899967, 0.17599227990535937, 0.11717304267801407, 0.2017319636248306, 0.18214307950973432, 0.14963627471058127, 0.13115232714383415, 0.11432702410451862, 0.17031396098841217, 0.17499348554703914, 0.17432730169936705, 0.12868324048415306, 0.13672455477281958, 0.1366845966486882, 0.11943991462130875, 0.16522664611032142, 0.14588844393934594, 0.139371875969785, 0.16436747032829588, 0.16259472852853082],