{"name": "2021-06-01_09-10-09_lossweights121_10", "configs": {"pop_size": 100, "mutation_rate": 0.01, "emb_layers": ["layer_1_act", "layer_2_act"], "recomb_layers": ["layer_1_linear", "layer_2_linear", "output"], "epochs": 1, "loss_weights": [1, 2, 1]}, "results": {"fitness": {"averages": [1.0138694042414789, 0.8173784050385455, 0.7603307969525838, 0.7195183391731949, 0.7465284609973406, 0.5905843323198439, 0.5859236326232184, 0.6955500289292879, 0.6063724984763036, 0.5602613798732637, 0.3976946574054494, 0.5674705764080716, 0.541286018257521, 0.6267963421626118, 0.4919202533614673, 0.5736427185825073, 0.6000782149509145, 0.5216741744570349, 0.40576335229213834, 0.6464323863959249, 0.6005612850860367, 0.5817839392686446, 0.5729211257339614, 0.5899607901805708, 0.4627484724452979, 0.6306409186267674, 0.6900479545806003, 0.7019898656755627, 0.6301009082459802, 0.8052985429235724, 0.7695107696227989, 0.5949752799563869, 0.8225948478119187, 0.7518055704075866, 0.7909099870926505, 0.7666137673887949, 0.7492733717542938, 0.750024598573412, 0.875390533776001, 0.7941853610368643, 0.7693597115487948, 0.7646988350169464, 0.8257422396867926, 0.710278958643872, 0.7388017106469352, 0.8696069340982754, 0.7826812408800963, 0.8205811426575158, 0.8581810042908473, 0.8122358791390032, 0.7816287021963505, 0.8188920803613986, 0.8451423276951111, 0.7718867802874178, 0.9466940475190552, 0.8118685851701738, 0.8936383899107697, 0.7120783594341492, 0.8751260660864905, 0.8158377575906708, 0.9131584754187645, 0.7998806422081397, 0.820041564483086, 0.8827257648341541, 0.8689312618276955, 0.8656386106749346, 0.8900365017180524, 0.8821698358820997, 0.9538623322145291, 0.8345974627776209, 0.8879467165752816, 0.9083121200290275, 0.8211222619416061, 0.8209925784397514, 0.814746228832945, 0.9168913892446792, 0.9250529720696464, 0.8661129955525679, 0.7785925686615736, 0.7368798428260978, 0.8806260598782045, 0.8934442972085594, 0.8651848144792426, 0.8615163089775076, 0.9111843238747888, 0.8841571034552753, 0.9094671084091136, 0.8692639591327108, 0.8391982131790505, 0.8976081273286158, 0.847520915172841, 0.8621898299884954, 0.8963592638268616, 0.8475370660556716, 0.8397416276206136, 0.900385437817241, 0.8874805162430442, 0.8495382509471555, 0.878089042292384, 0.9341980998029774, 0.8677432170619624], "best": [1.2234249365829633, 1.2113308046088336, 1.1708279489522675, 1.2280313296249274, 1.2589565250400976, 1.1232383629207132, 1.1411536929872497, 1.1208107534248013, 1.0087787500258452, 1.139888182222272, 0.8924346508630926, 1.0343569612827839, 1.0053766305725, 1.0371016049171824, 0.9733305712913756, 0.9814747059941702, 0.9663480236495747, 0.9747479412607702, 0.8277366595420963, 1.018986300337441, 1.0300584250186002, 0.9804826835166559, 0.902856701336705, 0.9702759481013142, 0.8474987086343536, 0.9076621815155893, 0.9046193103092179, 0.9473220182363044, 0.866419418868291, 0.9902723857684521, 0.9642821632394643, 0.7977001257629203, 0.9730708920773837, 0.9341374815139665, 0.9923731340956259, 0.9679186475636732, 0.9684769614389348, 0.9255097538984821, 1.011074758946678, 0.9747136430731431, 0.9356523980919002, 0.9588079185762961, 0.9604680071617161, 0.8989410078508123, 0.9216167173776779, 0.9631038241979718, 0.9165271854570098, 0.9696291793457935, 0.9883616353122189, 0.92410401933009, 0.911170397762012, 0.9411442636126859, 0.9446935728618062, 0.8726144584887292, 1.055933323377751, 0.9402751362171426, 0.9915750427007417, 0.8377837980717134, 0.9851628665949442, 0.9620047803737595, 1.0150091244993167, 0.9160939112519508, 0.9324824364050688, 0.9666308473165799, 0.9759518283396534, 0.9917307470433158, 0.9689186632148756, 0.9795672073160648, 1.033339477746068, 0.9295425001477227, 0.9798820192373028, 1.0127442074704196, 0.8900059492773984, 0.9102352051627747, 0.9493058256315564, 1.0086853517332397, 0.995977965931063, 0.9441958519985723, 0.9097110962994394, 0.8640683136993886, 0.974298621229033, 0.9997121745089432, 0.9571088190198633, 0.9389291762854193, 1.0013618919337892, 0.9738683163334136, 0.9880941673336826, 0.9649026075539895, 0.9403896847351669, 0.9926390991431012, 0.943167894568739, 0.9539429351468142, 1.0053337635384487, 0.9182241374793125, 0.9505762224517412, 1.0294369699984456, 0.9907179939276869, 0.9456467658810299, 0.9776243742977169, 1.0221730927329429, 0.9377837128075857], "worst": [0.44451348317250994, -0.06316760282507161, -0.13921558761967473, -0.24985560316974703, -0.1321755611299854, -0.36651756554991, -0.5377110033161339, -0.4475316664688338, -0.3196551958852769, -0.30916513268542445, -0.6437442631839974, -0.3944576555479038, -0.6458755333338206, -0.24794982168593505, -0.44332542228640215, -0.39043628269329156, -0.163309827062335, -0.23119619905901367, -0.2819491364021143, -0.04557310484694016, -0.3512586608968328, -0.11580177207612735, -0.04657656977054092, -0.07444835801462169, -0.4659413257270526, -0.34274744282404646, 0.1465878600131903, 0.19786308039371708, 0.06927695905747105, 0.3808703175691093, 0.0999152009660832, 0.17043223093325138, 0.3284008792756624, 0.2553103264142625, 0.3858051142569784, 0.2750825554499819, 0.28343852816064785, 0.3970073052322195, 0.5420234319055672, 0.08590489991053879, 0.24927171872474552, 0.3553464442471726, 0.5118419282390804, 0.3274378962434509, 0.42805943999460017, 0.6477436241978543, 0.5094921824842162, 0.4855734597880908, 0.49873900954988937, 0.512792314219774, 0.627572028684884, 0.4471142649412969, 0.6640257606342435, 0.5789807608562765, 0.8178700251636846, 0.6831196442642908, 0.7099718840860025, 0.5065819699196332, 0.7415513416930521, 0.5798139721861283, 0.7422223499298523, 0.5317998888341837, 0.6222186079719, 0.7435872078349451, 0.7266473287985857, 0.6112449742943911, 0.7775755988693862, 0.7489972562869373, 0.7214147589857738, 0.709899277984684, 0.6954100425994479, 0.7287420495853602, 0.7148999750420346, 0.6560035116303525, 0.6579659851036475, 0.751080911734053, 0.8233278677490697, 0.7552888895333842, 0.6040685806081985, 0.5033383159688162, 0.5203900985385645, 0.7733599649466756, 0.7382762884773826, 0.7228427182820971, 0.7922245534317266, 0.7996353902388824, 0.8085766146282867, 0.6450299841684249, 0.6658530445836047, 0.7212903330108956, 0.4663378551642693, 0.6941682708066962, 0.7244632608631613, 0.7587292869446163, 0.6233646412017149, 0.7416763131116741, 0.7936855464040344, 0.7098608769144741, 0.6368712541719834, 0.8070072297514501, 0.7840748005965269]}, "accuracy": {"averages": [0.7509000000000003, 0.67, 0.6532000000000001, 0.6507, 0.6644000000000001, 0.6432000000000001, 0.6033999999999999, 0.6754999999999999, 0.6707000000000001, 0.6352, 0.5687, 0.6089, 0.6466, 0.6936999999999999, 0.6446, 0.6612999999999998, 0.6722000000000001, 0.6135, 0.5354, 0.6708, 0.6858000000000001, 0.6946000000000001, 0.6872999999999998, 0.6567999999999999, 0.6298999999999999, 0.6861999999999999, 0.7171, 0.7014999999999999, 0.6982, 0.7920999999999999, 0.7827999999999998, 0.6947000000000001, 0.7810999999999999, 0.7477000000000003, 0.7784, 0.7652, 0.7726000000000001, 0.7632000000000001, 0.8119, 0.8085000000000001, 0.7572999999999998, 0.7452, 0.8111999999999999, 0.711, 0.7687999999999999, 0.8362999999999999, 0.8371999999999998, 0.7755000000000001, 0.8310000000000001, 0.7953999999999999, 0.7506999999999999, 0.7745999999999998, 0.7964, 0.7881000000000001, 0.8362999999999999, 0.7878000000000001, 0.8550000000000001, 0.774, 0.8328, 0.8273999999999999, 0.8153000000000001, 0.821, 0.7789999999999999, 0.8320000000000001, 0.7626999999999999, 0.785, 0.791, 0.8180000000000001, 0.8631, 0.7865000000000001, 0.8271, 0.8406999999999999, 0.7827999999999998, 0.7716, 0.7884999999999998, 0.8508, 0.8299999999999997, 0.8011, 0.7839999999999998, 0.7718999999999998, 0.8214000000000001, 0.8058, 0.8085999999999999, 0.7966000000000001, 0.8485, 0.8146999999999999, 0.8102999999999999, 0.8066, 0.7883000000000001, 0.8208, 0.8010999999999998, 0.7970000000000002, 0.8058000000000001, 0.787, 0.7886, 0.8023, 0.7769000000000001, 0.7825, 0.8171, 0.8467999999999999, 0.7983],