{"name": "2021-06-01_08-54-04_lossweights101_8", "configs": {"pop_size": 100, "mutation_rate": 0.01, "emb_layers": ["layer_1_act", "layer_2_act"], "recomb_layers": ["layer_1_linear", "layer_2_linear", "output"], "epochs": 1, "loss_weights": [1, 0, 1]}, "results": {"fitness": {"averages": [1.2038703125, 1.1247437500000002, 1.081071875, 1.053528125, 1.0526234374999999, 0.9503093750000002, 0.986625, 0.9706984374999998, 0.9666031250000002, 0.9582484375, 0.9069984374999999, 0.9557703125, 0.9328765625, 0.964246875, 0.904353125, 0.8601078125000001, 0.940403125, 0.9395015625, 0.9192609375000003, 0.9138375000000001, 0.9701328124999997, 0.9556, 0.9134046875, 0.91024375, 0.9119984375, 0.9352859375, 0.9223765624999999, 0.9213531249999999, 0.9115140624999999, 0.98093125, 0.9874640625, 0.9618640625, 0.9886765625000001, 1.0229171874999998, 0.9309656250000002, 0.9325921875000002, 1.0371765625, 0.9894437500000001, 0.9860625000000001, 1.0570531250000001, 0.9830468749999999, 1.004428125, 0.9724734375, 1.0128359375, 1.0535640625, 1.05918125, 1.0396390624999998, 0.975075, 0.9726328124999999, 0.9773484375, 1.0016828125000001, 0.9613375, 1.0189859375, 1.0583624999999999, 1.1293875000000002, 0.9976937500000003, 1.1018703125, 1.06143125, 1.0453375, 1.0620749999999999, 1.002103125, 1.081078125, 1.0775546875000002, 1.0705500000000001, 0.9916125, 1.0612125000000001, 1.1636875, 1.0818000000000003, 1.1222125, 1.0747375, 1.090925, 1.076925, 1.0839499999999997, 1.1780125, 1.0778999999999999, 1.1706999999999999, 1.0741875, 1.0254875, 1.1764875000000001, 1.1023749999999999, 1.101275, 1.126675, 1.1206749999999999, 1.0776750000000002, 1.125775, 1.1469749999999999, 1.173075, 1.1732749999999998, 1.191875, 1.133675, 1.1293749999999998, 1.1315749999999998, 1.167175, 1.1646750000000001, 1.158275, 1.1181750000000001, 1.143575, 1.1180750000000002, 1.1265749999999999, 1.090975, 1.140375], "best": [1.34609375, 1.32609375, 1.3560937499999999, 1.35390625, 1.3439062499999999, 1.21828125, 1.28828125, 1.2465625, 1.223125, 1.25828125, 1.20828125, 1.2665625, 1.253125, 1.24828125, 1.223125, 1.123125, 1.19828125, 1.233125, 1.163125, 1.193125, 1.23828125, 1.21953125, 1.22828125, 1.19828125, 1.171875, 1.153125, 1.191875, 1.103125, 1.191875, 1.171875, 1.203125, 1.161875, 1.183125, 1.231875, 1.141875, 1.121875, 1.221875, 1.141875, 1.181875, 1.2618749999999999, 1.161875, 1.153125, 1.131875, 1.2418749999999998, 1.221875, 1.2618749999999999, 1.231875, 1.131875, 1.131875, 1.111875, 1.161875, 1.141875, 1.161875, 1.221875, 1.231875, 1.131875, 1.2418749999999998, 1.221875, 1.161875, 1.201875, 1.161875, 1.221875, 1.191875, 1.181875, 1.1018750000000002, 1.161875, 1.271875, 1.181875, 1.221875, 1.161875, 1.211875, 1.201875, 1.161875, 1.2818749999999999, 1.171875, 1.271875, 1.171875, 1.161875, 1.2618749999999999, 1.211875, 1.211875, 1.2418749999999998, 1.211875, 1.221875, 1.231875, 1.211875, 1.251875, 1.231875, 1.251875, 1.181875, 1.191875, 1.211875, 1.291875, 1.2418749999999998, 1.231875, 1.221875, 1.201875, 1.191875, 1.201875, 1.171875, 1.211875], "worst": [1.0076562500000001, 0.41312499999999996, 0.34828125, 0.38828125, 0.40828125000000004, 0.590625, 0.584375, 0.584375, 0.604375, 0.46359375, 0.53359375, 0.53359375, 0.6135937499999999, 0.614375, 0.56875, 0.544375, 0.60828125, 0.613125, 0.66609375, 0.604375, 0.643125, 0.54828125, 0.58828125, 0.53828125, 0.573125, 0.623125, 0.593125, 0.613125, 0.673125, 0.70828125, 0.71828125, 0.603125, 0.683125, 0.553125, 0.663125, 0.663125, 0.7618750000000001, 0.723125, 0.603125, 0.7831250000000001, 0.683125, 0.603125, 0.603125, 0.623125, 0.733125, 0.703125, 0.643125, 0.5231250000000001, 0.563125, 0.603125, 0.6331249999999999, 0.5231250000000001, 0.743125, 0.7931250000000001, 0.943125, 0.713125, 0.823125, 0.563125, 0.553125, 0.533125, 0.6331249999999999, 0.683125, 0.5231250000000001, 0.503125, 0.493125, 0.563125, 0.8831249999999999, 0.803125, 0.823125, 0.713125, 0.733125, 0.853125, 0.763125, 0.803125, 0.843125, 0.643125, 0.613125, 0.613125, 0.643125, 0.911875, 0.971875, 1.0318749999999999, 0.951875, 0.921875, 1.021875, 1.0318749999999999, 1.0618750000000001, 1.0618750000000001, 1.111875, 1.0618750000000001, 1.021875, 1.0618750000000001, 1.0818750000000001, 1.071875, 1.0118749999999999, 0.951875, 1.0818750000000001, 1.041875, 1.051875, 0.991875, 1.071875]}, "accuracy": {"averages": [0.7593000000000001, 0.6924000000000001, 0.6448999999999999, 0.5897, 0.6111, 0.4807, 0.49599999999999994, 0.5097999999999999, 0.48839999999999995, 0.49610000000000004, 0.4386, 0.48120000000000007, 0.4469000000000001, 0.47619999999999996, 0.41489999999999994, 0.3746000000000001, 0.4397, 0.4404, 0.4343, 0.4179, 0.4690000000000001, 0.43810000000000004, 0.3886, 0.3878999999999999, 0.3786, 0.3997, 0.39640000000000003, 0.3994, 0.3671, 0.4614000000000001, 0.4467999999999999, 0.4387, 0.45019999999999993, 0.5003, 0.4186999999999999, 0.41809999999999997, 0.5162, 0.4845999999999999, 0.4670000000000001, 0.5600999999999999, 0.5025000000000001, 0.5381, 0.5172, 0.5585000000000001, 0.5928999999999999, 0.5884, 0.5795999999999999, 0.5182000000000001, 0.5265, 0.5252, 0.5568, 0.5054, 0.5683999999999999, 0.6043, 0.6772000000000001, 0.5590999999999999, 0.6598, 0.6219, 0.5919000000000001, 0.6102, 0.5713999999999999, 0.6509999999999998, 0.6439999999999999, 0.6468, 0.5687999999999999, 0.6384, 0.7415, 0.6593000000000002, 0.6994, 0.6513000000000001, 0.6678000000000001, 0.6537999999999999, 0.6602, 0.7551999999999999, 0.6554000000000001, 0.7482, 0.652, 0.6032999999999998, 0.7543000000000001, 0.6805, 0.6793999999999998, 0.7048000000000001, 0.6988000000000001, 0.6557999999999999, 0.7038999999999999, 0.7250999999999999, 0.7512000000000001, 0.7514, 0.77, 0.7117999999999999, 0.7074999999999997, 0.7096999999999999, 0.7453, 0.7428, 0.7364, 0.6963000000000003, 0.7217, 0.6962, 0.7047, 0.6691000000000003, 0.7184999999999999], "best": [0.93, 0.91, 0.93, 0.89, 0.88, 0.83, 0.9, 0.87, 0.9, 0.86, 0.84, 0.85, 0.92, 0.87, 0.88, 0.84, 0.85, 0.88, 0.71, 0.74, 0.75, 0.75, 0.74, 0.75, 0.75, 0.72, 0.77, 0.68, 0.77, 0.75, 0.77, 0.74, 0.76, 0.81, 0.72, 0.7, 0.8, 0.72, 0.76, 0.84, 0.74, 0.73, 0.71, 0.82, 0.8, 0.84, 0.81, 0.71, 0.71, 0.69, 0.74, 0.72, 0.74, 0.8, 0.81, 0.71, 0.82, 0.8, 0.74, 0.78, 0.74, 0.8, 0.77, 0.76, 0.68, 0.74, 0.85, 0.76, 0.8, 0.74, 0.79, 0.78, 0.74, 0.86, 0.75, 0.85, 0.75, 0.74, 0.84, 0.79, 0.79, 0.82, 0.79, 0.8, 0.81, 0.79, 0.83, 0.81, 0.83, 0.76, 0.77, 0.79, 0.87, 0.82, 0.81, 0.8, 0.78, 0.77, 0.78, 0.75, 0.79], "worst": [0.43, 0.19, 0.09, 0.07, 0.17, 0.03, 0.1, 0.1, 0.08, 0.11, 0.12, 0.11, 0.08, 0.05, 0.06, 0.06, 0.09, 0.05, 0.1, 0.12, 0.11, 0.06, 0.04, 0.03, 0.03, 0.05, 0.02, 0.04, 0.01, 0.02, 0.04, 0.02, 0.04, 0.02, 0.01, 0.05, 0.06, 0.09, 0.05, 0.13, 0.05, 0.05, 0.03, 0.08, 0.06, 0.03, 0.06, 0.04, 0.11, 0.15, 0.14, 0.07, 0.12, 0.17, 0.21, 0.06, 0.16, 0.11, 0.1, 0.08, 0.15, 0.14, 0.07, 0.05, 0.04, 0.11, 0.43, 0.35, 0.37, 0.26, 0.28, 0.4, 0.31, 0.35, 0.39, 0.19, 0.16, 0.16, 0.19, 0.49, 0.55, 0.61, 0.53, 0.5, 0.6, 0.61, 0.64, 0.64, 0.69, 0.64, 0.6, 0.64, 0.66, 0.65, 0.59, 0.53, 0.66, 0.62, 0.63, 0.57, 0.65]},