{"name": "2021-06-01_lossweights020_9", "configs": {"pop_size": 100, "mutation_rate": 0.01, "emb_layers": ["layer_1_act", "layer_2_act"], "recomb_layers": ["layer_1_linear", "layer_2_linear", "output"], "epochs": 1, "loss_weights": [0, 2, 0]}, "results": {"fitness": {"averages": [-0.22456243077378846, -0.266236261460997, -0.2687066852269572, -0.31398914853421656, -0.3826713250809604, -0.3761596648129863, -0.2937731975465605, -0.4763400637255602, -0.3891676012871442, -0.3495311163931268, -0.3646534310187256, -0.32552735616658085, -0.2698957487953535, -0.2995305831693129, -0.3120954216859075, -0.23870878565051815, -0.2060922704432304, -0.25212146886135123, -0.24340252728836265, -0.26397387980048503, -0.27034471458099235, -0.265324704574873, -0.23840211682177748, -0.2087186855237455, -0.18088169169719243, -0.2537023670170605, -0.23064780207523775, -0.1990574457726081, -0.17917077974744922, -0.14757625233382934, -0.17374341825524836, -0.14432088075320862, -0.13886509567336486, -0.14500430709816592, -0.13075991653146044, -0.13391877785494585, -0.20052956947627856, -0.1580188398665997, -0.13602678276813773, -0.13335369046680923, -0.11223280724050229, -0.12637692993060864, -0.15374898804571313, -0.19379340429570163, -0.16621919318592848, -0.1370602703444822, -0.21104246552383013, -0.1388347996928058, -0.14756896318434753, -0.1787988950046403, -0.13688811718190363, -0.12357973465600308, -0.12471798650465538, -0.13173500169903044, -0.15923027601446527, -0.1537070422899762, -0.1357252614028016, -0.14045476420684916, -0.13741541477082614, -0.127600277863583, -0.13375826790616308, -0.141094250098187, -0.1601215154344076, -0.2107459151747194, -0.10831368892899595, -0.12379428752052539, -0.18671358917778466, -0.12328553929412028, -0.14392390452909862, -0.15642621553187114, -0.11147997680673388, -0.14204008619675176, -0.17281623987240013, -0.1381813882954686, -0.17514073361300997, -0.1342212531885025, -0.10897500050897016, -0.14865307151384174, -0.14642290966063923, -0.1311766326169411, -0.13650329675725062, -0.13082790541541006, -0.12635684294827787, -0.09787685447166837, -0.13272097616236206, -0.10790672370767908, -0.13891181709973754, -0.14081234198460696, -0.14436262556097762, -0.12332558368286828, -0.11463606640450381, -0.11059320349586475, -0.11162418762265645, -0.11566025929583168, -0.14519803477149307, -0.12913873164679873, -0.12775272385499856, -0.13117429327340802, -0.11396656782078725, -0.11456911136890652, -0.1300553656891103], "best": [-1.2947367652793306e-07, -0.00214905605125215, -0.006094160647531453, -0.022204602284989498, -0.029027427528364038, -0.027643954106518227, -0.01810346570053057, -0.0277211750312281, -0.026949066165170624, -0.03374085232628947, -0.07446161795203374, -0.043605885864758095, -0.06304697079466193, -0.08883013409618834, -0.101335250384114, -0.06302283151369607, -0.05654132354438693, -0.07152079712348944, -0.0549144744144824, -0.07489101793154189, -0.05955233635251764, -0.09037044738117705, -0.08520208229411419, -0.05481752539442818, -0.06206213480883061, -0.09549697944054902, -0.09295785936063655, -0.0982509400798279, -0.0770536687889222, -0.061699685580351146, -0.06586737477225071, -0.05848226327124259, -0.06784992990721844, -0.06345713819138706, -0.06715314851825163, -0.06546023231243008, -0.11655624247611024, -0.07948896098169615, -0.06686435874529997, -0.07327644858213533, -0.05190791929663979, -0.07512263401167131, -0.0925479155575357, -0.1125440772363216, -0.10603207992323684, -0.0847347889983327, -0.1326759086413603, -0.08314263903881863, -0.08331817588208079, -0.10494412020194183, -0.0934135529370728, -0.07477095248766873, -0.08723556012642864, -0.08864681638566925, -0.0940002508076257, -0.09569881004526481, -0.08106293032623174, -0.07215157771338318, -0.08370920998361461, -0.08618904755771167, -0.08178089707567092, -0.08508391610115647, -0.10596235671506077, -0.13895479996337312, -0.06985455467827995, -0.0826986297038341, -0.11524844668916218, -0.07956577089127134, -0.0989582717082127, -0.10763942233593023, -0.08364165307179366, -0.09161764536108048, -0.1115058895725174, -0.08684242838829517, -0.13543740683753966, -0.09494236960335414, -0.07469553084979402, -0.10120987637510256, -0.10873296826418405, -0.10213570648575021, -0.09677462552216631, -0.10458157284772042, -0.09360938232361743, -0.0779586978191052, -0.09152596445735807, -0.07200055249069956, -0.09880740825400874, -0.0984714322092608, -0.10147502939112515, -0.0807680873017192, -0.08489405006212039, -0.08597479746895037, -0.08243620341916674, -0.07958668579452469, -0.08438808778276705, -0.08977318718871531, -0.08918940201746622, -0.09469039879928823, -0.08602810870137254, -0.07931298403865138, -0.09609549435226422], "worst": [-0.8309331441608915, -0.8528770154725764, -0.9848973372995986, -1.0403219794456784, -1.085711883743625, -1.0200995450902994, -1.2463239301344817, -1.624115806465336, -0.9941535663777761, -1.0957588196276566, -0.8927472373789151, -1.1802880594467862, -0.7548178183836176, -0.7616891856193495, -0.7858485038341694, -0.6185456687194999, -0.5730842459220876, -0.697460003918625, -0.670398440227423, -0.6234806735643617, -0.609403254495716, -0.7501362508326824, -0.7788655814797809, -0.8738431689476013, -0.579687123342087, -0.9043592939185314, -0.6020667028655804, -0.5069785092015019, -0.45870626988969054, -0.44949288319592107, -0.5283745637782833, -0.2524434439066915, -0.2489496202950643, -0.2794454019406457, -0.21519859884435263, -0.2400471149278767, -0.3556441139548907, -0.3109154128331173, -0.29501928541231837, -0.22518317302742058, -0.1910567835296731, -0.28276483777579603, -0.25317320380098485, -0.35193373870331524, -0.3154367445686287, -0.2359554648364941, -0.3748762644669804, -0.30514683052615466, -0.3289849160441745, -0.3401746191158512, -0.21399174571509083, -0.2451583486930582, -0.215180439280184, -0.2061103009129049, -0.34649393994960825, -0.23294893580573647, -0.2612289259446727, -0.22177012492154363, -0.27497992291871187, -0.20123742054451393, -0.2253240307834892, -0.27647008478716373, -0.3105165707970175, -0.43216754245086186, -0.16859532137404326, -0.2126845928666269, -0.37373578092026777, -0.23532033212487613, -0.2310287620526611, -0.2257534519269571, -0.1507930339892082, -0.22638224981109084, -0.4841013176013864, -0.19781930295502106, -0.2231137545203772, -0.2645920293273658, -0.17813318078415247, -0.20913216298802928, -0.20495883804281956, -0.2239241403932763, -0.1985073999953864, -0.1764878662559809, -0.2528069342256464, -0.13667699410002965, -0.21283825252703698, -0.18646491357014947, -0.19764034376433334, -0.22683659045765353, -0.34287205757322564, -0.16467795209606859, -0.17155834808904524, -0.2594621520810473, -0.17118441216271693, -0.17438067051228184, -0.32285220120775976, -0.23002097653182313, -0.19438733024057261, -0.24359333578236797, -0.15506270737697267, -0.17889452780303633, -0.2693273251166778]},