{"name": "2021-06-01_lossweights020_7", "configs": {"pop_size": 100, "mutation_rate": 0.01, "emb_layers": ["layer_1_act", "layer_2_act"], "recomb_layers": ["layer_1_linear", "layer_2_linear", "output"], "epochs": 1, "loss_weights": [0, 2, 0]}, "results": {"fitness": {"averages": [-0.17255331416361433, -0.264290723812329, -0.38448843351383716, -0.3556617548148302, -0.4418263618914453, -0.3500253426041352, -0.4529726084987853, -0.39328838355380924, -0.37922592903288854, -0.424668624628169, -0.4638750200621835, -0.3060275385871887, -0.3980118942621543, -0.3706492661178902, -0.4112682407007602, -0.39629548887485305, -0.3628758651856686, -0.3307683255008447, -0.37619368262736635, -0.3628738187724747, -0.21311503835961346, -0.3134713487151972, -0.29063089771888223, -0.34635623396326404, -0.2694627062172515, -0.25841308158442805, -0.2785398585806825, -0.21268014574553148, -0.199149533832636, -0.19419505246665392, -0.15542568267618173, -0.21062972024986035, -0.19763706065364894, -0.16571501385015844, -0.15563720055009692, -0.13518826806253437, -0.11834291849468949, -0.20860422491140493, -0.13437899992838262, -0.13815177224068104, -0.15618335551301407, -0.1530323822529287, -0.20212303214524258, -0.12781907257430933, -0.16112692996068376, -0.16216005814207307, -0.1786496824792451, -0.15215591254888078, -0.15836316431049532, -0.13548342708778394, -0.16473795888403667, -0.18986619387482173, -0.16453160053420512, -0.11638291111292805, -0.13953945776520757, -0.14036126730988366, -0.17214882085015293, -0.23871467547392336, -0.14570523191863896, -0.12533753876758744, -0.15521648606304114, -0.1286427999797664, -0.14315886514346585, -0.1413703471419832, -0.16488703065127594, -0.1340287695994502, -0.14467234507873353, -0.16774626791619493, -0.14085682613205744, -0.12248562409068203, -0.19892729322675848, -0.1721559081822425, -0.12107899033648188, -0.1569053924236769, -0.1583432952147242, -0.14748922091661643, -0.1821277804899497, -0.1187988787941324, -0.13345682165882022, -0.11699544516784574, -0.16172541277580593, -0.12765790231821877, -0.1617985008805453, -0.21645945641836564, -0.12552862787028202, -0.16640544039464153, -0.1716734270926992, -0.16807674915059018, -0.1414143403564724, -0.14794684252751672, -0.1837634754160277, -0.15919637690712243, -0.16601023976753773, -0.14542691583485873, -0.12847619557374126, -0.18405708115616742, -0.14126514169582177, -0.13753212664744777, -0.17927059019216507, -0.16791342308694732, -0.15620926824505743], "best": [-1.503829105428016e-08, -0.0047468495684417815, -0.008839669614978401, -0.033373533017198066, -0.03914863315888385, -0.08554982581603524, -0.09944516808538596, -0.09154368858156219, -0.11774739510865775, -0.10855961469264783, -0.09299181861012895, -0.059309881009825705, -0.10555257378161825, -0.07664404471850422, -0.09966659579129261, -0.0772463663917361, -0.07793745466824509, -0.0668052500974207, -0.09360997182207939, -0.12079040949625125, -0.06025219307651168, -0.10596282545791455, -0.08770027882938211, -0.09582016726955914, -0.09093537101669286, -0.09105860246581449, -0.09375889937055944, -0.09796672764852175, -0.0874372968945339, -0.10002096029400284, -0.07190404381741014, -0.1139665180432089, -0.10282695944259512, -0.0867439278521717, -0.09179572641653795, -0.0740475045418913, -0.06599374919398145, -0.12683587640159183, -0.07484865842778982, -0.08188376012010845, -0.0791243566720056, -0.09213425967408577, -0.12515605134445262, -0.07700992711250715, -0.11023667300257577, -0.11615697950843698, -0.12095011525908551, -0.0788512568169989, -0.09550960780087656, -0.07893460469955332, -0.10336566335474387, -0.10927101700637998, -0.10652286877654968, -0.07699296239576067, -0.08914329075025076, -0.08844880423789041, -0.08977914168532497, -0.16762670537603064, -0.10303650760419619, -0.08707542808518184, -0.10093885455534807, -0.0883608331914818, -0.08842576186636186, -0.0898659122007619, -0.10628475559075445, -0.0925057338603946, -0.10295465309608742, -0.11158593684094162, -0.09276601185807057, -0.0752522031620366, -0.14327693642617464, -0.10841082527117601, -0.07240557266356724, -0.11101091414360867, -0.09873782905734392, -0.10003040876943115, -0.1338580938021059, -0.08674790264481186, -0.0956597663655123, -0.09286906334544374, -0.12155597025400552, -0.09260885601378183, -0.11574000872265294, -0.13080588169615553, -0.07958782517140887, -0.10855782676527495, -0.1200403969334287, -0.11647521892479126, -0.10421896976439562, -0.09535664076892474, -0.1320704215604671, -0.10911948900638868, -0.11898923780259754, -0.10242816229912202, -0.09561021566886181, -0.13935763932117692, -0.108243477951178, -0.09199730991953423, -0.13562822041115832, -0.13354987466329885, -0.12615227966963696], "worst": [-0.6686572549815915, -1.0096974637810852, -1.2667422324633175, -1.1205003121040868, -1.24760935755203, -0.9920126500441272, -1.1362791537117314, -0.9281128764892823, -0.9024407111794033, -0.9048425863533736, -1.1582271250107787, -0.7455488298894087, -1.0162721350335677, -0.8656206942400152, -1.0334617380703908, -0.9732569514439007, -0.8347531534431928, -0.9106892837840646, -1.0899619384792847, -0.8746688435212341, -0.5584171941770608, -0.7330850917073137, -0.7228345822708845, -1.1452357843357186, -0.952693884480813, -0.8374824994716256, -0.8760760684617563, -0.8690940231742049, -0.5655012247189839, -0.6495959874533719, -0.6075441232397792, -0.6985968909387599, -0.5856334508130984, -0.490943437509997, -0.4789641773877699, -0.2879067433278861, -0.22422490434566716, -0.3995438531104859, -0.2609376182024634, -0.21631770771863232, -0.34409946074896935, -0.27410251149298465, -0.3278246273790146, -0.2167082115269912, -0.28965843069322095, -0.29461467258256857, -0.24809556601718427, -0.25436173697048303, -0.3619533978402554, -0.2542571600496805, -0.28026913103766626, -0.36647014617808943, -0.2574940067640846, -0.17470487760650105, -0.1992723768482678, -0.2566661448091641, -0.36808785469182687, -0.40004381233428166, -0.22030920161047352, -0.1890197437875247, -0.2600597717901997, -0.24681395875481543, -0.31043933659693623, -0.2790381258123258, -0.28336884593210876, -0.20062519668974838, -0.2334453982857083, -0.3051378488712086, -0.22120375838896075, -0.1902613772168945, -0.30446268672916804, -0.2789222206879453, -0.3183623200914499, -0.2269203367772858, -0.1996487126924764, -0.19122490760929034, -0.29123022878867993, -0.18704803810470513, -0.19303775029942355, -0.1547136543035476, -0.3622024427914936, -0.17598203501838208, -0.2700221543818262, -0.5274187984528571, -0.26074768786959596, -0.3073334761316041, -0.23611070351545685, -0.3080733563603443, -0.1872874737896223, -0.23604551674238392, -0.2490149414628745, -0.22501870290981832, -0.2859741761310167, -0.19400793065216554, -0.174711052740581, -0.27537787214715886, -0.22379732494213533, -0.24855962559934275, -0.26430267450085215, -0.2870493658936722, -0.19223789381486014]},