{"name": "2021-06-01_lossweights021_1", "configs": {"pop_size": 100, "mutation_rate": 0.01, "emb_layers": ["layer_1_act", "layer_2_act"], "recomb_layers": ["layer_1_linear", "layer_2_linear", "output"], "epochs": 1, "loss_weights": [0, 2, 1]}, "results": {"fitness": {"averages": [0.2795562956635357, 0.1412730177736951, 0.05020151236075595, 0.08443618180422069, 0.058285901821237315, 0.08590930685783447, 0.0514073821080422, -0.05884102768963739, 0.024062209490900724, 0.0005990212457285082, 0.022525195044224375, -0.007255635866888178, -0.005505391385209652, -0.013239131505345622, -0.05940229743496421, -0.03787859455190908, -0.10974855845002032, -0.07267438873665288, -0.03196005491814828, 0.02628913820841582, -0.029079506367773185, -0.09161929214467548, -0.027669695414118223, 0.007652319050279602, -0.010795373265570157, 0.03915204203581577, 0.09406658761859346, 0.11373216593898679, 0.07970844518923481, 0.07795257136263418, 0.11287115554560068, 0.11114493546261828, 0.019835752056636888, 0.1895197869505289, 0.2136013867129843, 0.19907733329739208, 0.11928291182651683, 0.18386283486343719, 0.18361512339482552, 0.23389985782704542, 0.1592724725288549, 0.17082471647017036, 0.20058667809741365, 0.16669437113805163, 0.266545339590325, 0.26011753339583227, 0.20798293905708948, 0.12167921771194098, 0.19020919085680033, 0.22678336261868956, 0.21543156596420837, 0.20305873459227639, 0.25277098694525074, 0.26747766793375755, 0.21975679793866307, 0.2608999699696543, 0.22538756828670803, 0.25014966115176085, 0.2579085732875858, 0.22884756003315548, 0.2686317581043399, 0.24280323477342042, 0.24972000311663414, 0.22019246864430247, 0.23847872402364662, 0.24504992395922387, 0.2326915484163349, 0.2130032735895859, 0.2645656574109757, 0.2201314783528076, 0.2360154375160943, 0.22189855616311924, 0.2443530267453035, 0.25424498640006676, 0.2723361810423253, 0.22368450138975826, 0.23331549037723698, 0.25525440028138907, 0.248742225687089, 0.2580552624874181, 0.24164787685546085, 0.26438442115057575, 0.23230017467140818, 0.2862225411209366, 0.278501605875311, 0.2574437673027792, 0.20933621171499578, 0.259264988403688, 0.2565995844823725, 0.23682803227899377, 0.26452208492818147, 0.24837740363760943, 0.25823573746742595, 0.2659840696918028, 0.20642432355350732, 0.27725784775695994, 0.2822963762664581, 0.22298550771955244, 0.23205416912512747, 0.2631465405774382, 0.2678378653404534], "best": [0.4013417158688337, 0.3595746009401282, 0.31952577114109926, 0.3361999127959342, 0.3100694748781042, 0.3263808418850531, 0.293984828527276, 0.18826294756334142, 0.30812821806085267, 0.28594150043354705, 0.3061213850852154, 0.30303080428917395, 0.27162418309348013, 0.23316668323708498, 0.27249774434084356, 0.26808691449346356, 0.20263773649750655, 0.20523915544159518, 0.21707638266867457, 0.27847039176623245, 0.2520790484614764, 0.21345031696003702, 0.23223774310675627, 0.2705103315642322, 0.25287613364862915, 0.29600603447452045, 0.2573757515881276, 0.2731120058763987, 0.2585270421983683, 0.24883804183215255, 0.27853372526579995, 0.2973054633659954, 0.238661037027648, 0.31150448503226, 0.32152659849202914, 0.2911134261537276, 0.2267360984294856, 0.30351852056534967, 0.2912075415126696, 0.33514801918991965, 0.2550481457422625, 0.2848208211330894, 0.2972043043261051, 0.27060955379702045, 0.3261111816525665, 0.32046399807144754, 0.27008069485425207, 0.2053592256770918, 0.273383697125663, 0.293590048358797, 0.2899466350490729, 0.27148760081951084, 0.30428075183251746, 0.3234775511986574, 0.291060851557122, 0.31029395570291973, 0.2779021531795138, 0.29907815330271326, 0.2926093461115855, 0.29307518756870216, 0.3146893447989588, 0.29662878529934456, 0.3041426402542442, 0.28742958016649967, 0.2830837804599139, 0.28945206478979574, 0.28227485615741355, 0.2631428483314195, 0.3020540333396933, 0.2908951431936083, 0.2921687825489049, 0.2704833274331408, 0.2974246495707307, 0.30131370360461746, 0.30471527140293087, 0.26775054896383144, 0.2797560059165003, 0.29044692982844283, 0.288133168619589, 0.29928188492400065, 0.2914277902975677, 0.2984768088938644, 0.27377202604394585, 0.31002833490351833, 0.3122488518628471, 0.28536835871453925, 0.23964523980176056, 0.2896556680370258, 0.2818501587214056, 0.2745117699116629, 0.29628033131797404, 0.2837622458772221, 0.2910862117646443, 0.2973554056386972, 0.2504617067667218, 0.30555203830942773, 0.30877641559473745, 0.26171600225485125, 0.26122486223445573, 0.2904381201601824, 0.29652791629330993], "worst": [0.04718666225763912, -0.7833158325770735, -0.576463001449552, -0.4806155066238911, -0.426279931091301, -0.5776623099701461, -0.4826876604963044, -0.8558712974358504, -0.5958046116106233, -0.4798833502787372, -0.4413226751793786, -0.4996268604777364, -0.44798026642128086, -0.497843825115735, -0.5943043479036699, -0.5251466716333032, -0.5884998631058975, -0.5621779263918767, -0.3630343107340882, -0.38505288392860837, -0.4980004354163694, -0.6045595474474766, -0.46185115461703385, -0.4550662964692519, -0.47244834901185107, -0.31242624680229836, -0.3499585985561806, -0.34231300600894643, -0.2968020491226476, -0.2753313424441911, -0.22776409406042242, -0.2863223421329162, -0.3561607839396246, -0.09812565306442617, -0.009206175688792645, -0.16707725002152363, -0.3332854803235803, -0.2361388340271191, -0.11889777324240863, -0.054394778756723605, -0.2203810750715668, -0.24132338093107952, -0.17673517161221497, -0.19195883342778863, 0.19206908092387565, 0.19880708485998427, 0.12977996378525553, -0.031053213715814598, 0.06471140722602725, 0.14069718713358342, 0.020421395072974025, 0.057874056222605996, 0.14401746682117655, 0.1833328551616521, 0.08203300166979849, 0.15997037711756834, 0.14131839320055561, 0.09841108202226284, 0.18859519254833376, 0.05195589555251273, 0.12719631554505006, 0.10916332097253117, 0.17319502039719026, 0.13745274976803623, 0.15369345550857622, 0.16105522595457222, 0.15526327650315036, 0.09119436259922403, 0.12781575750447216, 0.018626778518539833, 0.17042447808017225, 0.14897311367958876, 0.16700975883439823, 0.18776397847883233, 0.18032215388989947, 0.14456896589828516, 0.11512164782594209, 0.15712520785393197, 0.15945382768028327, 0.17530660366474737, 0.10385808071886016, 0.1585240053252266, 0.0725480962906877, 0.2591831721919883, 0.20185392848160982, 0.21547935889956044, 0.16312562542485365, 0.18428462708178073, 0.22447300905357087, 0.19738808377591388, 0.11291887243853715, 0.11646463515834815, 0.21728734495935514, 0.20214287197462846, 0.13282530614264765, 0.22653568110146236, 0.2500167100250944, 0.19267952136818522, 0.20177848372616564, 0.2142465750496942, 0.21604771716161633]},