{"name": "2021-06-01_lossweights100_3", "configs": {"pop_size": 100, "mutation_rate": 0.01, "emb_layers": ["layer_1_act", "layer_2_act"], "recomb_layers": ["layer_1_linear", "layer_2_linear", "output"], "epochs": 1, "loss_weights": [1, 0, 0]}, "results": {"fitness": {"averages": [0.7691000000000001, 0.7161, 0.6531, 0.6165999999999999, 0.6442999999999999, 0.6215999999999999, 0.6253, 0.6271999999999999, 0.6402000000000001, 0.6498, 0.5575999999999999, 0.6427, 0.6439999999999999, 0.5324, 0.6102000000000001, 0.6422999999999999, 0.6296, 0.591, 0.5687000000000001, 0.5419999999999999, 0.5352, 0.6263000000000001, 0.6052000000000001, 0.6018999999999999, 0.5649, 0.5986999999999999, 0.5718, 0.6221, 0.6012000000000001, 0.6073000000000001, 0.6278, 0.6628000000000001, 0.6406999999999999, 0.6817000000000002, 0.6602000000000001, 0.6651, 0.6212000000000001, 0.5883, 0.6641000000000001, 0.6822, 0.6640000000000001, 0.6857000000000001, 0.6673999999999998, 0.6426000000000001, 0.6358, 0.6334, 0.6332000000000001, 0.6381999999999999, 0.7208000000000001, 0.6199999999999999, 0.6838, 0.6902999999999999, 0.7195, 0.6498, 0.7493000000000001, 0.6844999999999999, 0.7964, 0.7722000000000001, 0.7553, 0.7079000000000001, 0.6659, 0.7617, 0.7318000000000002, 0.7381, 0.7726, 0.7691, 0.7349000000000001, 0.7788, 0.7859999999999999, 0.7602000000000001, 0.7685, 0.7634000000000001, 0.7566000000000002, 0.7819999999999999, 0.7661000000000001, 0.7631999999999999, 0.7571999999999999, 0.7319, 0.7431, 0.8175, 0.7748999999999998, 0.7428999999999999, 0.7777, 0.8064, 0.8752999999999999, 0.8286, 0.7930999999999999, 0.7812000000000002, 0.7717999999999998, 0.8098000000000001, 0.7870000000000001, 0.7976000000000001, 0.7725000000000002, 0.7071999999999998, 0.7803999999999998, 0.8077000000000001, 0.8048000000000001, 0.8081, 0.7780000000000002, 0.764, 0.8480999999999999], "best": [0.9, 0.95, 0.91, 0.89, 0.93, 0.92, 0.87, 0.88, 0.89, 0.9, 0.85, 0.9, 0.91, 0.85, 0.86, 0.87, 0.87, 0.84, 0.87, 0.86, 0.85, 0.87, 0.84, 0.78, 0.85, 0.85, 0.8, 0.91, 0.85, 0.84, 0.85, 0.85, 0.81, 0.86, 0.84, 0.89, 0.86, 0.83, 0.86, 0.89, 0.84, 0.92, 0.87, 0.83, 0.81, 0.79, 0.78, 0.75, 0.85, 0.8, 0.85, 0.8, 0.85, 0.78, 0.87, 0.85, 0.9, 0.86, 0.83, 0.83, 0.78, 0.84, 0.83, 0.82, 0.85, 0.86, 0.84, 0.9, 0.89, 0.86, 0.86, 0.86, 0.88, 0.89, 0.83, 0.85, 0.84, 0.82, 0.83, 0.9, 0.88, 0.8, 0.87, 0.89, 0.96, 0.9, 0.9, 0.85, 0.87, 0.9, 0.86, 0.88, 0.85, 0.78, 0.9, 0.86, 0.9, 0.87, 0.86, 0.83, 0.9], "worst": [0.5, 0.15, 0.12, 0.05, 0.05, 0.07, 0.11, 0.11, 0.1, 0.18, 0.11, 0.13, 0.18, 0.07, 0.02, 0.13, 0.15, 0.08, 0.11, 0.15, 0.07, 0.21, 0.13, 0.18, 0.26, 0.18, 0.19, 0.2, 0.28, 0.21, 0.21, 0.24, 0.36, 0.31, 0.08, 0.13, 0.08, 0.11, 0.32, 0.4, 0.36, 0.3, 0.35, 0.34, 0.3, 0.22, 0.33, 0.36, 0.38, 0.14, 0.21, 0.44, 0.51, 0.4, 0.45, 0.41, 0.48, 0.66, 0.64, 0.57, 0.5, 0.56, 0.59, 0.55, 0.53, 0.53, 0.45, 0.67, 0.68, 0.63, 0.65, 0.64, 0.62, 0.65, 0.69, 0.62, 0.59, 0.54, 0.64, 0.72, 0.67, 0.64, 0.57, 0.61, 0.73, 0.74, 0.66, 0.69, 0.63, 0.69, 0.69, 0.71, 0.65, 0.59, 0.59, 0.7, 0.7, 0.71, 0.59, 0.69, 0.75]}, "accuracy": {"averages": [0.7691000000000001, 0.7161, 0.6531, 0.6165999999999999, 0.6442999999999999, 0.6215999999999999, 0.6253, 0.6271999999999999, 0.6402000000000001, 0.6498, 0.5575999999999999, 0.6427, 0.6439999999999999, 0.5324, 0.6102000000000001, 0.6422999999999999, 0.6296, 0.591, 0.5687000000000001, 0.5419999999999999, 0.5352, 0.6263000000000001, 0.6052000000000001, 0.6018999999999999, 0.5649, 0.5986999999999999, 0.5718, 0.6221, 0.6012000000000001, 0.6073000000000001, 0.6278, 0.6628000000000001, 0.6406999999999999, 0.6817000000000002, 0.6602000000000001, 0.6651, 0.6212000000000001, 0.5883, 0.6641000000000001, 0.6822, 0.6640000000000001, 0.6857000000000001, 0.6673999999999998, 0.6426000000000001, 0.6358, 0.6334, 0.6332000000000001, 0.6381999999999999, 0.7208000000000001, 0.6199999999999999, 0.6838, 0.6902999999999999, 0.7195, 0.6498, 0.7493000000000001, 0.6844999999999999, 0.7964, 0.7722000000000001, 0.7553, 0.7079000000000001, 0.6659, 0.7617, 0.7318000000000002, 0.7381, 0.7726, 0.7691, 0.7349000000000001, 0.7788, 0.7859999999999999, 0.7602000000000001, 0.7685, 0.7634000000000001, 0.7566000000000002, 0.7819999999999999, 0.7661000000000001, 0.7631999999999999, 0.7571999999999999, 0.7319, 0.7431, 0.8175, 0.7748999999999998, 0.7428999999999999, 0.7777, 0.8064, 0.8752999999999999, 0.8286, 0.7930999999999999, 0.7812000000000002, 0.7717999999999998, 0.8098000000000001, 0.7870000000000001, 0.7976000000000001, 0.7725000000000002, 0.7071999999999998, 0.7803999999999998, 0.8077000000000001, 0.8048000000000001, 0.8081, 0.7780000000000002, 0.764, 0.8480999999999999], "best": [0.9, 0.95, 0.91, 0.89, 0.93, 0.92, 0.87, 0.88, 0.89, 0.9, 0.85, 0.9, 0.91, 0.85, 0.86, 0.87, 0.87, 0.84, 0.87, 0.86, 0.85, 0.87, 0.84, 0.78, 0.85, 0.85, 0.8, 0.91, 0.85, 0.84, 0.85, 0.85, 0.81, 0.86, 0.84, 0.89, 0.86, 0.83, 0.86, 0.89, 0.84, 0.92, 0.87, 0.83, 0.81, 0.79, 0.78, 0.75, 0.85, 0.8, 0.85, 0.8, 0.85, 0.78, 0.87, 0.85, 0.9, 0.86, 0.83, 0.83, 0.78, 0.84, 0.83, 0.82, 0.85, 0.86, 0.84, 0.9, 0.89, 0.86, 0.86, 0.86, 0.88, 0.89, 0.83, 0.85, 0.84, 0.82, 0.83, 0.9, 0.88, 0.8, 0.87, 0.89, 0.96, 0.9, 0.9, 0.85, 0.87, 0.9, 0.86, 0.88, 0.85, 0.78, 0.9, 0.86, 0.9, 0.87, 0.86, 0.83, 0.9], "worst": [0.5, 0.15, 0.12, 0.05, 0.05, 0.07, 0.11, 0.11, 0.1, 0.18, 0.11, 0.13, 0.18, 0.07, 0.02, 0.13, 0.15, 0.08, 0.11, 0.15, 0.07, 0.21, 0.13, 0.18, 0.26, 0.18, 0.19, 0.2, 0.28, 0.21, 0.21, 0.24, 0.36, 0.31, 0.08, 0.13, 0.08, 0.11, 0.32, 0.4, 0.36, 0.3, 0.35, 0.34, 0.3, 0.22, 0.33, 0.36, 0.38, 0.14, 0.21, 0.44, 0.51, 0.4, 0.45, 0.41, 0.48, 0.66, 0.64, 0.57, 0.5, 0.56, 0.59, 0.55, 0.53, 0.53, 0.45, 0.67, 0.68, 0.63, 0.65, 0.64, 0.62, 0.65, 0.69, 0.62, 0.59, 0.54, 0.64, 0.72, 0.67, 0.64, 0.57, 0.61, 0.73, 0.74, 0.66, 0.69, 0.63, 0.69, 0.69, 0.71, 0.65, 0.59, 0.59, 0.7, 0.7, 0.71, 0.59, 0.69, 0.75]}, "loss": {"averages": [0.0876066807443027, 0.13731993851294458, 0.18362650533599992, 0.19967189300024032, 0.2400898321756452, 0.1975598562416373, 0.2056542583468935, 0.19991347250943023, 0.21402265752408767, 0.1790437032521503, 0.22638382430637144, 0.21551868114865258, 0.24221603045244408, 0.23903186245964647, 0.20474340001074878, 0.2102748479081203, 0.222619784165402, 0.24902160558971675, 0.24843130029526203, 0.23212259358012463, 0.30443591278589904, 0.27503651207843954, 0.2085716265561721, 0.24712057512312646, 0.27537035165478263, 0.2645953374215746, 0.2681644532217245, 0.2502075869695925, 0.3098187912114029, 0.2277441671831883, 0.21365560749263968, 0.1976738358559304, 0.24761256872968002, 0.2154186171704974, 0.25353507831900984, 0.2105435562075118, 0.25731371721983204, 0.2451888092941847, 0.21498463465207793, 0.2313553277235206, 0.22368798089569872, 0.1914801324248026, 0.22140067566821872, 0.24830146882842322, 0.2722535150978599, 0.22000269270804956, 0.22613150335719012, 0.24912162191200896, 0.2225542914851971, 0.2877191953080871, 0.16610459776114772, 0.29233107619970783, 0.20233584505268812, 0.22318317442650937, 0.18045818378411618, 0.24999962676214732, 0.15380722130576413, 0.1872287088644476, 0.16031895289190248, 0.22743166038258028, 0.20657281638218733, 0.19708565497181937, 0.22536728437717887, 0.1715401419299942, 0.16777976348522244, 0.1758809844679577, 0.17169542103393895, 0.1954005207173766, 0.2036825273130874, 0.17959153213780105, 0.15427331438480738, 0.2138264312845613, 0.15500721575992793, 0.18582238206484106, 0.2042709492900396, 0.2179520225739289, 0.18409603512311903, 0.16403472759033133, 0.16966576879727682, 0.16726231262641852, 0.2069191873948884, 0.21994332655269183, 0.15991465859328707, 0.21386106858669066, 0.14868202798175703, 0.12717036324727524, 0.22027768617658858, 0.17976246374501453, 0.2113702994681884, 0.16786421843180072, 0.1802551773252956, 0.2349890695428994, 0.20676116131104183, 0.21895734205420872, 0.19156366174867784, 0.17648453917137147, 0.18005942030035274, 0.2161249894795143, 0.24393096432140335, 0.20281169351017247, 0.19351128490964453],