{"name": "2021-06-01_lossweights021_8", "configs": {"pop_size": 100, "mutation_rate": 0.01, "emb_layers": ["layer_1_act", "layer_2_act"], "recomb_layers": ["layer_1_linear", "layer_2_linear", "output"], "epochs": 1, "loss_weights": [0, 2, 1]}, "results": {"fitness": {"averages": [0.22436903083507848, 0.15667351755627934, 0.12185370624000734, 0.017092861133480377, 0.04446466446431102, -0.05264759751470814, 0.04037728110469706, -0.06450041042871459, 0.0062747815917519835, -0.13460551245453456, -0.06780331105140462, -0.16536449896286215, -0.07794840552035391, -0.04346501000895928, -0.009067146906818084, -0.12094622837834931, 0.0606083442916962, -0.22436689668188026, -0.0013009986948779011, -0.03183185457919293, -0.1490967200799933, -0.04708050568499941, 0.03200120952322453, 0.026993250316869215, 0.005181413530682862, -0.042349482710181095, -0.056718386711009795, 0.018182931418742977, 0.03635825529845521, 0.0038173914167517727, -0.003136237759993225, -0.016191298799892048, 0.02506605188688254, 0.011683594554769767, 0.04840138004409085, 0.04475002898108316, 0.06614299448575829, 0.060723498276884016, 0.05787959169086772, 0.0458622801406174, 0.018807931925370773, 0.04342168101156075, 0.02143854806385765, 0.025169161308893434, 0.06806487962308677, 0.07292936476015145, 0.03777675130638796, 0.02773604313209391, 0.07649297138561983, 0.09878829138002321, 0.05127343058801521, 0.0782359525506224, 0.07431155050730426, 0.03225737604265928, 0.10030908335983604, 0.059342260495295555, 0.09434483551898674, 0.06558939947865984, 0.03672764211984971, 0.12126022059569401, 0.024911313598724984, 0.05261812978776815, 0.08152124207795768, 0.05153569752249478, 0.05880271191680341, 0.05742701199303793, 0.09228291366032146, 0.04501261769334975, 0.08153354575610812, 0.08352791572315889, 0.062044961690712636, 0.05396626508163047, 0.080929738628145, 0.09946272627307888, 0.1149273633844441, 0.10739607582107949, 0.10448937719569941, 0.14044056752785627, 0.09816548414058297, 0.14845436724776945, 0.11564393754948017, 0.11410533515951263, 0.118487306785596, 0.10682217867191943, 0.04526115125292584, 0.14030242026715864, 0.0993981248145475, 0.10575064425749287, 0.126242891020853, 0.11467272241311348, 0.12420648665343183, 0.10685928892590037, 0.0981827641620634, 0.11613742764391505, 0.1218140366486614, 0.09423731669048889, 0.07331391745634201, 0.11826066565448637, 0.09895032771993212, 0.0922359993173146, 0.09729615892529933], "best": [0.3556690228211558, 0.3743933511999279, 0.3672087141653296, 0.3648262831077304, 0.32897302209346535, 0.3013059405349245, 0.2901917193849233, 0.2883120533798872, 0.31689869920450503, 0.19998098950084742, 0.2692900525293322, 0.24157134424904614, 0.2384083612614354, 0.2604520904028279, 0.22269286832461727, 0.17032646328685735, 0.23935561617831108, 0.13787853903769431, 0.2243989010002964, 0.19982620417796756, 0.1810915357067424, 0.15124214665071067, 0.22253991390617567, 0.21584639911374037, 0.20576918121005333, 0.17090894830914, 0.2014086218196976, 0.18616098004775233, 0.18113962025756736, 0.17782654005324283, 0.18318359234523124, 0.1705242206865457, 0.17287855558080922, 0.13835850977607805, 0.22813741804164872, 0.16531029468351688, 0.17328738137532784, 0.1928171766712462, 0.1883394106089853, 0.1820767886202554, 0.14606479214530946, 0.14618195805405687, 0.14978738455515184, 0.16198769575489097, 0.1594416005723544, 0.18702934406708746, 0.14768053367796127, 0.13034437893339135, 0.17696368837901086, 0.18458961267988058, 0.14503681291802656, 0.15069086096578788, 0.19553968145047101, 0.14067206679137623, 0.17128471086678418, 0.1548985659203878, 0.1741649009041787, 0.15268572053819432, 0.13212393170034548, 0.17394764237972693, 0.13846415675227264, 0.12823501974001827, 0.1533891649792569, 0.1517047539304258, 0.12350757984532951, 0.14208239324472868, 0.18623209360302373, 0.11523153483181045, 0.15517220850487667, 0.14649734253634888, 0.14431016609250347, 0.13263391284800197, 0.14150998291517228, 0.16104177855665913, 0.16502138120677076, 0.15058656337664864, 0.1420108304279949, 0.18514492907286006, 0.152346534602272, 0.20011664392927445, 0.16701678604021858, 0.16171353991666298, 0.1536481321467624, 0.1543281550830749, 0.11686021923362963, 0.18723526015448277, 0.1506580335847078, 0.16777073549490965, 0.18167575190096072, 0.15764263072805398, 0.15672095534243652, 0.15363778680641849, 0.1423500553045898, 0.17156509161264194, 0.1632241520327456, 0.15248209796329412, 0.1471758936771166, 0.16474559037612876, 0.14261136469507912, 0.12901530177432047, 0.13298649083723546], "worst": [-0.09961505066326737, -0.6814586417559265, -0.5968730393451757, -0.7009414292914089, -0.759007992987645, -0.6177723440671069, -0.6691658189217562, -0.727836593589581, -0.5633379580897186, -0.5459561491757605, -0.49079554393213565, -0.8403335086579251, -0.6104663232055856, -0.49130370655000055, -0.4466002607285915, -0.6517262607949663, -0.2450233620730249, -0.6480900928018551, -0.41166740244168887, -0.4498476021228395, -0.502728885482838, -0.37782667584949303, -0.4131547122907212, -0.33885179393120934, -0.3385653302271452, -0.4313877070256793, -0.48793863438150764, -0.3604676420598756, -0.2794303363255479, -0.417354511048346, -0.30895620390906686, -0.28109598815939485, -0.20748243142624478, -0.34743938520094464, -0.20330876571572454, -0.2525411051134515, -0.2302202798831694, -0.11608458147084733, -0.18861951764338325, -0.11267419899850473, -0.2538118707592959, -0.13730223625917648, -0.2233120476092283, -0.35412578942761697, -0.1451424570456502, -0.24991057576242925, -0.3463798693038026, -0.3232420236898259, -0.26028362586754605, -0.23238422014029925, -0.3638372843662645, -0.13812114612908444, -0.2524818080201259, -0.10810610985295555, -0.12246596839716806, -0.0702334347057274, -0.19487669770185145, -0.3653726320509877, -0.25195275428697506, -0.0033771106186626376, -0.2198975553336464, -0.05470337006385817, -0.2024972326302611, -0.2027524114586542, -0.09985411642416941, -0.14299130627153833, -0.06941631260652947, -0.05904181919462659, -0.05566027139567553, -0.12456546951996395, -0.1288421392338388, -0.22397587911647054, -0.05310324997423721, -0.07196923082090845, -0.04915559927111657, -0.08007766120426973, -0.07228320796234733, 0.01939644116172662, -0.21485754556072822, -0.007206615276136086, 0.014435450789203497, 0.018282547815857364, -0.02911973245166788, 0.041096280441458855, -0.12373926683501446, 0.06315605967571025, 0.03296338451952796, -0.008952918164196189, 0.01007033221541015, 0.07211005162046422, 0.06193506625205053, -0.04741349034906123, 0.04471332886296936, 0.03150523315309928, 0.0579989183007204, -0.0537500584489764, -0.031714549786161506, 0.06685441293077443, 0.023106802122314085, -0.00415162105318434, 0.060041947194805656]},