{"name": "2021-06-01_09-06-40_lossweights121_9", "configs": {"pop_size": 100, "mutation_rate": 0.01, "emb_layers": ["layer_1_act", "layer_2_act"], "recomb_layers": ["layer_1_linear", "layer_2_linear", "output"], "epochs": 1, "loss_weights": [1, 2, 1]}, "results": {"fitness": {"averages": [0.9604866717762658, 0.792158702910238, 0.8100440927836678, 0.7452727432932746, 0.6724491606353341, 0.6080150026458164, 0.6096077804150053, 0.5559263100757745, 0.538012102049587, 0.6150355526306917, 0.7016756419973516, 0.7438196711382398, 0.761204369628616, 0.7328671945002552, 0.7763787355557455, 0.8347565314406463, 0.8633676112531807, 0.8270631352273543, 0.9230797375937766, 0.8584307613728117, 0.8827350926337332, 1.003922655186652, 0.9215139397167299, 0.9476881373329162, 0.9601737983962545, 0.938117688518618, 0.9600497089046351, 0.9690870479469644, 1.0217872664064447, 0.9830571960911426, 0.982035380782778, 0.9435805635030572, 0.9684352287300674, 0.9695155259847891, 0.9635759976376417, 1.0165169994971477, 0.9737590964033092, 0.9739130874329334, 0.9064941945498102, 0.9511466160374838, 1.0128713774462348, 1.0107846678458683, 1.0055402426854894, 0.9363245964258249, 0.9090984682692845, 0.9396414857142962, 1.0109846852257602, 0.9935479307646284, 0.9678221892909302, 0.9393536848751279, 0.9546007319616464, 0.9442806013948133, 0.9790704137927336, 1.0018638847482197, 1.0109785129387852, 0.9403324208688144, 1.0526982492748522, 0.8089048790136834, 0.9924031051953098, 0.9650364755003761, 1.0179056001358358, 1.0039238122809169, 0.9946686711673425, 1.0231132619325516, 1.0135231923601837, 1.0048197615538215, 0.965641305739861, 1.0022347768076465, 0.9005250493605372, 0.9468087562377997, 0.9710160171759338, 0.9639326851841256, 1.0018927498004822, 0.9752391694915714, 0.9686382277238598, 1.0063959123649397, 1.004856829023487, 0.9505393655242311, 0.9587259112114175, 0.8751002820610875, 0.9442405832218924, 0.9688033264870706, 0.953581392139982, 0.9200450583774571, 1.0369716556207278, 0.9374212366783575, 0.9885941405155779, 0.9851182771625847, 0.9283697162938962, 0.9532930839661965, 0.9913357151120062, 0.9722213734726065, 1.055180400938984, 0.9633119690102118, 0.9783164627195943, 0.9628290951476707, 1.0519840671166738, 1.0337085057029427, 1.0035806168682873, 1.030604637534407, 1.0204143378319228], "best": [1.1225080329679493, 1.1788076755877783, 1.2067669747094951, 1.1725859310273778, 1.143091455691728, 1.1431925538993288, 1.0324729509709547, 1.0379177995664546, 1.010892797229363, 1.0373399184133465, 1.0133034596960822, 1.0374252684280054, 1.0357148053736118, 1.0439237705932083, 1.0294294810557134, 1.0494717695409301, 1.0491792821239299, 0.9673713046993031, 1.0345679125566725, 0.9681204049275005, 0.9887489102236785, 1.0866885508133852, 1.0078110345675966, 1.051363929643096, 1.0461715384139039, 1.0259337433697282, 1.0477774657480927, 1.0474480149744383, 1.0895845746132862, 1.0370169116302548, 1.0642700452761131, 1.0078484231568783, 1.0345990052676193, 1.0310066257753074, 1.0213509388543458, 1.0726228886465536, 1.017785387810729, 1.0451512112026724, 0.9917176687255277, 1.0070553991294924, 1.069224548386813, 1.0585871131351317, 1.079412523595734, 0.9997722176261747, 0.9871024138076111, 1.0203609428829552, 1.055098194851448, 1.040304921416864, 1.0333468700438877, 0.9924771797042911, 1.010009641145814, 1.0024834564047649, 1.0240617735855175, 1.0520507175431317, 1.0729855126162546, 0.9977445663816611, 1.0880740539317035, 0.9077655184364218, 1.0461558250476943, 1.0055749386443464, 1.0713038018665424, 1.0516829761700148, 1.0421312575124477, 1.073093362622902, 1.0545435440914304, 1.0435960624012683, 1.0121552109070864, 1.0462285766819481, 0.9517662785612196, 0.996598792737184, 1.0200833487699048, 1.0024743555510596, 1.0415254979049176, 1.044221129257779, 1.0154215024036468, 1.046224384855647, 1.0557464957537874, 0.9918395828598099, 0.9934589241362058, 0.9297783131757914, 0.9913425038453741, 1.0143567956631738, 0.9966145978170482, 0.9906912435544954, 1.0991790904872345, 1.0183136400446857, 1.0260705100187315, 1.049280079312291, 0.9850080959319104, 1.0127102245591268, 1.0517074039448278, 1.0472541902442765, 1.0931267986039013, 1.0133451414297834, 1.0267679314904339, 0.9985437683267878, 1.0876485953822743, 1.0681803942800472, 1.0449435247207992, 1.060682849558236, 1.0545023902592985], "worst": [0.41279493598574457, -0.7412685670099268, -0.38514928459505526, -0.40763272348999546, -0.26781475327675874, -0.2418422357124036, -0.18698598628693275, -0.4927818962693786, -0.2911559254683501, -0.37896763206987116, -0.10558815615877082, -0.21416537593002216, -0.22191746995204742, -0.1986450725970691, -0.36305370560109806, -0.2540466349990955, -0.2709014917837642, -0.30453067211605167, -0.019950832098588778, 0.26044592380779064, 0.47848113989982793, 0.8410505314245014, 0.7324124107803714, 0.8305098135705968, 0.8688676387775709, 0.8643016592460347, 0.8689150914103139, 0.8694382376807498, 0.8999388749635903, 0.8982517754541668, 0.8745475994761194, 0.8322130411213963, 0.8392771906682639, 0.8410955440492242, 0.8909665950457618, 0.9139037902435283, 0.754800686009669, 0.8169462991792278, 0.7280853914776273, 0.805683797784446, 0.9193639786233285, 0.9404376071936267, 0.9049082126207542, 0.752348123102171, 0.7950875226983827, 0.8587555093509643, 0.9016945694729157, 0.9249558921877999, 0.8758886241597318, 0.7343050254050838, 0.860774883598801, 0.7842772247912683, 0.9190878487020809, 0.8727656513346169, 0.8637979410470829, 0.6875094105074595, 0.8074496749653772, 0.707978423790386, 0.8046545412842039, 0.9086217455374868, 0.9528293045002416, 0.7157780443558057, 0.9325236278902217, 0.8899527552212878, 0.9208416077185461, 0.9121179627449756, 0.9130072160177085, 0.9163742212401719, 0.8198327131797977, 0.6522514125676295, 0.9173807799743734, 0.9185060758371978, 0.9254055759597333, 0.8160973329743274, 0.9025557257495793, 0.9465392410299351, 0.9083112082675509, 0.8965115879600646, 0.9115730923493272, 0.8201776518999288, 0.9027621407901882, 0.91285052985739, 0.8422327130866608, 0.8309193628061373, 0.9644758673968148, 0.8007041359303071, 0.8560277243522232, 0.90570490463405, 0.8998538826607558, 0.8911282874630204, 0.8568364981288246, 0.8830667837100341, 0.9524788938747902, 0.8836265729291759, 0.9185648933546778, 0.9199629534987963, 0.93807625564848, 0.9783255041338677, 0.9387238545033054, 0.9852697130026716, 0.9500047940487393]}, "accuracy": {"averages": [0.7024999999999999, 0.7243, 0.6748000000000001, 0.6386000000000001, 0.5814, 0.5911, 0.5695, 0.5715, 0.5799, 0.6156, 0.6822999999999999, 0.7314000000000002, 0.7119, 0.7235999999999998, 0.7846, 0.8092, 0.8184999999999999, 0.8014999999999999, 0.8422999999999997, 0.7980000000000002, 0.8028000000000002, 0.8962000000000003, 0.8375, 0.8805000000000003, 0.8682, 0.8412, 0.9016, 0.8704999999999999, 0.9192000000000001, 0.8811, 0.8879, 0.8447999999999999, 0.868, 0.8521, 0.8541999999999997, 0.8944000000000001, 0.8730000000000001, 0.8807, 0.835, 0.8486999999999999, 0.909, 0.8965000000000003, 0.8992000000000001, 0.8459, 0.8279999999999998, 0.8538, 0.8979000000000003, 0.8823000000000001, 0.9066, 0.8441, 0.889, 0.8368000000000001, 0.8582999999999998, 0.8918, 0.8976000000000002, 0.8494999999999997, 0.9200000000000003, 0.7879000000000002, 0.8733, 0.8547, 0.8949000000000003, 0.8744999999999998, 0.8754000000000001, 0.8926000000000001, 0.9084, 0.8991000000000002, 0.8434999999999999, 0.8765000000000001, 0.8118, 0.8617999999999999, 0.8843000000000001, 0.8262000000000002, 0.8863, 0.8645999999999999, 0.8664000000000001, 0.8846, 0.9086, 0.8161999999999998, 0.8360999999999998, 0.7737000000000002, 0.8336, 0.8807, 0.8419999999999999, 0.8073999999999999, 0.9116000000000001, 0.8291999999999998, 0.8736, 0.8632, 0.8833, 0.8433999999999999, 0.8841000000000001, 0.8865000000000001, 0.9264000000000001, 0.8965000000000001, 0.8607999999999998, 0.8553999999999998, 0.9179000000000002, 0.9066000000000001, 0.8739999999999999, 0.8976000000000001, 0.8911],