{"name": "2021-06-01_08-41-23_lossweights121_2", "configs": {"pop_size": 100, "mutation_rate": 0.01, "emb_layers": ["layer_1_act", "layer_2_act"], "recomb_layers": ["layer_1_linear", "layer_2_linear", "output"], "epochs": 1, "loss_weights": [1, 2, 1]}, "results": {"fitness": {"averages": [1.0414834983411985, 0.7550554594038195, 0.5924182172699743, 0.7160727148460918, 0.6229998890886004, 0.6856458949016546, 0.6072965265516552, 0.6190029831109587, 0.6470152956564637, 0.6593500926407592, 0.5360235654315629, 0.5621250035336667, 0.5100825856240019, 0.6112468681029084, 0.6237960163238949, 0.6208565244974803, 0.6899193743581111, 0.7617973712042989, 0.6416832406808216, 0.725071067416163, 0.7392160295910014, 0.8171313482450394, 0.9630356815353432, 0.8486054378612296, 0.7549379044946547, 0.8987732503206075, 0.7836087599868568, 0.9356008143293729, 0.978147494151289, 0.7594329085384581, 0.9376529967275212, 0.9269192848659509, 0.9094693010849133, 0.9161312759154805, 0.9705902976742761, 0.969159975263586, 1.0199762126805783, 0.9830584548560042, 1.0504460620198919, 1.0451414328669935, 1.020763907473314, 1.0075087665920643, 0.9876371494095096, 0.9932663853662724, 0.9277083485011682, 0.9702404909990916, 1.076123682873645, 0.9437441051270613, 1.0276808576603709, 1.034500024252616, 1.0379580970818103, 1.0331439124609658, 0.9990477600137428, 0.9700393349972429, 1.036223256334698, 1.0648363009438808, 1.0366337878680734, 1.0052886306494642, 0.990832955195266, 1.0461632796842393, 0.9861496308397055, 1.0558913357599193, 1.0331774398744622, 1.0856425434305805, 1.0519066854008152, 1.087234787439416, 1.076168600690357, 0.9488552348417487, 1.014187406299711, 0.963684501285392, 0.9752082331518201, 1.0071548561886303, 0.9792481867223596, 0.9639342131514116, 0.9874829051510268, 1.0243484209838014, 1.053759966713873, 1.0263953828479193, 1.0367125233681618, 0.9811136624837142, 1.105782777356834, 1.079386998334847, 1.0515058438069342, 1.0518515473191807, 1.0264537473788833, 1.077231402628738, 1.085120217704622, 1.0891235946506828, 1.155828192295505, 1.0876784920042304, 1.1106565582037304, 1.021933256994416, 1.0527860327238268, 1.1055395516550028, 1.0190137431207178, 1.0919329638100954, 0.9934790902549661, 1.050912349041621, 1.1136038063555613, 1.115169341829195, 1.1110800326207575], "best": [1.2168070827494828, 1.1882253526541704, 1.150194081046386, 1.1848152182284881, 1.1048353848896089, 1.1649844763420139, 1.1320122203482783, 1.1714270302817154, 1.1461115655550524, 1.210232599145017, 1.1049049205535524, 1.1039121910088787, 1.0379393720129704, 0.990048319932005, 1.0587277471441716, 1.0582264300412427, 1.000609634828259, 1.1170340478466834, 1.091731944240857, 1.0492822543588303, 1.065122915421806, 1.109944931422523, 1.175071051442775, 1.0845951577404414, 1.0496701095559193, 1.0976420618261589, 1.0137697122815486, 1.1239829617279862, 1.150611271651534, 0.9591750582733605, 1.1068197010890446, 1.078533333902296, 1.0649003310025615, 1.0324711001409335, 1.0866373572930574, 1.1089758383998178, 1.1579494592006254, 1.0846729400392634, 1.1578923519882358, 1.1551125041490982, 1.1134723105230697, 1.1094529175600214, 1.1163438262849612, 1.128944726987576, 1.087134190426992, 1.0814346098375505, 1.1733425861223294, 1.0321437109555487, 1.1340701254154233, 1.1124080199095563, 1.1355352309515694, 1.1322520548980473, 1.1097108976886938, 1.04617280448737, 1.1129365790475685, 1.1581688593662385, 1.119915072269721, 1.1506222227529692, 1.0635906465928415, 1.1138503882774886, 1.071073608622358, 1.1440757779535935, 1.1031195808607168, 1.1728509004876462, 1.1252882820889296, 1.177114814550745, 1.1405848268492185, 1.0249456515468802, 1.0768300588318247, 1.030274994058808, 1.0544298268876413, 1.0898480868351879, 1.0526577279256792, 1.0395246100259556, 1.0508140207308296, 1.0865169070961538, 1.130190070899306, 1.1113995393379716, 1.0904364743759825, 1.0453312453505057, 1.1569088450082514, 1.1268639474805924, 1.1148085850497766, 1.0863759334549066, 1.0826615070418337, 1.1511924917218486, 1.132709768599558, 1.1513208347474766, 1.2209690710008108, 1.1478759996861974, 1.1647017569535936, 1.1177926124133006, 1.10269864020507, 1.1589039496323237, 1.0647098635707606, 1.1360194989153936, 1.0462701354077462, 1.099408719197916, 1.1964901462421023, 1.1537723315975223, 1.149644681326125], "worst": [0.4774553706763225, -0.5940780252326938, -0.8242888907948005, -0.7451303221438774, -0.4650012663181702, -0.3115201402149229, -0.4351859092430348, -0.3405955598793482, -0.31301614744634254, -0.35785678705189305, -0.2048439995107051, -0.20380543296437748, -0.3423469317688346, -0.06434943729586523, -0.19121815209597948, -0.08278833779220429, -0.011666959571280167, 0.20526950434020624, 0.06359939278914417, -0.28453690897940453, -0.25141096099068394, -0.19227646603116744, 0.4434916125962062, 0.43826437460452383, 0.013672229959078852, 0.3994221261111378, -0.054483441065326044, 0.21896691371339488, 0.2523494659915265, 0.057950441246408246, 0.1169901164080886, 0.5755171120361677, 0.5571675200664621, 0.5925818075699743, 0.6866302927138928, 0.7309038187086689, 0.7799854970191552, 0.746256298718095, 0.8491987307429475, 0.8474832614227754, 0.842456296088804, 0.7588036215894827, 0.811663018670553, 0.7154486022753588, 0.643146500314624, 0.7831816456517393, 0.89177875790841, 0.8375266635593737, 0.8479193314116249, 0.8119640568674624, 0.8439738578479015, 0.8701130556551385, 0.8284421322996014, 0.8016829774945188, 0.905937147130796, 0.8941209275390333, 0.9116387841767493, 0.8553209171484689, 0.8870715555942115, 0.9559200818881863, 0.867978965394844, 0.8680371166296241, 0.9353415374794324, 0.9471959080089096, 0.9396686787856674, 0.9645888577921009, 0.9817395969013298, 0.861222898970849, 0.892524600708193, 0.7875569074524317, 0.8650856965951732, 0.8708458233370042, 0.8238883368926627, 0.7971053922594936, 0.8239158028193946, 0.9247964361225004, 0.8566602575187526, 0.8865540068526989, 0.9196998248801741, 0.821635558597068, 1.030728620083038, 1.0206119241993883, 0.9593213370882652, 0.9973794754263858, 0.9529735486937989, 0.9455664674068827, 0.979352739971322, 1.0023726855804391, 1.0466868791425281, 0.9653349028227151, 1.031674026199403, 0.9144980035164755, 0.9995559332895088, 0.9904852082265632, 0.9395771183303006, 0.9899086001113764, 0.8691963834292595, 0.9159514928434149, 1.047961154696829, 1.023808527078669, 1.025078709040346]}, "accuracy": {"averages": [0.7886, 0.6602999999999999, 0.6166, 0.6533, 0.622, 0.6667000000000001, 0.6561000000000001, 0.6452999999999999, 0.6503999999999999, 0.6472, 0.6328, 0.5929000000000001, 0.5811, 0.647, 0.6607999999999999, 0.6485000000000001, 0.6876000000000001, 0.6886999999999999, 0.6786, 0.6962, 0.6967, 0.7369000000000001, 0.8286, 0.7653, 0.7794000000000001, 0.8199999999999998, 0.7428, 0.8142999999999998, 0.7974999999999999, 0.7045, 0.8103000000000001, 0.7936, 0.7896, 0.7903000000000001, 0.7927, 0.8188, 0.838, 0.8562999999999998, 0.8513000000000001, 0.8647999999999999, 0.8503000000000001, 0.8308999999999999, 0.8368000000000001, 0.8906000000000001, 0.8046, 0.8259000000000001, 0.8896000000000002, 0.7867999999999999, 0.8470999999999997, 0.8393999999999998, 0.8713999999999998, 0.8532999999999998, 0.8217, 0.7861000000000001, 0.8863000000000001, 0.8617, 0.8443, 0.8377, 0.8444999999999999, 0.8473999999999998, 0.8396999999999999, 0.8610000000000001, 0.8155999999999999, 0.8828, 0.861, 0.8619, 0.8528999999999998, 0.8046000000000001, 0.8684000000000002, 0.8305999999999999, 0.8126999999999999, 0.8307999999999999, 0.8208999999999999, 0.8043000000000002, 0.8026000000000001, 0.8472, 0.8286999999999999, 0.8238999999999999, 0.8747, 0.807, 0.8867000000000002, 0.8921000000000001, 0.8469999999999999, 0.8293999999999998, 0.8275999999999999, 0.8824000000000001, 0.8482, 0.8408, 0.9024000000000001, 0.9075000000000002, 0.8789999999999999, 0.8297999999999999, 0.8257999999999999, 0.8959, 0.8371999999999999, 0.8560999999999999, 0.8119, 0.8579000000000001, 0.8690000000000001, 0.8861, 0.8800000000000003],