{"name": "2021-06-01_lossweights021_2", "configs": {"pop_size": 100, "mutation_rate": 0.01, "emb_layers": ["layer_1_act", "layer_2_act"], "recomb_layers": ["layer_1_linear", "layer_2_linear", "output"], "epochs": 1, "loss_weights": [0, 2, 1]}, "results": {"fitness": {"averages": [0.2253224274835731, 0.14736267500418665, 0.14014370917461152, 0.05248340327248466, -4.084717857930284e-05, -0.03623023697487881, -0.11410949917419481, -0.0823504556563706, -0.21134340068404445, -0.19154211509651897, 0.017250491603482493, -0.07365750046980903, -0.16872046906502652, -0.06541166601265479, -0.12316564117992407, -0.18904180841964524, -0.09814734043884947, -0.13500840532826308, -0.17152917407217821, -0.12774393067766007, -0.21700803008926162, -0.2945580294366673, -0.09557443800066022, -0.10361432921272995, -0.09180090927780914, -0.07453054747105034, -0.21350789339602094, -0.12881384634023355, -0.010452895525698365, -0.11305152012569344, -0.04188121186671114, 0.008293051172120921, -0.07950258977686263, -0.007576923120110223, 0.021265451863227654, 0.006171736789776029, -0.1058078646037898, 0.026237419964140907, 0.07121632118660576, 0.04354742356743956, -0.019795526031978226, 0.03715898118984448, 0.05889463709582888, 0.05496841412102069, -0.04229832218385161, 0.07408467273940056, 0.052917710395254225, -0.02298436098429949, 0.01737952985466891, 0.10823719185029398, 0.12315093375459149, 0.14818733696219, 0.08219884317126898, 0.006384980801948078, 0.10361155793021655, 0.13055708902076124, 0.0515103964470664, 0.0077969763833682084, 0.02198411633669352, 0.14004106046869522, 0.10967256473299297, 0.002898783293377879, 0.16353246740264474, 0.08317444920754818, 0.12425808021421571, 0.0954349060863393, 0.04356840051641076, 0.037073365797303665, 0.13728692180771745, 0.04586567854072902, 0.16039196212417245, 0.16373905573695133, 0.13677150947501202, 0.08416638126091504, 0.08499523673637885, 0.041678304962534767, 0.005174879972286515, 0.16336452458356646, 0.20193046310206542, 0.12318388893408008, 0.004883744114571034, 0.019045796354717193, 0.07722166965460835, 0.061857993794648805, 0.1466506204168603, 0.07636138992133078, 0.11096317100896731, 0.06313048643546713, 0.1428216487354805, 0.13691183481089136, 0.08875178547571494, 0.16306655526493607, 0.18850413898094584, 0.07659175193876387, 0.11297128413861728, 0.13912918536547067, 0.1759860110077257, 0.1225161076513262, 0.20300720724549723, 0.21762546938608282, 0.18209809017573375], "best": [0.34739790897809375, 0.3618159396685427, 0.37497048499575836, 0.3653234690782594, 0.30780789164680744, 0.25616273192329436, 0.19015978918017462, 0.19194513263164378, 0.15097127747530292, 0.13881645807533527, 0.3002970701694588, 0.21468907954242228, 0.13459368310207354, 0.13265724852011077, 0.1659396939557787, 0.1154751081100116, 0.21295527179018153, 0.19859903806247942, 0.13764298320314783, 0.14689581299609933, 0.08075896002860627, -0.0419602924440694, 0.1449716011716089, 0.1061383985723644, 0.16367342668127727, 0.19926030407831796, 0.08641577196391509, 0.12722473456284533, 0.2328640321953092, 0.14087578109514265, 0.13958062853974051, 0.23403837940307104, 0.12788478742031373, 0.1699971595030042, 0.20033188023870674, 0.1693217892656872, 0.08717711497684832, 0.18046209690873327, 0.20582829082491394, 0.17700946839871978, 0.14199820088437753, 0.15589473875038296, 0.1804828346862306, 0.20849926841516414, 0.1331410059217163, 0.1768819132237241, 0.21915157981415834, 0.11817937700920833, 0.17545811301330938, 0.2072606891967445, 0.2088075023440606, 0.24649098637497746, 0.20223884604973896, 0.13470148855018338, 0.20810042468856105, 0.22756813966768769, 0.16338113827262413, 0.14595025294692465, 0.12196062630019044, 0.2250120817570349, 0.20784754118423338, 0.11188336504006147, 0.234660589353763, 0.16169300053461494, 0.20473432037035255, 0.17340006154310295, 0.13518055943278462, 0.14787877919087467, 0.22422648065024564, 0.14190218985256797, 0.22812546446604143, 0.21984391604785647, 0.22133070194230253, 0.17220090513908504, 0.1586456102621197, 0.12892372196146318, 0.0806428433212924, 0.23779715215728525, 0.2662897674779604, 0.17334417756474507, 0.08094154976137558, 0.07728432027400167, 0.1478167110556461, 0.13560902242997497, 0.21487777450493173, 0.14983007036878004, 0.1832011186921494, 0.10778996854743916, 0.20901507113788265, 0.19870543539103397, 0.15248333182956875, 0.19925429388844718, 0.22925454519858912, 0.13206193066179184, 0.15615994264928956, 0.1790821715126643, 0.21807495141799638, 0.17233082638043107, 0.25582627496602417, 0.26041771417710236, 0.2234502196432152], "worst": [-0.021102819562171637, -0.5220269139962814, -0.47842252994656764, -0.5800530005741495, -0.5782840764706074, -0.6994529393441089, -0.5877946212130589, -0.5194772843856703, -0.873616693258835, -0.6512217771114375, -0.3622720028863452, -0.5468338679502791, -0.7198474613965479, -0.43936533923077314, -0.5764982581997027, -0.7214966529899662, -0.5144409473773585, -0.5497188099842809, -0.5543102365790928, -0.517347515997225, -0.6338440229724274, -0.7152735599384215, -0.4295543971472624, -0.396245642237252, -0.5276233878876422, -0.5205590422672826, -0.5681719347686023, -0.5367896584485958, -0.3961888334699548, -0.5835591080942202, -0.33027510772312263, -0.21800578209859645, -0.4133552849327491, -0.32465823502071056, -0.2783674923900312, -0.21474651583621251, -0.39032606557391203, -0.25303280473644163, -0.16983942133989804, -0.21287034965056795, -0.3790606164732827, -0.15667505094806877, -0.10972789084898682, -0.21249851239864326, -0.3526651087139312, -0.20070658853106949, -0.1266500759472644, -0.25455740676565053, -0.2587377075925832, -0.08009021481129253, -0.01337780834988389, -0.07420981555094575, -0.24152696507618054, -0.24300752299953743, -0.277230136123492, -0.2546528090711653, -0.3645872828772472, -0.24585871870120357, -0.1789548599516153, -0.20412275866106522, -0.24008430652293977, -0.42560022436742195, -0.2075113120223817, -0.2025717676100005, -0.18629125331217788, -0.25726415258875734, -0.24305473084243856, -0.32616095741004014, -0.0755330992393437, -0.05893273001487431, 0.08148188553873337, 0.0417427255903382, 0.06448424835965938, -0.015221643122794393, 0.0053890206206004265, -0.07427540529642718, -0.07481403956911092, 0.024059707295067234, 0.12850084838734244, 0.04143823849495343, -0.1141577256616293, -0.07582887655181925, 0.00517311360444539, -0.04624672291026499, 0.09172738295403876, -0.012166460265794488, 0.04440647240100526, -0.004991388131919239, 0.046753264411516504, 0.07642109988941514, -0.020060125646740645, 0.0980042832129614, 0.12354536678109129, -0.0031617402799954952, 0.0488990893969139, 0.06756945355542465, 0.12200881829660148, 0.0843444408598939, 0.14677797394454795, 0.17380674173337418, 0.13350547194718104]},