{"name": "2021-06-01_lossweights001_5", "configs": {"pop_size": 100, "mutation_rate": 0.01, "emb_layers": ["layer_1_act", "layer_2_act"], "recomb_layers": ["layer_1_linear", "layer_2_linear", "output"], "epochs": 1, "loss_weights": [0, 0, 1]}, "results": {"fitness": {"averages": [0.4445703125, 0.4814453125, 0.4840625, 0.5274609375, 0.557734375, 0.5775390625, 0.610546875, 0.605390625, 0.6382421875, 0.6832421875, 0.7139453125, 0.73, 0.73859375, 0.7405859375, 0.74921875, 0.754921875, 0.754765625, 0.7621875, 0.762109375, 0.7591015625, 0.75890625, 0.75921875, 0.7626171875, 0.761875, 0.7576171875, 0.761953125, 0.7615234375, 0.761953125, 0.7640234375, 0.764453125, 0.7657421875, 0.765234375, 0.7633984375, 0.7678125, 0.766640625, 0.7649609375, 0.7634375, 0.76484375, 0.7647265625, 0.765703125, 0.7666015625, 0.7664453125, 0.7661328125, 0.767578125, 0.76796875, 0.7690234375, 0.769453125, 0.770078125, 0.769140625, 0.7693359375, 0.76953125, 0.7683203125, 0.766875, 0.766015625, 0.7653125, 0.76671875, 0.76671875, 0.766015625, 0.76671875, 0.7670703125, 0.7684765625, 0.7677734375, 0.7670703125, 0.7663671875, 0.76671875, 0.768125, 0.7670703125, 0.76671875, 0.7663671875, 0.7656640625, 0.7670703125, 0.7684765625, 0.7684765625, 0.7691796875, 0.7691796875, 0.768828125, 0.7691796875, 0.7691796875, 0.76953125, 0.76953125, 0.76953125, 0.76953125, 0.76953125, 0.76953125, 0.76953125, 0.76953125, 0.76953125, 0.76953125, 0.76953125, 0.76953125, 0.76953125, 0.76953125, 0.76953125, 0.76953125, 0.76953125, 0.76953125, 0.76953125, 0.76953125, 0.76953125, 0.76953125, 0.76953125], "best": [0.79296875, 0.79296875, 0.79296875, 0.79296875, 0.77734375, 0.77734375, 0.77734375, 0.77734375, 0.77734375, 0.77734375, 0.77734375, 0.77734375, 0.77734375, 0.77734375, 0.77734375, 0.77734375, 0.77734375, 0.77734375, 0.77734375, 0.77734375, 0.77734375, 0.77734375, 0.77734375, 0.77734375, 0.77734375, 0.77734375, 0.77734375, 0.77734375, 0.77734375, 0.77734375, 0.77734375, 0.77734375, 0.77734375, 0.77734375, 0.77734375, 0.77734375, 0.77734375, 0.77734375, 0.77734375, 0.77734375, 0.77734375, 0.77734375, 0.77734375, 0.77734375, 0.77734375, 0.77734375, 0.77734375, 0.77734375, 0.77734375, 0.77734375, 0.77734375, 0.77734375, 0.77734375, 0.76953125, 0.76953125, 0.76953125, 0.76953125, 0.76953125, 0.76953125, 0.76953125, 0.76953125, 0.76953125, 0.76953125, 0.76953125, 0.76953125, 0.76953125, 0.76953125, 0.76953125, 0.76953125, 0.76953125, 0.76953125, 0.76953125, 0.76953125, 0.76953125, 0.76953125, 0.76953125, 0.76953125, 0.76953125, 0.76953125, 0.76953125, 0.76953125, 0.76953125, 0.76953125, 0.76953125, 0.76953125, 0.76953125, 0.76953125, 0.76953125, 0.76953125, 0.76953125, 0.76953125, 0.76953125, 0.76953125, 0.76953125, 0.76953125, 0.76953125, 0.76953125, 0.76953125, 0.76953125, 0.76953125, 0.76953125], "worst": [0.09765625, 0.09765625, 0.09765625, 0.1328125, 0.1328125, 0.1328125, 0.1484375, 0.28125, 0.28125, 0.28125, 0.28125, 0.28515625, 0.28515625, 0.28515625, 0.63671875, 0.63671875, 0.63671875, 0.64453125, 0.64453125, 0.64453125, 0.64453125, 0.64453125, 0.64453125, 0.64453125, 0.64453125, 0.64453125, 0.64453125, 0.64453125, 0.64453125, 0.734375, 0.734375, 0.734375, 0.734375, 0.734375, 0.734375, 0.734375, 0.734375, 0.734375, 0.734375, 0.734375, 0.734375, 0.734375, 0.734375, 0.734375, 0.734375, 0.734375, 0.734375, 0.734375, 0.734375, 0.734375, 0.734375, 0.734375, 0.734375, 0.734375, 0.734375, 0.734375, 0.734375, 0.734375, 0.734375, 0.734375, 0.734375, 0.734375, 0.734375, 0.734375, 0.734375, 0.734375, 0.734375, 0.734375, 0.734375, 0.734375, 0.734375, 0.734375, 0.734375, 0.734375, 0.734375, 0.734375, 0.734375, 0.734375, 0.76953125, 0.76953125, 0.76953125, 0.76953125, 0.76953125, 0.76953125, 0.76953125, 0.76953125, 0.76953125, 0.76953125, 0.76953125, 0.76953125, 0.76953125, 0.76953125, 0.76953125, 0.76953125, 0.76953125, 0.76953125, 0.76953125, 0.76953125, 0.76953125, 0.76953125, 0.76953125]}, "accuracy": {"averages": [0.8111000000000002, 0.7262000000000002, 0.5617, 0.5075000000000001, 0.5510999999999999, 0.4721, 0.4658, 0.41220000000000007, 0.41080000000000005, 0.31959999999999994, 0.31489999999999996, 0.29339999999999994, 0.3261, 0.23629999999999998, 0.2711, 0.2107, 0.27380000000000004, 0.2134, 0.1913, 0.2254, 0.1559, 0.19369999999999993, 0.11800000000000002, 0.2793, 0.2118, 0.18649999999999994, 0.21169999999999997, 0.10360000000000003, 0.1752, 0.22149999999999997, 0.17629999999999998, 0.1618, 0.2232, 0.19419999999999996, 0.2104, 0.19949999999999998, 0.18250000000000002, 0.16880000000000003, 0.1925, 0.16080000000000003, 0.20180000000000003, 0.20050000000000004, 0.18140000000000003, 0.20709999999999998, 0.1546, 0.23139999999999997, 0.19299999999999995, 0.2529, 0.16250000000000003, 0.2218, 0.19449999999999995, 0.18419999999999995, 0.20360000000000003, 0.18800000000000006, 0.15469999999999998, 0.23130000000000003, 0.1934, 0.26789999999999997, 0.18130000000000002, 0.15789999999999998, 0.1581, 0.1436, 0.2324, 0.26170000000000004, 0.233, 0.19849999999999998, 0.18520000000000003, 0.21450000000000002, 0.183, 0.1555, 0.1492, 0.20259999999999997, 0.21230000000000004, 0.171, 0.2674000000000001, 0.17190000000000003, 0.22080000000000002, 0.29040000000000005, 0.21109999999999998, 0.2023, 0.20980000000000001, 0.21250000000000002, 0.15100000000000005, 0.20129999999999998, 0.22880000000000006, 0.1567, 0.1766, 0.21340000000000003, 0.19090000000000004, 0.24789999999999995, 0.16490000000000002, 0.20529999999999998, 0.1161, 0.19209999999999994, 0.17990000000000003, 0.2175, 0.1588, 0.21770000000000003, 0.2017, 0.20350000000000001, 0.21929999999999997], "best": [0.94, 0.92, 0.9, 0.92, 0.93, 0.88, 0.86, 0.83, 0.9, 0.85, 0.83, 0.73, 0.78, 0.78, 0.52, 0.42, 0.49, 0.41, 0.42, 0.44, 0.37, 0.44, 0.38, 0.56, 0.44, 0.4, 0.39, 0.29, 0.42, 0.38, 0.32, 0.32, 0.43, 0.41, 0.48, 0.42, 0.39, 0.45, 0.43, 0.39, 0.38, 0.4, 0.35, 0.39, 0.32, 0.41, 0.37, 0.46, 0.38, 0.35, 0.42, 0.33, 0.36, 0.33, 0.28, 0.37, 0.32, 0.46, 0.31, 0.36, 0.27, 0.28, 0.45, 0.43, 0.43, 0.37, 0.37, 0.33, 0.3, 0.23, 0.29, 0.36, 0.31, 0.31, 0.4, 0.29, 0.3, 0.47, 0.32, 0.34, 0.38, 0.46, 0.35, 0.35, 0.4, 0.34, 0.3, 0.36, 0.35, 0.46, 0.33, 0.32, 0.3, 0.35, 0.32, 0.36, 0.27, 0.36, 0.36, 0.33, 0.34], "worst": [0.48, 0.33, 0.19, 0.05, 0.06, 0.02, 0.08, 0.01, 0.01, 0.03, 0.05, 0.02, 0.04, 0.05, 0.04, 0.04, 0.04, 0.02, 0.05, 0.05, 0.06, 0.06, 0.0, 0.03, 0.02, 0.03, 0.06, 0.01, 0.0, 0.0, 0.03, 0.03, 0.06, 0.04, 0.03, 0.01, 0.05, 0.05, 0.03, 0.03, 0.04, 0.08, 0.03, 0.04, 0.04, 0.02, 0.04, 0.06, 0.06, 0.06, 0.08, 0.08, 0.08, 0.07, 0.06, 0.08, 0.09, 0.11, 0.06, 0.07, 0.08, 0.08, 0.11, 0.15, 0.11, 0.07, 0.09, 0.1, 0.07, 0.07, 0.05, 0.06, 0.07, 0.08, 0.16, 0.11, 0.14, 0.16, 0.11, 0.12, 0.12, 0.1, 0.05, 0.09, 0.08, 0.07, 0.09, 0.1, 0.11, 0.13, 0.08, 0.12, 0.03, 0.1, 0.08, 0.11, 0.08, 0.11, 0.11, 0.07, 0.1]},