{"name": "2021-06-01_lossweights001_10", "configs": {"pop_size": 100, "mutation_rate": 0.01, "emb_layers": ["layer_1_act", "layer_2_act"], "recomb_layers": ["layer_1_linear", "layer_2_linear", "output"], "epochs": 1, "loss_weights": [0, 0, 1]}, "results": {"fitness": {"averages": [0.4445703125, 0.4817578125, 0.4925390625, 0.553984375, 0.59125, 0.618125, 0.6208203125, 0.6387890625, 0.6515234375, 0.66078125, 0.6845703125, 0.6929296875, 0.705234375, 0.7072265625, 0.7139453125, 0.7150390625, 0.7205078125, 0.729609375, 0.7414453125, 0.7461328125, 0.748828125, 0.74953125, 0.749765625, 0.748125, 0.7528125, 0.753046875, 0.7517578125, 0.7510546875, 0.751640625, 0.7489453125, 0.7505859375, 0.7508203125, 0.7494140625, 0.748828125, 0.7494140625, 0.7517578125, 0.752109375, 0.75140625, 0.75046875, 0.751640625, 0.7529296875, 0.7528125, 0.7536328125, 0.752578125, 0.7508203125, 0.75234375, 0.753046875, 0.75375, 0.7543359375, 0.7528125, 0.751875, 0.7528125, 0.752578125, 0.7546875, 0.7548046875, 0.75515625, 0.75515625, 0.75515625, 0.754921875, 0.7548046875, 0.7550390625, 0.7557421875, 0.7559765625, 0.7555078125, 0.7555078125, 0.7564453125, 0.755625, 0.7559765625, 0.7566796875, 0.7564453125, 0.7565625, 0.75796875, 0.7590234375, 0.7584375, 0.758203125, 0.7580859375, 0.7566796875, 0.756328125, 0.75609375, 0.7559765625, 0.7564453125, 0.7565625, 0.7562109375, 0.755859375, 0.755859375, 0.7557421875, 0.75609375, 0.755859375, 0.7571484375, 0.7576171875, 0.7576171875, 0.757734375, 0.7571484375, 0.757265625, 0.7578515625, 0.758203125, 0.7585546875, 0.7584375, 0.75796875, 0.758203125, 0.7587890625], "best": [0.79296875, 0.79296875, 0.79296875, 0.78515625, 0.78515625, 0.78515625, 0.78515625, 0.78515625, 0.78515625, 0.76171875, 0.76171875, 0.76171875, 0.76171875, 0.76171875, 0.76171875, 0.76171875, 0.76171875, 0.76171875, 0.76171875, 0.76171875, 0.76171875, 0.76171875, 0.76171875, 0.76171875, 0.76171875, 0.76171875, 0.76171875, 0.76171875, 0.76171875, 0.76171875, 0.76171875, 0.76171875, 0.76171875, 0.76171875, 0.76171875, 0.76171875, 0.76171875, 0.76171875, 0.76171875, 0.76171875, 0.76171875, 0.76171875, 0.76171875, 0.76171875, 0.76171875, 0.76171875, 0.76171875, 0.76171875, 0.76171875, 0.76171875, 0.76171875, 0.76171875, 0.76171875, 0.76171875, 0.76171875, 0.76171875, 0.76171875, 0.76171875, 0.76171875, 0.76171875, 0.76171875, 0.76171875, 0.76171875, 0.76171875, 0.76171875, 0.76171875, 0.76171875, 0.76171875, 0.76171875, 0.76171875, 0.76171875, 0.76171875, 0.76171875, 0.76171875, 0.76171875, 0.76171875, 0.76171875, 0.76171875, 0.76171875, 0.76171875, 0.76171875, 0.76171875, 0.76171875, 0.76171875, 0.76171875, 0.76171875, 0.76171875, 0.76171875, 0.76171875, 0.76171875, 0.76171875, 0.76171875, 0.76171875, 0.76171875, 0.76171875, 0.76171875, 0.76171875, 0.76171875, 0.76171875, 0.76171875, 0.76171875], "worst": [0.09765625, 0.09765625, 0.09765625, 0.125, 0.1484375, 0.21875, 0.21875, 0.21875, 0.37890625, 0.37890625, 0.37890625, 0.37890625, 0.37890625, 0.37890625, 0.37890625, 0.37890625, 0.50390625, 0.50390625, 0.50390625, 0.69140625, 0.69140625, 0.69140625, 0.69140625, 0.69140625, 0.69140625, 0.69140625, 0.69140625, 0.69140625, 0.69140625, 0.69140625, 0.69140625, 0.69140625, 0.69140625, 0.69140625, 0.69140625, 0.69140625, 0.69140625, 0.69140625, 0.69140625, 0.69140625, 0.69140625, 0.69140625, 0.69140625, 0.69140625, 0.69140625, 0.69140625, 0.69140625, 0.69140625, 0.69140625, 0.69140625, 0.69140625, 0.69140625, 0.69140625, 0.69140625, 0.75, 0.75, 0.75, 0.75, 0.75, 0.75, 0.75, 0.75, 0.75, 0.75, 0.75, 0.75, 0.75, 0.75, 0.75, 0.75, 0.75, 0.75, 0.75, 0.75, 0.75, 0.75, 0.75, 0.75, 0.75, 0.75, 0.75, 0.75, 0.75, 0.75, 0.75, 0.75, 0.75, 0.75, 0.75, 0.75, 0.75, 0.75, 0.75, 0.75, 0.75, 0.75, 0.75, 0.75, 0.75, 0.75, 0.75]}, "accuracy": {"averages": [0.7886, 0.6745000000000002, 0.5609999999999999, 0.49829999999999997, 0.42800000000000005, 0.4185000000000001, 0.32780000000000004, 0.3575, 0.3505, 0.3191, 0.3115, 0.2697, 0.23929999999999996, 0.2106, 0.18130000000000002, 0.19550000000000003, 0.23950000000000002, 0.23129999999999995, 0.21350000000000002, 0.20600000000000004, 0.23680000000000004, 0.2134, 0.2033, 0.1984, 0.23610000000000003, 0.20500000000000004, 0.16440000000000002, 0.20590000000000003, 0.17840000000000003, 0.19999999999999993, 0.18870000000000003, 0.17249999999999996, 0.21009999999999998, 0.15410000000000001, 0.21240000000000003, 0.1343, 0.1556, 0.20299999999999996, 0.15650000000000003, 0.1641, 0.14339999999999997, 0.115, 0.21079999999999996, 0.18489999999999998, 0.16330000000000003, 0.22740000000000002, 0.1721, 0.1524, 0.1934, 0.1821, 0.11810000000000002, 0.12140000000000002, 0.1406, 0.18449999999999997, 0.1845, 0.2107, 0.1653, 0.18589999999999995, 0.19459999999999997, 0.1642, 0.19519999999999998, 0.21189999999999998, 0.13069999999999998, 0.2065, 0.14090000000000003, 0.1329, 0.1683, 0.1464, 0.2223, 0.14090000000000003, 0.13049999999999998, 0.10529999999999999, 0.13750000000000004, 0.10660000000000001, 0.1867, 0.1466, 0.17659999999999998, 0.0643, 0.1069, 0.1466, 0.1893, 0.1454, 0.10719999999999999, 0.18689999999999998, 0.1286, 0.1501, 0.1516, 0.12059999999999998, 0.10180000000000003, 0.1317, 0.1288, 0.11909999999999998, 0.19269999999999998, 0.099, 0.20420000000000002, 0.135, 0.1461, 0.1364, 0.2045, 0.1565, 0.1501], "best": [0.94, 0.94, 0.89, 0.9, 0.8, 0.85, 0.82, 0.67, 0.63, 0.62, 0.7, 0.61, 0.65, 0.61, 0.64, 0.6, 0.57, 0.55, 0.5, 0.45, 0.45, 0.42, 0.39, 0.35, 0.43, 0.5, 0.32, 0.46, 0.35, 0.43, 0.46, 0.37, 0.44, 0.33, 0.35, 0.39, 0.4, 0.39, 0.4, 0.33, 0.34, 0.41, 0.43, 0.44, 0.37, 0.49, 0.39, 0.34, 0.41, 0.44, 0.3, 0.33, 0.34, 0.37, 0.41, 0.42, 0.35, 0.37, 0.35, 0.36, 0.39, 0.41, 0.27, 0.34, 0.28, 0.35, 0.36, 0.27, 0.39, 0.31, 0.31, 0.29, 0.26, 0.2, 0.33, 0.31, 0.28, 0.14, 0.23, 0.29, 0.3, 0.24, 0.17, 0.31, 0.24, 0.31, 0.31, 0.27, 0.28, 0.24, 0.29, 0.26, 0.32, 0.22, 0.31, 0.26, 0.29, 0.24, 0.35, 0.31, 0.27], "worst": [0.45, 0.18, 0.12, 0.09, 0.08, 0.1, 0.04, 0.04, 0.01, 0.02, 0.01, 0.06, 0.05, 0.03, 0.07, 0.05, 0.04, 0.03, 0.06, 0.06, 0.08, 0.01, 0.03, 0.07, 0.03, 0.07, 0.06, 0.03, 0.0, 0.02, 0.01, 0.03, 0.06, 0.03, 0.05, 0.04, 0.04, 0.04, 0.04, 0.02, 0.04, 0.01, 0.03, 0.02, 0.07, 0.1, 0.09, 0.03, 0.06, 0.02, 0.05, 0.02, 0.02, 0.07, 0.03, 0.04, 0.02, 0.11, 0.07, 0.06, 0.04, 0.08, 0.06, 0.1, 0.03, 0.03, 0.01, 0.08, 0.03, 0.04, 0.06, 0.05, 0.07, 0.04, 0.09, 0.07, 0.1, 0.03, 0.04, 0.09, 0.07, 0.1, 0.06, 0.12, 0.07, 0.05, 0.02, 0.03, 0.04, 0.06, 0.07, 0.08, 0.11, 0.04, 0.08, 0.09, 0.06, 0.05, 0.07, 0.03, 0.07]},