{"name": "2021-06-01_08-43-41_lossweights101_5", "configs": {"pop_size": 100, "mutation_rate": 0.01, "emb_layers": ["layer_1_act", "layer_2_act"], "recomb_layers": ["layer_1_linear", "layer_2_linear", "output"], "epochs": 1, "loss_weights": [1, 0, 1]}, "results": {"fitness": {"averages": [1.2443703125, 1.1251984375, 1.0044671875000002, 0.9973203125000001, 1.0898234375, 1.0600546874999999, 0.9951890625, 0.94926875, 1.06839375, 1.0056250000000002, 0.9614203125000002, 0.9752375, 0.9878093750000001, 1.054359375, 1.0455859375, 1.0426109375000001, 1.0691703125, 1.0710765625000003, 1.0607484374999998, 1.0668093749999998, 1.0288281249999998, 1.09850625, 1.07761875, 1.04695, 1.0497234375, 1.0538640625, 1.0641359375000001, 1.0472765624999998, 1.0881718749999998, 1.0484125, 1.048984375, 1.11436875, 1.05318125, 1.08629375, 1.0880015624999997, 1.115065625, 1.182565625, 1.1744453125, 1.129065625, 1.114609375, 1.1672812499999998, 1.17588125, 1.1321812500000001, 1.20158125, 1.1536812500000002, 1.1454812500000002, 1.13198125, 1.1750812499999999, 1.15738125, 1.14688125, 1.17348125, 1.1194812499999998, 1.19578125, 1.10408125, 1.20248125, 1.15418125, 1.14418125, 1.15948125, 1.1769812499999999, 1.11318125, 1.18468125, 1.0865812499999998, 1.1433812500000002, 1.1659812500000002, 1.23048125, 1.13728125, 1.13058125, 1.1458812500000002, 1.1850812499999999, 1.2143812499999997, 1.0838812500000001, 1.13038125, 1.1642812500000002, 1.1472812500000003, 1.1286812499999999, 1.1745812500000001, 1.1696812499999998, 1.1404812500000001, 1.1684812500000001, 1.18158125, 1.1975812499999998, 1.1807812500000001, 1.2010812499999999, 1.23608125, 1.23328125, 1.22158125, 1.1993812499999998, 1.18518125, 1.1703812500000002, 1.2016812499999998, 1.17798125, 1.16658125, 1.16378125, 1.2258812499999998, 1.1950812499999999, 1.16878125, 1.23558125, 1.16198125, 1.18398125, 1.16828125, 1.11928125], "best": [1.3465625, 1.3865625000000001, 1.316875, 1.256875, 1.291875, 1.3326562499999999, 1.266875, 1.2009375, 1.336875, 1.21328125, 1.1832812499999998, 1.2232812499999999, 1.23328125, 1.2732812500000001, 1.26328125, 1.2232812499999999, 1.2732812500000001, 1.24328125, 1.24328125, 1.26328125, 1.24328125, 1.2732812500000001, 1.24328125, 1.24328125, 1.23328125, 1.2232812499999999, 1.2532812500000001, 1.2032812499999999, 1.24328125, 1.2532812500000001, 1.1832812499999998, 1.2532812500000001, 1.2032812499999999, 1.23328125, 1.21328125, 1.24328125, 1.2932812500000002, 1.2732812500000001, 1.2032812499999999, 1.26328125, 1.24328125, 1.2732812500000001, 1.24328125, 1.2732812500000001, 1.2532812500000001, 1.23328125, 1.24328125, 1.2532812500000001, 1.23328125, 1.2232812499999999, 1.28328125, 1.2032812499999999, 1.26328125, 1.1832812499999998, 1.2932812500000002, 1.2232812499999999, 1.21328125, 1.26328125, 1.28328125, 1.19328125, 1.24328125, 1.15328125, 1.2232812499999999, 1.23328125, 1.28328125, 1.24328125, 1.21328125, 1.2032812499999999, 1.2232812499999999, 1.26328125, 1.13328125, 1.24328125, 1.24328125, 1.21328125, 1.19328125, 1.23328125, 1.23328125, 1.2032812499999999, 1.21328125, 1.2232812499999999, 1.26328125, 1.24328125, 1.2532812500000001, 1.28328125, 1.2932812500000002, 1.26328125, 1.2532812500000001, 1.24328125, 1.2232812499999999, 1.26328125, 1.2532812500000001, 1.23328125, 1.23328125, 1.2732812500000001, 1.2532812500000001, 1.2232812499999999, 1.2732812500000001, 1.2032812499999999, 1.24328125, 1.2232812499999999, 1.1832812499999998], "worst": [1.03765625, 0.56640625, 0.57640625, 0.45078125, 0.70828125, 0.6815625000000001, 0.5860937500000001, 0.5215625, 0.6615625, 0.5409375, 0.5509375, 0.4809375, 0.48328125, 0.5432812499999999, 0.54140625, 0.56140625, 0.43328125, 0.70140625, 0.49328125, 0.42328125, 0.51328125, 0.7440625, 0.70640625, 0.65640625, 0.66328125, 0.7732812499999999, 0.63328125, 0.7732812499999999, 0.8340625, 0.76328125, 0.7640625, 0.76609375, 0.7440625, 0.76609375, 0.7640625, 0.7640625, 0.8640625, 0.7840625, 0.90609375, 0.83609375, 1.03328125, 1.0232812500000001, 0.97328125, 1.05328125, 0.98328125, 1.0232812500000001, 0.98328125, 1.0432812500000002, 1.05328125, 1.05328125, 0.94328125, 1.01328125, 1.09328125, 0.99328125, 1.09328125, 1.09328125, 1.01328125, 1.0432812500000002, 1.06328125, 1.03328125, 1.10328125, 1.0032812500000001, 1.06328125, 1.08328125, 1.12328125, 0.99328125, 1.05328125, 1.07328125, 1.11328125, 1.15328125, 0.99328125, 0.98328125, 1.06328125, 1.0232812500000001, 1.06328125, 1.11328125, 1.11328125, 1.06328125, 1.08328125, 1.12328125, 1.09328125, 1.09328125, 1.13328125, 1.16328125, 1.09328125, 1.15328125, 1.15328125, 1.12328125, 1.09328125, 1.12328125, 1.08328125, 1.08328125, 1.07328125, 1.14328125, 1.12328125, 1.10328125, 1.1832812499999998, 1.08328125, 1.12328125, 1.09328125, 1.05328125]}, "accuracy": {"averages": [0.7998000000000002, 0.6767999999999997, 0.5305999999999998, 0.534, 0.6333, 0.5965, 0.5314, 0.4988, 0.6323000000000001, 0.5750000000000001, 0.5331, 0.5443, 0.5482, 0.631, 0.61, 0.6139, 0.6746000000000001, 0.6701000000000001, 0.6661, 0.6846999999999999, 0.65, 0.7096000000000001, 0.6909000000000001, 0.6406999999999999, 0.6557, 0.6607, 0.6698000000000002, 0.6612999999999998, 0.6944999999999999, 0.6656, 0.665, 0.7339, 0.6823999999999999, 0.7227, 0.7213999999999997, 0.7503, 0.8203, 0.8105, 0.7693000000000001, 0.7525, 0.8039999999999999, 0.8125999999999999, 0.7689, 0.8382999999999998, 0.7904000000000002, 0.7822000000000002, 0.7687, 0.8118, 0.7940999999999998, 0.7836, 0.8102000000000003, 0.7562000000000001, 0.8325, 0.7407999999999998, 0.8392000000000001, 0.7909, 0.7809, 0.7961999999999999, 0.8136999999999999, 0.7498999999999999, 0.8214, 0.7232999999999998, 0.7801000000000002, 0.8027000000000001, 0.8672, 0.7739999999999999, 0.7673000000000001, 0.7826000000000001, 0.8218, 0.8510999999999999, 0.7206000000000001, 0.7670999999999999, 0.8009999999999999, 0.7840000000000003, 0.7654000000000001, 0.8113000000000001, 0.8063999999999999, 0.7772, 0.8052000000000001, 0.8183, 0.8342999999999998, 0.8175, 0.8378, 0.8728, 0.87, 0.8583, 0.8360999999999998, 0.8219, 0.8070999999999999, 0.8383999999999999, 0.8147, 0.8033, 0.8005, 0.8625999999999999, 0.8317999999999998, 0.8055000000000001, 0.8723000000000001, 0.7987000000000001, 0.8207000000000001, 0.805, 0.7559999999999998], "best": [0.94, 0.9, 0.89, 0.86, 0.93, 0.89, 0.86, 0.9, 0.91, 0.91, 0.86, 0.89, 0.88, 0.91, 0.92, 0.87, 0.91, 0.9, 0.9, 0.92, 0.88, 0.93, 0.88, 0.88, 0.87, 0.86, 0.89, 0.84, 0.91, 0.89, 0.82, 0.89, 0.84, 0.87, 0.85, 0.88, 0.93, 0.91, 0.84, 0.9, 0.88, 0.91, 0.88, 0.91, 0.89, 0.87, 0.88, 0.89, 0.87, 0.86, 0.92, 0.84, 0.9, 0.82, 0.93, 0.86, 0.85, 0.9, 0.92, 0.83, 0.88, 0.79, 0.86, 0.87, 0.92, 0.88, 0.85, 0.84, 0.86, 0.9, 0.77, 0.88, 0.88, 0.85, 0.83, 0.87, 0.87, 0.84, 0.85, 0.86, 0.9, 0.88, 0.89, 0.92, 0.93, 0.9, 0.89, 0.88, 0.86, 0.9, 0.89, 0.87, 0.87, 0.91, 0.89, 0.86, 0.91, 0.84, 0.88, 0.86, 0.82], "worst": [0.45, 0.11, 0.09, 0.13, 0.05, 0.02, 0.06, 0.11, 0.09, 0.08, 0.09, 0.02, 0.06, 0.11, 0.02, 0.06, 0.07, 0.08, 0.11, 0.06, 0.13, 0.08, 0.07, 0.04, 0.15, 0.18, 0.12, 0.18, 0.17, 0.1, 0.1, 0.13, 0.08, 0.13, 0.1, 0.1, 0.2, 0.12, 0.63, 0.59, 0.67, 0.66, 0.61, 0.69, 0.62, 0.66, 0.62, 0.68, 0.69, 0.69, 0.58, 0.65, 0.73, 0.63, 0.73, 0.73, 0.65, 0.68, 0.7, 0.67, 0.74, 0.64, 0.7, 0.72, 0.76, 0.63, 0.69, 0.71, 0.75, 0.79, 0.63, 0.62, 0.7, 0.66, 0.7, 0.75, 0.75, 0.7, 0.72, 0.76, 0.73, 0.73, 0.77, 0.8, 0.73, 0.79, 0.79, 0.76, 0.73, 0.76, 0.72, 0.72, 0.71, 0.78, 0.76, 0.74, 0.82, 0.72, 0.76, 0.73, 0.69]},