{"name": "2021-06-01_08-42-37_lossweights120_2", "configs": {"pop_size": 100, "mutation_rate": 0.01, "emb_layers": ["layer_1_act", "layer_2_act"], "recomb_layers": ["layer_1_linear", "layer_2_linear", "output"], "epochs": 1, "loss_weights": [1, 2, 0]}, "results": {"fitness": {"averages": [0.5358033955410868, 0.5076468521856207, 0.3159668874970234, 0.4567586356115688, 0.3901439517292616, 0.38177737846529713, 0.3513611409372125, 0.37765950833729456, 0.3713639496095292, 0.3743056062032487, 0.3311758336350761, 0.5042181264466666, 0.4059312139889345, 0.45555178790726614, 0.4962121403744026, 0.6576984496396618, 0.681325462181225, 0.7148096321931869, 0.65201921023812, 0.7413567336281873, 0.6888389769811073, 0.718945075798476, 0.7615690898741636, 0.7506624582505077, 0.7314840000253898, 0.7503866329307002, 0.6932643912190041, 0.7758855363343562, 0.7854590399937824, 0.7280387926495686, 0.7515785585353744, 0.7326466486665546, 0.6792217825471114, 0.668552503510983, 0.75565356892918, 0.7511065644845719, 0.7096008991338527, 0.7313512147087703, 0.8196804946768228, 0.7068455052210351, 0.7817179928163657, 0.7899723346885348, 0.7738024797474679, 0.7115410432188733, 0.7805478737708361, 0.7764216037449905, 0.732890835502764, 0.7392145976372126, 0.7960120747855681, 0.7501306952103726, 0.7734231302862153, 0.7409373365162172, 0.7496275976906905, 0.7594505257129321, 0.7686166019435718, 0.6795496798287249, 0.7819321660280071, 0.7364633023345329, 0.6555348218567851, 0.7650292394125735, 0.7851732527798718, 0.714389700335461, 0.7436884144879269, 0.7518931441054743, 0.8000344002707702, 0.7327755074260413, 0.7866420113923904, 0.7137272865434522, 0.6999155075061085, 0.6996655767524866, 0.7956753140660527, 0.7900490647210971, 0.7904612601372355, 0.8078193716359828, 0.7240444472258324, 0.6504601636567513, 0.7954549681846611, 0.7662101737150597, 0.7518004490543241, 0.7164635730306408, 0.7693426604948589, 0.6803301342109757, 0.7080249033052145, 0.7090478602666868, 0.7281123604910955, 0.7385310999334733, 0.7400239270860347, 0.7596516565689783, 0.6364945771254716, 0.7468182454283263, 0.744207691309031, 0.7479710048820558, 0.7423055192859667, 0.7949751226921934, 0.7545382055158462, 0.7473207497561976, 0.7163119829529155, 0.7717017375502283, 0.7886954621582082, 0.8083089240384667, 0.7623112580497416], "best": [0.8493132932890974, 0.880440106802698, 0.8575826804435012, 0.8641040319348633, 0.8217141249579275, 0.7927795252025804, 0.7898057310508071, 0.8068423694483101, 0.8422113761586493, 0.7921808138116138, 0.7932009924999046, 0.8108221423326725, 0.8241404258478743, 0.72332378188413, 0.7243795697915578, 0.8021730212284518, 0.8213845916963219, 0.8515494608595522, 0.8128847958107184, 0.8449786464862155, 0.7929682604690828, 0.8277516756004334, 0.865838943489891, 0.8642804693962789, 0.8429851437389733, 0.8212119437510257, 0.7719825135403359, 0.8497608993919856, 0.8674780242800558, 0.8113784626657, 0.8349339444566553, 0.8191403421176408, 0.7720587341385825, 0.7778347582027542, 0.8266571544472576, 0.7997004745379754, 0.7874897808602421, 0.806679457892256, 0.8792949198858138, 0.7799792160771473, 0.8444374942066828, 0.8499967640889637, 0.8220109420536184, 0.8018320891115, 0.8360028287038636, 0.8309980212260224, 0.7835275258526879, 0.8256513317158067, 0.8463839697207055, 0.8063881231490279, 0.8319004988891493, 0.8068015981791208, 0.7977289388451523, 0.8204913560287217, 0.8265615383828699, 0.7264712603936402, 0.8382929938288299, 0.8124830833501591, 0.7203571122054868, 0.8175336242958539, 0.8449900578151538, 0.7917991741366178, 0.806367029366374, 0.8066443178587039, 0.8598897589162259, 0.8109165392528679, 0.8412240169032095, 0.7626957619976201, 0.7866812886113576, 0.7648746601209666, 0.8606925513159622, 0.8545463622372078, 0.8447432725464822, 0.8592410596896791, 0.788657237807333, 0.7139250134399789, 0.8654639004774224, 0.842164922858249, 0.7933418795256788, 0.7911320970308025, 0.8224944145325439, 0.7503488283230848, 0.7724709922879921, 0.7830994711011028, 0.7888606970551788, 0.8054484458338005, 0.8181999729318588, 0.8185469196443211, 0.7261399624850827, 0.7799946678640212, 0.7909114204246463, 0.8118273881647229, 0.7839884039715332, 0.8404160902166268, 0.8340390813734676, 0.7923953479901648, 0.7813145644886036, 0.8164520641339392, 0.8380914970366942, 0.8535257629442249, 0.8247897590113572], "worst": [-0.3146031036527948, -0.5968836990699389, -1.1289948614204102, -0.6971384834796007, -0.7468842273261538, -0.9025440338332984, -0.761950876463711, -0.7359862652589355, -0.6174973076954382, -0.6958904160260765, -1.0618329906965256, -0.6573198907172944, -0.614316353129166, -0.659996824058122, -0.3827831292947994, -0.4939535383250141, -0.31868345496154593, 0.3877437044658144, 0.3644498175223728, 0.6382592394974547, 0.5440559424621432, 0.6040237839577148, 0.6176367851928644, 0.6741789300249765, 0.6269711497632184, 0.46896034472560133, 0.6143683345434966, 0.701748237826275, 0.6810910963436408, 0.5710475234262058, 0.6195334962009897, 0.5711057217647355, 0.5267152710099164, 0.458027287349631, 0.6356222117981483, 0.6696937672754962, 0.5993965518650666, 0.6586653891155329, 0.7553419651605319, 0.5688646041566594, 0.6773581274959981, 0.653084504178703, 0.7139225658830206, 0.613237842954334, 0.6178038466447234, 0.6928982432577786, 0.5563153974757923, 0.6604599378903355, 0.7418614719442866, 0.6652497268483495, 0.7033084948427737, 0.562909247157596, 0.6503172396185184, 0.6070884427722244, 0.6166966374712194, 0.5639617066010523, 0.692620507992767, 0.4387977034164136, 0.5828243354979379, 0.7116266065390957, 0.6642059785163168, 0.5472561884156308, 0.6522340817909671, 0.696833903159102, 0.7408921364181885, 0.5059230596805406, 0.6817333013119784, 0.5982596658313072, 0.5995888209800423, 0.620473632773837, 0.7226208066049562, 0.6835466664924776, 0.48854436598647943, 0.6729272693323356, 0.621008825125251, 0.5682773016498154, 0.7312531342588723, 0.6609850453187194, 0.7024993561119712, 0.6492219921375565, 0.722075940483077, 0.5116942157683532, 0.5437839927181489, 0.5633145679341659, 0.6679184729782309, 0.6591251772506818, 0.676402254689393, 0.5658008334706931, 0.313731810128025, 0.7025367230519581, 0.6460217306644123, 0.655306058517308, 0.56316592060161, 0.7477512344546614, 0.6820753119368826, 0.6783508798417682, 0.6161300310284266, 0.6886181488930377, 0.7136751528808983, 0.7387546368786411, 0.5976226886170085]}, "accuracy": {"averages": [0.7325999999999999, 0.7392, 0.6702999999999999, 0.7401000000000001, 0.7278, 0.6668999999999999, 0.6846999999999999, 0.6802000000000001, 0.6686, 0.6567999999999999, 0.7011, 0.7125, 0.7355000000000002, 0.7113, 0.75, 0.8319, 0.8672000000000001, 0.8555999999999997, 0.8242999999999999, 0.8598, 0.8428999999999998, 0.8629999999999999, 0.8937000000000004, 0.8495999999999998, 0.8594999999999999, 0.8660999999999999, 0.8678000000000001, 0.8865000000000001, 0.8768999999999998, 0.8503999999999998, 0.8621, 0.8631000000000002, 0.8306999999999999, 0.8202000000000002, 0.8810000000000001, 0.8544999999999999, 0.8319000000000001, 0.8506, 0.9137000000000001, 0.8315999999999998, 0.8991000000000001, 0.9038, 0.8713, 0.8739999999999998, 0.8891000000000001, 0.8888000000000001, 0.8391999999999997, 0.8676, 0.893, 0.8538000000000001, 0.8755, 0.8460999999999999, 0.8763, 0.8715, 0.8769999999999999, 0.8024000000000001, 0.8721, 0.8753, 0.8071, 0.9009999999999999, 0.8928, 0.8432999999999998, 0.8465999999999998, 0.8561999999999999, 0.9043000000000002, 0.8578999999999999, 0.8935000000000002, 0.8311999999999999, 0.8604999999999999, 0.8283999999999999, 0.8916, 0.9043000000000002, 0.8887000000000002, 0.8918000000000003, 0.8434999999999999, 0.7781000000000001, 0.922, 0.8959999999999999, 0.8617999999999999, 0.8449000000000001, 0.894, 0.8354, 0.8394000000000001, 0.8295, 0.8533, 0.8636999999999999, 0.8797999999999999, 0.8944000000000001, 0.8171, 0.8655000000000002, 0.861, 0.8632, 0.8662000000000001, 0.8907, 0.8555000000000001, 0.8456999999999998, 0.8458999999999999, 0.8492999999999999, 0.8916000000000001, 0.9031, 0.8898000000000001],