{"name": "2021-06-01_08-54-04_lossweights120_5", "configs": {"pop_size": 100, "mutation_rate": 0.01, "emb_layers": ["layer_1_act", "layer_2_act"], "recomb_layers": ["layer_1_linear", "layer_2_linear", "output"], "epochs": 1, "loss_weights": [1, 2, 0]}, "results": {"fitness": {"averages": [0.6043222600055397, 0.34677993492551495, 0.2504684936188086, 0.22080119760878333, 0.20750347161657479, 0.07993901191085002, 0.1311715451125357, 0.39853812849087944, 0.24409673531777284, 0.2810476520866134, 0.23757808942642478, 0.23620006893129908, 0.2612993941804353, 0.2720874892102594, 0.18925648281621807, 0.3372281599579878, 0.22123270493768707, 0.35324106003047967, 0.34369086302557206, 0.5248611930756166, 0.41823913153022313, 0.4156086583672583, 0.5505170032439696, 0.5234189780210949, 0.5478481334518746, 0.4117690068415439, 0.4270156218704066, 0.5224212455700936, 0.5306005840908787, 0.6008071124342405, 0.6997433212434493, 0.5257893895234066, 0.6242048319112588, 0.5896279825078653, 0.5520371760445597, 0.522548287016572, 0.670466456468845, 0.6136276913039831, 0.6242170022005493, 0.624968716968191, 0.6504571028079777, 0.6178668224277916, 0.5792520493401753, 0.6665269385073497, 0.6498371738290436, 0.6599004796147412, 0.5196858622927177, 0.7488421879828522, 0.6707708585732732, 0.7377724245135612, 0.5906024464845753, 0.6935328787955909, 0.6419507179394438, 0.7302328376540845, 0.6900830624799916, 0.6197431845180207, 0.7204032387781367, 0.6469940876536646, 0.6618998420879996, 0.7236689405572605, 0.6875124529573635, 0.6117445960322202, 0.6204259055701279, 0.6527097934630811, 0.6672974972493771, 0.6733695532940283, 0.7181453965476697, 0.6990276249851207, 0.7594239011903825, 0.6242175356269346, 0.6549663007404481, 0.7421061651735867, 0.6269061949630799, 0.6947871186797794, 0.6290540086444314, 0.6680205040727928, 0.6567463706841085, 0.752437448422514, 0.6856524935125858, 0.6333303973669991, 0.6461132082707727, 0.659183527516446, 0.7501388137077949, 0.6014069638240899, 0.6544202566554563, 0.7331681152287337, 0.713900161995643, 0.6963677640817495, 0.7533550782761567, 0.6226866219485676, 0.7081883019876847, 0.6982704657416714, 0.6681774752720523, 0.6891717610306688, 0.7156506023553039, 0.6800691327003752, 0.6057812828181414, 0.7167191621410594, 0.6540360048667101, 0.6326764744860288, 0.7403149283698266], "best": [0.8717751049783767, 0.8756808225669714, 0.8708728035798831, 0.8711338105876589, 0.8339039408229165, 0.7463141461714256, 0.7361737631932969, 0.819683200359844, 0.6830187871796729, 0.7221273954890323, 0.722682764281673, 0.71764646843655, 0.6862846182681059, 0.6369888373769037, 0.6747012219216191, 0.7070594206986562, 0.681697003102252, 0.723195469548287, 0.6335163302092087, 0.8543583673158899, 0.6916913241413045, 0.6895973315115151, 0.7757673463355682, 0.6993045357554042, 0.7452855358665558, 0.6006516260200171, 0.6468283102746388, 0.7122464196322773, 0.7001282739427619, 0.756947860176053, 0.8381356604958117, 0.7107167802582761, 0.7572355328045861, 0.7358930465249292, 0.6710418106647196, 0.6826161850212213, 0.793208717174192, 0.7190918632256066, 0.7320017842610812, 0.7260065836441425, 0.7274161011583842, 0.7139200490857076, 0.7253454366176877, 0.7492982736531979, 0.7141150826863287, 0.7257918967401208, 0.6180829923047324, 0.8117423507109822, 0.7435974479636891, 0.8055059141018253, 0.6516956473386974, 0.7785750414446198, 0.707292717262463, 0.8100333700862195, 0.7498729280479559, 0.7008994634619725, 0.7782988696715326, 0.7226396140522924, 0.7380894852247787, 0.789001300324607, 0.7457747675180301, 0.6856456443456328, 0.7059575641067535, 0.7353583362770997, 0.7295720806098552, 0.7395691411216655, 0.7601611558068821, 0.7921514210677975, 0.8320338486808628, 0.6895643837153115, 0.723311783356439, 0.7884366002510377, 0.6986183638334943, 0.7640337506566943, 0.6851185135284028, 0.7268651002184583, 0.7095791640548834, 0.7917993550065975, 0.7505062797724962, 0.7468162198599311, 0.6983217751769432, 0.7170938903084487, 0.8013754830016568, 0.6622846696427066, 0.7235117535807599, 0.7788196354719661, 0.7525757147556511, 0.7684091550373257, 0.7888244855806905, 0.7317403680371436, 0.7657631820580852, 0.7494417817193014, 0.7287985548270974, 0.731601634421661, 0.75246492007995, 0.7205043129021427, 0.654079791547758, 0.7599432236959407, 0.7209291903806336, 0.6795791118249428, 0.7898635105434684], "worst": [-0.17228668695449567, -0.9974874487693949, -0.8904615162517366, -0.762728042305742, -0.9916833974175435, -1.3277897954573694, -1.1671936370029694, -0.9717722903441455, -0.9495719880136004, -0.9950902845137201, -0.7514508845447422, -0.6976878147220857, -0.6610241687969712, -0.6653190215599245, -0.5701435317342187, -0.4967145158143238, -0.8138626724297393, -0.7275613733795265, -0.4148702640757874, -0.687956835656085, -0.3935016622743745, -0.22632652914906032, -0.29220861339841286, -0.32559419416703256, 0.13562438071578403, -0.0878220774002369, -0.186307083977315, -0.11024728350405483, 0.010658835348897111, 0.23248715199793113, 0.34544700820232793, 0.1250670730471542, 0.3858119300301546, 0.34698177104575023, 0.32632665003881633, 0.17901151892793699, 0.29609039731845144, 0.439001934145415, 0.3823484388842534, 0.4449047715797887, 0.5055837197150392, 0.4813777678669413, 0.36354740662139007, 0.5398560845858478, 0.5654986471149823, 0.5650190816105657, 0.378705908851962, 0.5774860043730166, 0.38469654986313473, 0.5838237066270107, 0.4446243991308727, 0.47866065207422615, 0.5594180740436117, 0.6028598716652764, 0.6020118779619386, 0.526942667187947, 0.6447421105855238, 0.534331039154391, 0.5370577796248447, 0.6256011892654301, 0.5683124886148093, 0.4876920050645767, 0.48455669736003265, 0.5293185750446594, 0.5853123828808313, 0.578676439822644, 0.6400582264167552, 0.6234910543205274, 0.6800954652897612, 0.5261455834633487, 0.5762438497080211, 0.629146023635291, 0.5690771286019816, 0.6276465586982332, 0.516917241734391, 0.5832451146858388, 0.5741582790160726, 0.7017588525750607, 0.6054775742064383, 0.5197954691670919, 0.5871497882532017, 0.5874989117844776, 0.6595898677954576, 0.4936836613085935, 0.4826560315047163, 0.6670287453544275, 0.6539897902330758, 0.5175191467702761, 0.6837400458249507, 0.47084105325598336, 0.5268194575582937, 0.6318115090207777, 0.44331863906421287, 0.6472361019595793, 0.6772994375241701, 0.6347540466380578, 0.5064078055424356, 0.6586670065293143, 0.5788782772229856, 0.5535323596224011, 0.6562052851733824]},